<?xml version="1.0" encoding="UTF-8"?>
<root>
<header>
<header>업소명</header>
<header>소재지_도로명_</header>
<header>소재지전화번호</header>
<header>주된음식</header>
</header>
<Row>
<업소명>신세계회관Ⅰ</업소명>
<소재지_도로명_>인천광역시 남구 연남로 35 (관교동)</소재지_도로명_>
<소재지전화번호>032) 438 - 2188</소재지전화번호>
<주된음식>뷔페식</주된음식>
</Row>
<Row>
<업소명>신세계회관Ⅱ</업소명>
<소재지_도로명_>인천광역시 남구 연남로 35 (관교동)</소재지_도로명_>
<소재지전화번호>032) 425 - 5000</소재지전화번호>
<주된음식>뷔페식</주된음식>
</Row>
<Row>
<업소명>(주)신세계 인천점</업소명>
<소재지_도로명_>"인천광역시 남구 연남로 35 (관교동, 신세계백화점 5층)"</소재지_도로명_>
<소재지전화번호>032) 430 - 1195</소재지전화번호>
<주된음식>집단급식</주된음식>
</Row>
<Row>
<업소명>라화</업소명>
<소재지_도로명_>"인천광역시 남구 연남로 35 (관교동,신세계백화점 6층 전문식당가)"</소재지_도로명_>
<소재지전화번호>032) 425 - 0860</소재지전화번호>
<주된음식>자장면</주된음식>
</Row>
<Row>
<업소명>하리에</업소명>
<소재지_도로명_>"인천광역시 남구 연남로 35 (관교동,신세계인천점 6층 전문식당가)"</소재지_도로명_>
<소재지전화번호>032) 430 - 1247</소재지전화번호>
<주된음식>활어회</주된음식>
</Row>
<Row>
<업소명>어가</업소명>
<소재지_도로명_>"인천광역시 남구 석바위로 37, 2,3층 (도화동)"</소재지_도로명_>
<소재지전화번호>032) 875 - 1300</소재지전화번호>
<주된음식>참치회</주된음식>
</Row>
<Row>
<업소명>용인식당</업소명>
<소재지_도로명_>인천광역시 남구 경인로305번길 5 (도화동)</소재지_도로명_>
<소재지전화번호>032) 866 - 9045</소재지전화번호>
<주된음식>생태탕</주된음식>
</Row>
<Row>
<업소명>신포횟집</업소명>
<소재지_도로명_>인천광역시 남구 제일로 31 (도화동)</소재지_도로명_>
<소재지전화번호>032) 867 - 4286</소재지전화번호>
<주된음식>생선회</주된음식>
</Row>
<Row>
<업소명>사조참치</업소명>
<소재지_도로명_>인천광역시 남구 제일로 43-1 (도화동)</소재지_도로명_>
<소재지전화번호>032) 862 - 0090</소재지전화번호>
<주된음식>광어회</주된음식>
</Row>
<Row>
<업소명>풍전식당</업소명>
<소재지_도로명_>인천광역시 남구 제일로 41 (도화동)</소재지_도로명_>
<소재지전화번호>032) 866 - 8710</소재지전화번호>
<주된음식>해장국</주된음식>
</Row>
<Row>
<업소명>병천박가네순대</업소명>
<소재지_도로명_>인천광역시 남구 한나루로586번길 41 (도화동)</소재지_도로명_>
<소재지전화번호>032) 875 - 0369</소재지전화번호>
<주된음식>아구찜</주된음식>
</Row>
<Row>
<업소명>원주추어탕</업소명>
<소재지_도로명_>인천광역시 남구 장고개로 79 (도화동)</소재지_도로명_>
<소재지전화번호>032) 864 - 2360</소재지전화번호>
<주된음식>추어탕</주된음식>
</Row>
<Row>
<업소명>동막골감자탕</업소명>
<소재지_도로명_>"인천광역시 남구 경인로 221 (도화동,(204호))"</소재지_도로명_>
<소재지전화번호>032) 863 - 0003</소재지전화번호>
<주된음식>뼈해장국</주된음식>
</Row>
<Row>
<업소명>조박사한우마을</업소명>
<소재지_도로명_>인천광역시 남구 봉수대로 17 (도화동)</소재지_도로명_>
<소재지전화번호>032) 766 - 1320</소재지전화번호>
<주된음식>버섯생불고기</주된음식>
</Row>
<Row>
<업소명>권가네전주비빔밥</업소명>
<소재지_도로명_>인천광역시 남구 문학길 9-37 (문학동)</소재지_도로명_>
<소재지전화번호>032) 431 - 2973</소재지전화번호>
<주된음식>비빔밥</주된음식>
</Row>
<Row>
<업소명>가마솥손두부</업소명>
<소재지_도로명_>인천광역시 남구 문학길 9-37 (문학동)</소재지_도로명_>
<소재지전화번호>032) 426 - 7270</소재지전화번호>
<주된음식>두부보쌈</주된음식>
</Row>
<Row>
<업소명>최김질께</업소명>
<소재지_도로명_>인천광역시 남구 매소홀로546번길 7-47 (문학동)</소재지_도로명_>
<소재지전화번호>032) 424 - 1218</소재지전화번호>
<주된음식>주먹고기</주된음식>
</Row>
<Row>
<업소명>돈통 마늘보쌈(문학점)</업소명>
<소재지_도로명_>인천광역시 남구 매소홀로562번길 5-44 (문학동)</소재지_도로명_>
<소재지전화번호>032) 426  - 0155</소재지전화번호>
<주된음식>보쌈</주된음식>
</Row>
<Row>
<업소명>명품삼계탕</업소명>
<소재지_도로명_>인천광역시 남구 독정이로 112 (숭의동)</소재지_도로명_>
<소재지전화번호>032) 889 - 0234</소재지전화번호>
<주된음식>삼계탕</주된음식>
</Row>
<Row>
<업소명>숭의골돌솥추어탕</업소명>
<소재지_도로명_>인천광역시 남구 경인로41번길 27 (숭의동)</소재지_도로명_>
<소재지전화번호>032) 885 - 4639</소재지전화번호>
<주된음식>추어탕</주된음식>
</Row>
<Row>
<업소명>논골고기촌</업소명>
<소재지_도로명_>"인천광역시 남구 미추로 42 (숭의동,(1층))"</소재지_도로명_>
<소재지전화번호>032) 882 - 1609</소재지전화번호>
<주된음식>해장국</주된음식>
</Row>
<Row>
<업소명>춘천막국수</업소명>
<소재지_도로명_>인천광역시 남구 독배로498번길 14 (숭의동)</소재지_도로명_>
<소재지전화번호>032) 882 - 1619</소재지전화번호>
<주된음식>막국수</주된음식>
</Row>
<Row>
<업소명>봉평산마을메밀촌</업소명>
<소재지_도로명_>인천광역시 남구 미추로 37 (숭의동)</소재지_도로명_>
<소재지전화번호>032) 886 - 9837</소재지전화번호>
<주된음식>메밀국수</주된음식>
</Row>
<Row>
<업소명>선어</업소명>
<소재지_도로명_>인천광역시 남구 미추로27번길 18-20 (숭의동)</소재지_도로명_>
<소재지전화번호>032) 885 - 8131</소재지전화번호>
<주된음식>생선회</주된음식>
</Row>
<Row>
<업소명>처형식당</업소명>
<소재지_도로명_>인천광역시 남구 독배로492번길 32 (숭의동)</소재지_도로명_>
<소재지전화번호>032) 886 - 8432</소재지전화번호>
<주된음식>갈치조림</주된음식>
</Row>
<Row>
<업소명>새우물식당</업소명>
<소재지_도로명_>인천광역시 남구 미추로19번길 14 (숭의동)</소재지_도로명_>
<소재지전화번호>032) 886 - 5239</소재지전화번호>
<주된음식>해장국</주된음식>
</Row>
<Row>
<업소명>쭈돈나라</업소명>
<소재지_도로명_>인천광역시 남구 독배로 462 (숭의동)</소재지_도로명_>
<소재지전화번호>032) 888 - 7136</소재지전화번호>
<주된음식>쭈꾸미샤브샤브</주된음식>
</Row>
<Row>
<업소명>숭의쌈밥</업소명>
<소재지_도로명_>인천광역시 남구 독배로462번길 30 (숭의동)</소재지_도로명_>
<소재지전화번호>032) 885 - 8603</소재지전화번호>
<주된음식>쌈밥</주된음식>
</Row>
<Row>
<업소명>부영선지국</업소명>
<소재지_도로명_>인천광역시 남구 장천로14번길 20 (숭의동)</소재지_도로명_>
<소재지전화번호>032) 884 - 5981</소재지전화번호>
<주된음식>"해장국,수육"</주된음식>
</Row>
<Row>
<업소명>함흥관본관</업소명>
<소재지_도로명_>"인천광역시 남구 인중로 1, 1~3층 (숭의동)"</소재지_도로명_>
<소재지전화번호>032) 889 - 4004</소재지전화번호>
<주된음식>"영양갈비탕,왕갈비"</주된음식>
</Row>
<Row>
<업소명>청초수 물회. 섭국(인천점)</업소명>
<소재지_도로명_>"인천광역시 남구 석정로 19 (숭의동,1,2,3층)"</소재지_도로명_>
<소재지전화번호>032) 889 - 4004</소재지전화번호>
<주된음식>"물회, 섭국"</주된음식>
</Row>
<Row>
<업소명>아레나파크컨벤션웨딩부페</업소명>
<소재지_도로명_>"인천광역시 남구 석정로 51, 인천축국전용경기장 가동 (숭의동)"</소재지_도로명_>
<소재지전화번호>032) 881 - 5000</소재지전화번호>
<주된음식>부페</주된음식>
</Row>
<Row>
<업소명>진천토종순대</업소명>
<소재지_도로명_>인천광역시 남구 능해길 33 (숭의동)</소재지_도로명_>
<소재지전화번호>032) 881 - 5525</소재지전화번호>
<주된음식>생삼겹살</주된음식>
</Row>
<Row>
<업소명>만리성</업소명>
<소재지_도로명_>"인천광역시 남구 아암대로 5 (숭의동,(1,2층))"</소재지_도로명_>
<소재지전화번호>032) 885 - 9454</소재지전화번호>
<주된음식>자장면</주된음식>
</Row>
<Row>
<업소명>수봉농원</업소명>
<소재지_도로명_>인천광역시 남구 수봉안길 62 (숭의동)</소재지_도로명_>
<소재지전화번호>032) 868 - 0059</소재지전화번호>
<주된음식>오리로스</주된음식>
</Row>
<Row>
<업소명>인하찹쌀순대</업소명>
<소재지_도로명_>인천광역시 남구 수봉로 95 (숭의동)</소재지_도로명_>
<소재지전화번호>032) 867 - 6880</소재지전화번호>
<주된음식>순대국밥</주된음식>
</Row>
<Row>
<업소명>소울림(林)소고기국밥</업소명>
<소재지_도로명_>인천광역시 남구 인주대로237번길 27 (용현동)</소재지_도로명_>
<소재지전화번호>032) 875 - 7338</소재지전화번호>
<주된음식>"보쌈, 족발"</주된음식>
</Row>
<Row>
<업소명>까사올리브</업소명>
<소재지_도로명_>"인천광역시 남구 인하로47번길 5 (용현동,1,2층)"</소재지_도로명_>
<소재지전화번호>032) 867 - 0733</소재지전화번호>
<주된음식>피자</주된음식>
</Row>
<Row>
<업소명>평산옥</업소명>
<소재지_도로명_>"인천광역시 남구 인하로67번길 5-9 (용현동,,31)"</소재지_도로명_>
<소재지전화번호>032) 876 - 0177</소재지전화번호>
<주된음식>돼지갈비</주된음식>
</Row>
<Row>
<업소명>동원물텀벙</업소명>
<소재지_도로명_>인천광역시 남구 독배로 405 (용현동)</소재지_도로명_>
<소재지전화번호>032) 886 - 9595</소재지전화번호>
<주된음식>"아구탕,찜"</주된음식>
</Row>
<Row>
<업소명>성진물텀벙이</업소명>
<소재지_도로명_>"인천광역시 남구 독배로403번길 10 (용현동,2,3층)"</소재지_도로명_>
<소재지전화번호>032) 883 - 1771</소재지전화번호>
<주된음식>"아구찜,탕"</주된음식>
</Row>
<Row>
<업소명>경희물텀벙해물탕</업소명>
<소재지_도로명_>인천광역시 남구 독배로403번길 21 (용현동)</소재지_도로명_>
<소재지전화번호>032) 887 - 8979</소재지전화번호>
<주된음식>"아구탕,찜"</주된음식>
</Row>
<Row>
<업소명>본가물텀벙</업소명>
<소재지_도로명_>인천광역시 남구 독배로 401 (용현동)</소재지_도로명_>
<소재지전화번호>032) 884 - 0900</소재지전화번호>
<주된음식>"아구탕,찜"</주된음식>
</Row>
<Row>
<업소명>이천쌀밥 설악추어탕</업소명>
<소재지_도로명_>인천광역시 남구 낙섬중로 114 (용현동)</소재지_도로명_>
<소재지전화번호>032) 881 - 2266</소재지전화번호>
<주된음식>추어탕</주된음식>
</Row>
<Row>
<업소명>흥부네</업소명>
<소재지_도로명_>인천광역시 남구 낙섬서로42번길 3 (용현동)</소재지_도로명_>
<소재지전화번호>032) 886 - 6456</소재지전화번호>
<주된음식>생선구이</주된음식>
</Row>
<Row>
<업소명>백종원의 원조쌈밥집</업소명>
<소재지_도로명_>인천광역시 남구 토금남로 29 (용현동)</소재지_도로명_>
<소재지전화번호>032) 881 - 0092</소재지전화번호>
<주된음식>쌈밥</주된음식>
</Row>
<Row>
<업소명>남양참치</업소명>
<소재지_도로명_>"인천광역시 남구 낙섬서로 12 (용현동,외1필지)"</소재지_도로명_>
<소재지전화번호>032) 882 - 3737</소재지전화번호>
<주된음식>참치회</주된음식>
</Row>
<Row>
<업소명>육봉달</업소명>
<소재지_도로명_>인천광역시 남구 매소홀로 81-1 (용현동)</소재지_도로명_>
<소재지전화번호>032) 885 - 5009</소재지전화번호>
<주된음식>해물탕</주된음식>
</Row>
<Row>
<업소명>한우돈</업소명>
<소재지_도로명_>"인천광역시 남구 매소홀로 45, 2층 (용현동)"</소재지_도로명_>
<소재지전화번호>032) 885 - 4411</소재지전화번호>
<주된음식>돼지갈비</주된음식>
</Row>
<Row>
<업소명>힘센장어구이</업소명>
<소재지_도로명_>인천광역시 남구 아암대로 97 (용현동)</소재지_도로명_>
<소재지전화번호>032) 883 - 6700</소재지전화번호>
<주된음식>아구찜</주된음식>
</Row>
<Row>
<업소명>토지장어구이식당</업소명>
<소재지_도로명_>인천광역시 남구 토금남로 2 (용현동)</소재지_도로명_>
<소재지전화번호>032) 887 - 6575</소재지전화번호>
<주된음식>장어구이</주된음식>
</Row>
<Row>
<업소명>착한장어</업소명>
<소재지_도로명_>인천광역시 남구 아암대로 109 (용현동)</소재지_도로명_>
<소재지전화번호>032) 886 - 8995</소재지전화번호>
<주된음식>뼈다귀감자탕</주된음식>
</Row>
<Row>
<업소명>육곳간</업소명>
<소재지_도로명_>"인천광역시 남구 토금남로 10 (용현동,(1층))"</소재지_도로명_>
<소재지전화번호>032) 888 - 2030</소재지전화번호>
<주된음식>돼지갈비</주된음식>
</Row>
<Row>
<업소명>인사동보릿골</업소명>
<소재지_도로명_>"인천광역시 남구 토금남로4번길 5-40 (용현동,(2층))"</소재지_도로명_>
<소재지전화번호>032) 884 - 5335</소재지전화번호>
<주된음식>보리밥</주된음식>
</Row>
<Row>
<업소명>논골집(주안점)</업소명>
<소재지_도로명_>인천광역시 남구 경인로435번길 11 (주안동)</소재지_도로명_>
<소재지전화번호>032) 431 - 7892</소재지전화번호>
<주된음식>갈비살</주된음식>
</Row>
<Row>
<업소명>석미식당</업소명>
<소재지_도로명_>인천광역시 남구 경인로425번길 14 (주안동)</소재지_도로명_>
<소재지전화번호>032) 421 - 0061</소재지전화번호>
<주된음식>활어회</주된음식>
</Row>
<Row>
<업소명>라벨르 웨딩하우스</업소명>
<소재지_도로명_>인천광역시 남구 주안로 122 (주안동)</소재지_도로명_>
<소재지전화번호>032) 433 - 6171</소재지전화번호>
<주된음식>뷔페식</주된음식>
</Row>
<Row>
<업소명>주안청주보쌈</업소명>
<소재지_도로명_>"인천광역시 남구 주안중로50번길 27-7, 1~2층 (주안동)"</소재지_도로명_>
<소재지전화번호>032) 433 - 7632</소재지전화번호>
<주된음식>보쌈</주된음식>
</Row>
<Row>
<업소명>청송시골감자탕</업소명>
<소재지_도로명_>인천광역시 남구 인하로298번길 55 (주안동)</소재지_도로명_>
<소재지전화번호>032) 425 - 9252</소재지전화번호>
<주된음식>한방감자탕</주된음식>
</Row>
<Row>
<업소명>(주)드림팰리스 뷔페</업소명>
<소재지_도로명_>"인천광역시 남구 주안로 103-18, 10층 (주안동)"</소재지_도로명_>
<소재지전화번호>032) 437 - 9999</소재지전화번호>
<주된음식>뷔페식</주된음식>
</Row>
<Row>
<업소명>조가네정육식당</업소명>
<소재지_도로명_>인천광역시 남구 주안로 107 (주안동)</소재지_도로명_>
<소재지전화번호>032) 434 - 4330</소재지전화번호>
<주된음식>한우</주된음식>
</Row>
<Row>
<업소명>굴이랑매생이랑</업소명>
<소재지_도로명_>"인천광역시 남구 미추홀대로 526 (주안동,(1,2층))"</소재지_도로명_>
<소재지전화번호>032) 422 - 6111</소재지전화번호>
<주된음식>굴해장국</주된음식>
</Row>
<Row>
<업소명>지송아구탕</업소명>
<소재지_도로명_>인천광역시 남구 미추홀대로 539 (주안동)</소재지_도로명_>
<소재지전화번호>032) 862 - 6900</소재지전화번호>
<주된음식>"아구탕,찜"</주된음식>
</Row>
<Row>
<업소명>원할머니보쌈인천주안점</업소명>
<소재지_도로명_>인천광역시 남구 인하로266번길 3 (주안동)</소재지_도로명_>
<소재지전화번호>032) 865 - 5353</소재지전화번호>
<주된음식>보쌈</주된음식>
</Row>
<Row>
<업소명>뷔페리가</업소명>
<소재지_도로명_>인천광역시 남구 주안로 116 (주안동)</소재지_도로명_>
<소재지전화번호>032) 429 - 3222</소재지전화번호>
<주된음식>뷔페</주된음식>
</Row>
<Row>
<업소명>청석골화로숯불구이</업소명>
<소재지_도로명_>인천광역시 남구 인하로262번길 9 (주안동)</소재지_도로명_>
<소재지전화번호>032) 865 - 7877</소재지전화번호>
<주된음식>돼지갈비</주된음식>
</Row>
<Row>
<업소명>홍콩반점 0410</업소명>
<소재지_도로명_>인천광역시 남구 미추홀대로734번길 17 (주안동)</소재지_도로명_>
<소재지전화번호>032) 433 - 7853</소재지전화번호>
<주된음식>보쌈</주된음식>
</Row>
<Row>
<업소명>새마을식당</업소명>
<소재지_도로명_>인천광역시 남구 주안로104번길 12 (주안동)</소재지_도로명_>
<소재지전화번호>032) 426 - 3400</소재지전화번호>
<주된음식>김치찌개</주된음식>
</Row>
<Row>
<업소명>놀부보쌈</업소명>
<소재지_도로명_>인천광역시 남구 미추홀대로734번길 6 (주안동)</소재지_도로명_>
<소재지전화번호>032) 423 - 4455</소재지전화번호>
<주된음식>보쌈</주된음식>
</Row>
<Row>
<업소명>산골감자탕</업소명>
<소재지_도로명_>인천광역시 남구 인하로 253 (주안동)</소재지_도로명_>
<소재지전화번호>032) 861 - 7896</소재지전화번호>
<주된음식>감자탕</주된음식>
</Row>
<Row>
<업소명>신한우왕국</업소명>
<소재지_도로명_>인천광역시 남구 인주대로 355 (주안동)</소재지_도로명_>
<소재지전화번호>032) 873 - 1237</소재지전화번호>
<주된음식>활어회</주된음식>
</Row>
<Row>
<업소명>우마루</업소명>
<소재지_도로명_>인천광역시 남구 인주대로 379-1 (주안동)</소재지_도로명_>
<소재지전화번호>032) 864 - 1244</소재지전화번호>
<주된음식>차돌박이샤브샤브</주된음식>
</Row>
<Row>
<업소명>소양강민물장어</업소명>
<소재지_도로명_>인천광역시 남구 미추홀대로 609 (주안동)</소재지_도로명_>
<소재지전화번호>032) 868 - 4477</소재지전화번호>
<주된음식>장어구이</주된음식>
</Row>
<Row>
<업소명>닭이봉춘천닭갈비</업소명>
<소재지_도로명_>인천광역시 남구 인하로 289 (주안동)</소재지_도로명_>
<소재지전화번호>032) 425 - 5707</소재지전화번호>
<주된음식>닭갈비</주된음식>
</Row>
<Row>
<업소명>고려한방삼계탕</업소명>
<소재지_도로명_>"인천광역시 남구 인주대로 404 (주안동,,16,13)"</소재지_도로명_>
<소재지전화번호>032) 431 - 1133</소재지전화번호>
<주된음식>삼계탕</주된음식>
</Row>
<Row>
<업소명>무한버섯나라</업소명>
<소재지_도로명_>"인천광역시 남구 인주대로434번길 6, 2층 (주안동)"</소재지_도로명_>
<소재지전화번호>032) 428 - 9666</소재지전화번호>
<주된음식>돼지갈비</주된음식>
</Row>
<Row>
<업소명>정은주쭈꾸미</업소명>
<소재지_도로명_>인천광역시 남구 주안중로 39 (주안동)</소재지_도로명_>
<소재지전화번호>032) 433 - 6924</소재지전화번호>
<주된음식>쭈꾸미볶음</주된음식>
</Row>
<Row>
<업소명>이필배 진짜루 명태촌</업소명>
<소재지_도로명_>인천광역시 남구 인하로339번길 3 (주안동)</소재지_도로명_>
<소재지전화번호>032) 215 - 4874</소재지전화번호>
<주된음식>명태조림</주된음식>
</Row>
<Row>
<업소명>한우마을</업소명>
<소재지_도로명_>인천광역시 남구 인주대로 448 (주안동)</소재지_도로명_>
<소재지전화번호>032) 423 - 8074</소재지전화번호>
<주된음식>돼지갈비</주된음식>
</Row>
<Row>
<업소명>서울뷔페숯불갈비</업소명>
<소재지_도로명_>"인천광역시 남구 경원대로 740 (주안동,,20102호)"</소재지_도로명_>
<소재지전화번호>032) 439 - 4342</소재지전화번호>
<주된음식>부페</주된음식>
</Row>
<Row>
<업소명>명가갈비</업소명>
<소재지_도로명_>"인천광역시 남구 주안중로 25 (주안동,103호)"</소재지_도로명_>
<소재지전화번호>032) 420 - 1255</소재지전화번호>
<주된음식>숯불갈비</주된음식>
</Row>
<Row>
<업소명>영갈비</업소명>
<소재지_도로명_>인천광역시 남구 석바위로74번길 5-1 (주안동)</소재지_도로명_>
<소재지전화번호>032) 431 - 2214</소재지전화번호>
<주된음식>돼지갈비</주된음식>
</Row>
<Row>
<업소명>길정생고기</업소명>
<소재지_도로명_>인천광역시 남구 석바위로80번길 12 (주안동)</소재지_도로명_>
<소재지전화번호>032) 438 - 2626</소재지전화번호>
<주된음식>갈치조림</주된음식>
</Row>
<Row>
<업소명>칭칭차이나</업소명>
<소재지_도로명_>"인천광역시 남구 석바위로 68 (주안동,(105,106,107,108호))"</소재지_도로명_>
<소재지전화번호>032) 427 - 4444</소재지전화번호>
<주된음식>"자장면, 짬뽕"</주된음식>
</Row>
<Row>
<업소명>우정쌈밥</업소명>
<소재지_도로명_>"인천광역시 남구 주안중로9번길 30, 1,2층 (주안동)"</소재지_도로명_>
<소재지전화번호>032) 428 - 3999</소재지전화번호>
<주된음식>굴영양밥</주된음식>
</Row>
<Row>
<업소명>본전삼계탕</업소명>
<소재지_도로명_>인천광역시 남구 미추홀대로698번길 36 (주안동)</소재지_도로명_>
<소재지전화번호>032) 428 - 0554</소재지전화번호>
<주된음식>삼계탕</주된음식>
</Row>
<Row>
<업소명>가평보리밥집</업소명>
<소재지_도로명_>인천광역시 남구 주안중로 1 (주안동)</소재지_도로명_>
<소재지전화번호>032) 433 - 3345</소재지전화번호>
<주된음식>벤댕이회무침</주된음식>
</Row>
<Row>
<업소명>주안삼계탕</업소명>
<소재지_도로명_>인천광역시 남구 미추홀대로 688 (주안동)</소재지_도로명_>
<소재지전화번호>032) 441 - 6161</소재지전화번호>
<주된음식>삼계탕</주된음식>
</Row>
<Row>
<업소명>서문삼계탕</업소명>
<소재지_도로명_>인천광역시 남구 미추홀대로 690 (주안동)</소재지_도로명_>
<소재지전화번호>032) 425 - 3300</소재지전화번호>
<주된음식>삼계탕</주된음식>
</Row>
<Row>
<업소명>청실홍실</업소명>
<소재지_도로명_>인천광역시 남구 미추홀대로 697 (주안동)</소재지_도로명_>
<소재지전화번호>032) 876 - 5868</소재지전화번호>
<주된음식>모밀국수</주된음식>
</Row>
<Row>
<업소명>용동손칼국수식당</업소명>
<소재지_도로명_>인천광역시 남구 경인로325번길 22-24 (주안동)</소재지_도로명_>
<소재지전화번호>032) 864 - 9396</소재지전화번호>
<주된음식>손칼국수</주된음식>
</Row>
<Row>
<업소명>삼원일식</업소명>
<소재지_도로명_>인천광역시 남구 경인로325번길 14 (주안동)</소재지_도로명_>
<소재지전화번호>032) 867 - 7364</소재지전화번호>
<주된음식>생선회</주된음식>
</Row>
<Row>
<업소명>허벌난횟집</업소명>
<소재지_도로명_>인천광역시 남구 미추홀대로 701 (주안동)</소재지_도로명_>
<소재지전화번호>032) 872 - 8858</소재지전화번호>
<주된음식>모듬회</주된음식>
</Row>
<Row>
<업소명>대박집</업소명>
<소재지_도로명_>"인천광역시 남구 미추홀대로 707 (주안동,1층)"</소재지_도로명_>
<소재지전화번호>032) 861 - 4147</소재지전화번호>
<주된음식>삼겹살</주된음식>
</Row>
<Row>
<업소명>가원</업소명>
<소재지_도로명_>인천광역시 남구 석바위로 57 (주안동)</소재지_도로명_>
<소재지전화번호>032) 862 - 7044</소재지전화번호>
<주된음식>돌솥정식</주된음식>
</Row>
<Row>
<업소명>송원</업소명>
<소재지_도로명_>인천광역시 남구 미추홀대로719번길 28 (주안동)</소재지_도로명_>
<소재지전화번호>032) 872 - 2000</소재지전화번호>
<주된음식>오리요리</주된음식>
</Row>
<Row>
<업소명>독도참치</업소명>
<소재지_도로명_>인천광역시 남구 미추홀대로 731 (주안동)</소재지_도로명_>
<소재지전화번호>032) 874 - 2203</소재지전화번호>
<주된음식>참치회</주된음식>
</Row>
<Row>
<업소명>형제숯불구이</업소명>
<소재지_도로명_>인천광역시 남구 미추홀대로 723 (주안동)</소재지_도로명_>
<소재지전화번호>032) 875 - 9400</소재지전화번호>
<주된음식>삼겹살</주된음식>
</Row>
<Row>
<업소명>무봉리토종순대국</업소명>
<소재지_도로명_>인천광역시 남구 석정로 432 (주안동)</소재지_도로명_>
<소재지전화번호>032) 876 - 1989</소재지전화번호>
<주된음식>순대국</주된음식>
</Row>
<Row>
<업소명>제주청정흑돈가</업소명>
<소재지_도로명_>인천광역시 남구 주안서로54번길 15 (주안동)</소재지_도로명_>
<소재지전화번호>032) 866 - 6886</소재지전화번호>
<주된음식>돼지갈비</주된음식>
</Row>
<Row>
<업소명>해바라기 정육식당</업소명>
<소재지_도로명_>인천광역시 남구 주안로 77 (주안동)</소재지_도로명_>
<소재지전화번호>032) 875 - 8292</소재지전화번호>
<주된음식>"갈비탕, 육회비빔밥"</주된음식>
</Row>
<Row>
<업소명>천년부페웨딩홀</업소명>
<소재지_도로명_>"인천광역시 남구 길파로 6 (주안동, 지하1,2층,지상3,4층)"</소재지_도로명_>
<소재지전화번호>032) 872 - 6200</소재지전화번호>
<주된음식>뷔페식</주된음식>
</Row>
<Row>
<업소명>21세기 바다</업소명>
<소재지_도로명_>"인천광역시 남구 석정로 412, 105,106,107호 (주안동, 진도로르빌)"</소재지_도로명_>
<소재지전화번호>032) 874 - 4988</소재지전화번호>
<주된음식>"우럭회,탕"</주된음식>
</Row>
<Row>
<업소명>정자돼지왕갈비</업소명>
<소재지_도로명_>"인천광역시 남구 석정로 412 (주안동,진도로르빌 102, 103, 104호)"</소재지_도로명_>
<소재지전화번호>032) 874 - 9588</소재지전화번호>
<주된음식>돼지왕갈비</주된음식>
</Row>
<Row>
<업소명>감자탕을 만드는 형제들</업소명>
<소재지_도로명_>인천광역시 남구 주염로 9 (주안동)</소재지_도로명_>
<소재지전화번호>032) 872 - 3970</소재지전화번호>
<주된음식>뼈해장국</주된음식>
</Row>
<Row>
<업소명>하림</업소명>
<소재지_도로명_>"인천광역시 남구 주안서로 51 (주안동,1층)"</소재지_도로명_>
<소재지전화번호>032) 868 - 3700</소재지전화번호>
<주된음식>한정식</주된음식>
</Row>
<Row>
<업소명>광명수산</업소명>
<소재지_도로명_>"인천광역시 남구 염창로 42 (주안동,대동빌딩)"</소재지_도로명_>
<소재지전화번호>032) 875 - 0216</소재지전화번호>
<주된음식>생선회</주된음식>
</Row>
<Row>
<업소명>금강산숯불갈비식당</업소명>
<소재지_도로명_>"인천광역시 남구 석정로 512 (주안동,(1,2층))"</소재지_도로명_>
<소재지전화번호>032) 438 - 9988</소재지전화번호>
<주된음식>돼지갈비</주된음식>
</Row>
<Row>
<업소명>서해낙원식당</업소명>
<소재지_도로명_>인천광역시 남구 동주길 123 (주안동)</소재지_도로명_>
<소재지전화번호>032) 438 - 5557</소재지전화번호>
<주된음식>해물탕</주된음식>
</Row>
<Row>
<업소명>착한낙지</업소명>
<소재지_도로명_>인천광역시 남구 미추홀대로 650 (주안동)</소재지_도로명_>
<소재지전화번호>032) 435 - 6993</소재지전화번호>
<주된음식>낙지전골</주된음식>
</Row>
<Row>
<업소명>경원궁 주안점</업소명>
<소재지_도로명_>인천광역시 남구 미추홀대로 646 (주안동)</소재지_도로명_>
<소재지전화번호>032) 424 - 0025</소재지전화번호>
<주된음식>갈비</주된음식>
</Row>
<Row>
<업소명>아가돌</업소명>
<소재지_도로명_>"인천광역시 남구 미추홀대로 666, 4층 (주안동)"</소재지_도로명_>
<소재지전화번호>032) 424 - 5551</소재지전화번호>
<주된음식>"도미찜,오향족발"</주된음식>
</Row>
<Row>
<업소명>나.삼보해물가</업소명>
<소재지_도로명_>인천광역시 남구 미추홀대로 661 (주안동)</소재지_도로명_>
<소재지전화번호>032) 439 - 7900</소재지전화번호>
<주된음식>해물탕</주된음식>
</Row>
<Row>
<업소명>청주보쌈</업소명>
<소재지_도로명_>인천광역시 남구 경원대로851번길 48 (주안동)</소재지_도로명_>
<소재지전화번호>032) 435 - 9035</소재지전화번호>
<주된음식>보쌈</주된음식>
</Row>
<Row>
<업소명>명가원</업소명>
<소재지_도로명_>인천광역시 남구 경인로 417 (주안동)</소재지_도로명_>
<소재지전화번호>032) 421 - 4181</소재지전화번호>
<주된음식>설렁탕</주된음식>
</Row>
<Row>
<업소명>3일소고기국밥</업소명>
<소재지_도로명_>인천광역시 남구 경인로 401 (주안동)</소재지_도로명_>
<소재지전화번호>032) 429 - 9993</소재지전화번호>
<주된음식>해물찜</주된음식>
</Row>
<Row>
<업소명>서래면옥</업소명>
<소재지_도로명_>인천광역시 남구 한나루로 502 (주안동)</소재지_도로명_>
<소재지전화번호>032) 865 - 2653</소재지전화번호>
<주된음식>삼겹살</주된음식>
</Row>
<Row>
<업소명>야래향</업소명>
<소재지_도로명_>인천광역시 남구 경원대로858번길 6 (주안동)</소재지_도로명_>
<소재지전화번호>032) 421 - 1290</소재지전화번호>
<주된음식>탕수육</주된음식>
</Row>
<Row>
<업소명>화개장터</업소명>
<소재지_도로명_>인천광역시 남구 경인로435번길 36 (주안동)</소재지_도로명_>
<소재지전화번호>032) 434 - 1424</소재지전화번호>
<주된음식>감자탕</주된음식>
</Row>
<Row>
<업소명>옛날그집 한방 닭한마리</업소명>
<소재지_도로명_>인천광역시 남구 학익소로 67 (학익동)</소재지_도로명_>
<소재지전화번호>032) 868 - 7744</소재지전화번호>
<주된음식>칼국수</주된음식>
</Row>
<Row>
<업소명>고목정</업소명>
<소재지_도로명_>인천광역시 남구 한나루로358번길 7(학익동)</소재지_도로명_>
<소재지전화번호>032) 874 - 7780</소재지전화번호>
<주된음식>보리밥</주된음식>
</Row>
<Row>
<업소명>원조대추나무집</업소명>
<소재지_도로명_>인천광역시 남구 햇골길 43 (학익동)</소재지_도로명_>
<소재지전화번호>032) 873 - 6507</소재지전화번호>
<주된음식>"백숙,삼계탕"</주된음식>
</Row>
<Row>
<업소명>미가정</업소명>
<소재지_도로명_>인천광역시 남구 햇골길19번길 6 (학익동)</소재지_도로명_>
<소재지전화번호>032) 872 - 1535</소재지전화번호>
<주된음식>"백숙,닭도리탕"</주된음식>
</Row>
<Row>
<업소명>굴세상</업소명>
<소재지_도로명_>인천광역시 남구 매소홀로 355 (학익동)</소재지_도로명_>
<소재지전화번호>032) 864 - 8030</소재지전화번호>
<주된음식>굴국밥</주된음식>
</Row>
<Row>
<업소명>고향곤드레나물밥</업소명>
<소재지_도로명_>인천광역시 남구 매소홀로379번길 14 (학익동)</소재지_도로명_>
<소재지전화번호>032) 876 - 6322</소재지전화번호>
<주된음식>복어탕</주된음식>
</Row>
<Row>
<업소명>미락초밥</업소명>
<소재지_도로명_>인천광역시 남구 매소홀로401번길 8-5 (학익동)</소재지_도로명_>
<소재지전화번호>032) 876 - 3002</소재지전화번호>
<주된음식>생선초밥</주된음식>
</Row>
<Row>
<업소명>"황금동태찜,탕"</업소명>
<소재지_도로명_>인천광역시 남구 소성로185번길 16-26 (학익동)</소재지_도로명_>
<소재지전화번호>032) 876 - 0300</소재지전화번호>
<주된음식>"동태찜,탕"</주된음식>
</Row>
<Row>
<업소명>루외루</업소명>
<소재지_도로명_>인천광역시 남구 소성로185번길 16-5 (학익동)</소재지_도로명_>
<소재지전화번호>032) 873 - 8855</소재지전화번호>
<주된음식>짜장면</주된음식>
</Row>
<Row>
<업소명>미림일식</업소명>
<소재지_도로명_>인천광역시 남구 소성로185번길 16-20 (학익동)</소재지_도로명_>
<소재지전화번호>032) 867 - 8003</소재지전화번호>
<주된음식>"생선회,매운탕"</주된음식>
</Row>
<Row>
<업소명>남도낙지</업소명>
<소재지_도로명_>"인천광역시 남구 소성로185번길 16-20 (학익동,101호)"</소재지_도로명_>
<소재지전화번호>032) 874 - 9429</소재지전화번호>
<주된음식>낙지전골</주된음식>
</Row>
<Row>
<업소명>카나참치</업소명>
<소재지_도로명_>"인천광역시 남구 학익소로 29, 석목빌딩동 103호 (학익동)"</소재지_도로명_>
<소재지전화번호>032) 864 - 2745</소재지전화번호>
<주된음식>참치회</주된음식>
</Row>
<Row>
<업소명>5.5닭갈비</업소명>
<소재지_도로명_>인천광역시 남구 소성로 184 (학익동)</소재지_도로명_>
<소재지전화번호>032) 867 - 6161</소재지전화번호>
<주된음식>닭갈비</주된음식>
</Row>
<Row>
<업소명>어향</업소명>
<소재지_도로명_>"인천광역시 남구 소성로 166-1 (학익동,(1층,2층))"</소재지_도로명_>
<소재지전화번호>032) 873 - 8859</소재지전화번호>
<주된음식>오리구이</주된음식>
</Row>
<Row>
<업소명>궁중삼계탕</업소명>
<소재지_도로명_>인천광역시 남구 학익소로63번길 23 (학익동)</소재지_도로명_>
<소재지전화번호>032) 861 - 3939</소재지전화번호>
<주된음식>삼계탕</주된음식>
</Row>
<Row>
<업소명>본가낙지마당</업소명>
<소재지_도로명_>"인천광역시 남구 소성로 192 (학익동,(1층 101호))"</소재지_도로명_>
<소재지전화번호>032) 861 - 3505</소재지전화번호>
<주된음식>낙지덮밥</주된음식>
</Row>
<Row>
<업소명>문학골손두부</업소명>
<소재지_도로명_>인천광역시 남구 소성로 206 (학익동)</소재지_도로명_>
<소재지전화번호>032) 868 - 5060</소재지전화번호>
<주된음식>순두부정식</주된음식>
</Row>
<Row>
<업소명>금산식당</업소명>
<소재지_도로명_>인천광역시 남구 매소홀로488번길 6-29 (학익동)</소재지_도로명_>
<소재지전화번호>032) 864 - 3003</소재지전화번호>
<주된음식>밴뎅이회무침</주된음식>
</Row>
<Row>
<업소명>복가네</업소명>
<소재지_도로명_>인천광역시 남구 소성로256번길 5 (학익동)</소재지_도로명_>
<소재지전화번호>032) 874 - 1178</소재지전화번호>
<주된음식>설렁탕</주된음식>
</Row>
<Row>
<업소명>태원</업소명>
<소재지_도로명_>"인천광역시 남구 매소홀로 388, 2층 204호 (학익동)"</소재지_도로명_>
<소재지전화번호>032) 862 - 0806</소재지전화번호>
<주된음식>자장면</주된음식>
</Row>
<Row>
<업소명>만선해변</업소명>
<소재지_도로명_>"인천광역시 남구 매소홀로 388 (학익동,유니스프라자 1층 (103,104,105호))"</소재지_도로명_>
<소재지전화번호>032) 875 - 8510</소재지전화번호>
<주된음식>해물찜</주된음식>
</Row>
<Row>
<업소명>마루샤브학익점</업소명>
<소재지_도로명_>"인천광역시 남구 매소홀로 372, 일진프라자동 (학익동)"</소재지_도로명_>
<소재지전화번호>032) 876 - 6677</소재지전화번호>
<주된음식>"소고기, 해물 샤브샤브"</주된음식>
</Row>
<Row>
<업소명>황제장어</업소명>
<소재지_도로명_>인천광역시 남구 매소홀로 372 (학익동)</소재지_도로명_>
<소재지전화번호>032) 876 - 0592</소재지전화번호>
<주된음식>장어구이</주된음식>
</Row>
<Row>
<업소명>경복궁학익점(주)엔타스시스템</업소명>
<소재지_도로명_>인천광역시 남구 매소홀로 378 (학익동)</소재지_도로명_>
<소재지전화번호>032) 873 - 2000</소재지전화번호>
<주된음식>한우코스요리</주된음식>
</Row>
<Row>
<업소명>평산</업소명>
<소재지_도로명_>인천광역시 남구 매소홀로 368 (학익동)</소재지_도로명_>
<소재지전화번호>032) 865 - 8600</소재지전화번호>
<주된음식>돼지갈비</주된음식>
</Row>
</root>
