<?xml version="1.0" encoding="UTF-8"?>
<root>
<header>
<header>연번</header>
<header>업소명</header>
<header>소재지주소</header>
<header>전화번호</header>
<header>음식유형</header>
<header>주요음식</header>
<header>데이터기준일자</header>
</header>
<Row>
<연번>1</연번>
<업소명>진흥각</업소명>
<소재지주소>인천광역시 중구 신포로23번길 20, 1,2,3층 (중앙동4가)</소재지주소>
<전화번호>032-772-3058</전화번호>
<음식유형>중국식</음식유형>
<주요음식>삼선하얀짬뽕, 탕수육</주요음식>
<데이터기준일자>2019-08-31</데이터기준일자>
</Row>
<Row>
<연번>2</연번>
<업소명>돈비어천가</업소명>
<소재지주소>인천광역시 중구 개항로53번길 10 (내동)</소재지주소>
<전화번호>032-777-1300</전화번호>
<음식유형>한식</음식유형>
<주요음식>돼지왕갈비, 생삼겹살</주요음식>
<데이터기준일자>2019-08-31</데이터기준일자>
</Row>
<Row>
<연번>3</연번>
<업소명>삼강옥</업소명>
<소재지주소>인천광역시 중구 참외전로158번길 1 (경동)</소재지주소>
<전화번호>032-772-7885</전화번호>
<음식유형>한식</음식유형>
<주요음식>설렁탕, 도가니탕</주요음식>
<데이터기준일자>2019-08-31</데이터기준일자>
</Row>
<Row>
<연번>4</연번>
<업소명>해촌</업소명>
<소재지주소>인천광역시 중구 연안부두로 16 (항동7가, 해양센타)</소재지주소>
<전화번호>032-882-0012</전화번호>
<음식유형>한식</음식유형>
<주요음식>벤댕이회무침, 병어조림</주요음식>
<데이터기준일자>2019-08-31</데이터기준일자>
</Row>
<Row>
<연번>5</연번>
<업소명>가조</업소명>
<소재지주소>인천광역시 중구 신포로46번길 31 (내동)</소재지주소>
<전화번호>032-772-6118</전화번호>
<음식유형>한식</음식유형>
<주요음식>양구이, 한우등심구이</주요음식>
<데이터기준일자>2019-08-31</데이터기준일자>
</Row>
<Row>
<연번>6</연번>
<업소명>오성식당</업소명>
<소재지주소>인천광역시 중구 연안부두로 16 (항동7가, 해양센타)</소재지주소>
<전화번호>032-884-1355</전화번호>
<음식유형>한식</음식유형>
<주요음식>벤댕이회무침, 물메기탕</주요음식>
<데이터기준일자>2019-08-31</데이터기준일자>
</Row>
<Row>
<연번>7</연번>
<업소명>중화원</업소명>
<소재지주소>인천광역시 중구 차이나타운로44번길 20 (북성동2가)</소재지주소>
<전화번호>032-777-8630</전화번호>
<음식유형>중국식</음식유형>
<주요음식>탕수육, 짜장면</주요음식>
<데이터기준일자>2019-08-31</데이터기준일자>
</Row>
<Row>
<연번>8</연번>
<업소명>풍미</업소명>
<소재지주소>인천광역시 중구 차이나타운로 56 (선린동)</소재지주소>
<전화번호>032-772-2680</전화번호>
<음식유형>중국식</음식유형>
<주요음식>간짜장, 볶음밥</주요음식>
<데이터기준일자>2019-08-31</데이터기준일자>
</Row>
<Row>
<연번>9</연번>
<업소명>금촌집</업소명>
<소재지주소>인천광역시 중구 우현로90번길 19-1 (인현동)</소재지주소>
<전화번호>032-772-9324</전화번호>
<음식유형>한식</음식유형>
<주요음식>낙곱전골구이, 불낙전골부대찌개</주요음식>
<데이터기준일자>2019-08-31</데이터기준일자>
</Row>
<Row>
<연번>10</연번>
<업소명>중앙갈비</업소명>
<소재지주소>인천광역시 중구 신포로35번길 7 (관동3가)</소재지주소>
<전화번호>032-765-0110</전화번호>
<음식유형>한식</음식유형>
<주요음식>돼지갈비, 삼겹살</주요음식>
<데이터기준일자>2019-08-31</데이터기준일자>
</Row>
<Row>
<연번>11</연번>
<업소명>단해</업소명>
<소재지주소>인천광역시 중구 영종대로 120, 202,202-1호 (운서동, 두손에어파스텔)</소재지주소>
<전화번호>032-746-1472</전화번호>
<음식유형>한식</음식유형>
<주요음식>오리구이, 장어구이</주요음식>
<데이터기준일자>2019-08-31</데이터기준일자>
</Row>
<Row>
<연번>12</연번>
<업소명>홍능화로구이</업소명>
<소재지주소>인천광역시 중구 제물량로166번길 1-21 (신생동)</소재지주소>
<전화번호>032-761-8592</전화번호>
<음식유형>한식</음식유형>
<주요음식>생등심꽃살, 수제돼지갈비</주요음식>
<데이터기준일자>2019-08-31</데이터기준일자>
</Row>
<Row>
<연번>13</연번>
<업소명>선미정</업소명>
<소재지주소>인천광역시 중구 우현로 14 (사동)</소재지주소>
<전화번호>032-766-9150</전화번호>
<음식유형>한식</음식유형>
<주요음식>꼬리곰탕, 도가니탕</주요음식>
<데이터기준일자>2019-08-31</데이터기준일자>
</Row>
<Row>
<연번>14</연번>
<업소명>원조먹거리식당</업소명>
<소재지주소>인천광역시 중구 연안부두로 16 (항동7가, 해양센타)</소재지주소>
<전화번호>032-882-4656</전화번호>
<음식유형>한식</음식유형>
<주요음식>병어조림, 밴댕이회무침</주요음식>
<데이터기준일자>2019-08-31</데이터기준일자>
</Row>
<Row>
<연번>15</연번>
<업소명>우정일식당</업소명>
<소재지주소>인천광역시 중구 신포로27번길 57(중앙동2가)</소재지주소>
<전화번호>032-761-3231</전화번호>
<음식유형>일식</음식유형>
<주요음식>매운탕, 회</주요음식>
<데이터기준일자>2019-08-31</데이터기준일자>
</Row>
<Row>
<연번>16</연번>
<업소명>신성복집</업소명>
<소재지주소>인천광역시 중구 인중로63번길 41 (신흥동3가)</소재지주소>
<전화번호>032-888-1788</전화번호>
<음식유형>한식</음식유형>
<주요음식>복튀김, 복매운탕</주요음식>
<데이터기준일자>2019-08-31</데이터기준일자>
</Row>
<Row>
<연번>17</연번>
<업소명>예전</업소명>
<소재지주소>인천광역시 중구 월미문화로 43-2 (북성동1가)</소재지주소>
<전화번호>032-772-2256</전화번호>
<음식유형>경양식</음식유형>
<주요음식>정식, 돈까스</주요음식>
<데이터기준일자>2019-08-31</데이터기준일자>
</Row>
<Row>
<연번>18</연번>
<업소명>부뚜막愛 순두부(신포점)</업소명>
<소재지주소>인천광역시 중구 우현로35번길 24-3 (신포동)</소재지주소>
<전화번호>032-762-4477</전화번호>
<음식유형>한식</음식유형>
<주요음식>바지락순두부, 제육순두부</주요음식>
<데이터기준일자>2019-08-31</데이터기준일자>
</Row>
<Row>
<연번>19</연번>
<업소명>수인복집</업소명>
<소재지주소>인천광역시 중구 인중로63번길 44, 1층 (신흥동3가)</소재지주소>
<전화번호>032-887-1193</전화번호>
<음식유형>한식</음식유형>
<주요음식>복매운탕, 복튀김</주요음식>
<데이터기준일자>2019-08-31</데이터기준일자>
</Row>
<Row>
<연번>20</연번>
<업소명>태화원</업소명>
<소재지주소>인천광역시 중구 차이나타운로59번길 10, 1,2층 (선린동)</소재지주소>
<전화번호>032-766-7622</전화번호>
<음식유형>중국식</음식유형>
<주요음식>찹쌀탕수육, 깐쇼새우</주요음식>
<데이터기준일자>2019-08-31</데이터기준일자>
</Row>
<Row>
<연번>21</연번>
<업소명>복이가득한집</업소명>
<소재지주소>인천광역시 중구 축항대로86번길 28, 1층 (항동7가)</소재지주소>
<전화번호>032-885-0891</전화번호>
<음식유형>한식</음식유형>
<주요음식>복지리탕, 점심특선</주요음식>
<데이터기준일자>2019-08-31</데이터기준일자>
</Row>
<Row>
<연번>22</연번>
<업소명>월미도회집</업소명>
<소재지주소>인천광역시 중구 월미문화로 49, 2층 (북성동1가)</소재지주소>
<전화번호>032-762-1116</전화번호>
<음식유형>횟집</음식유형>
<주요음식>회정식, 꽃게탕</주요음식>
<데이터기준일자>2019-08-31</데이터기준일자>
</Row>
<Row>
<연번>23</연번>
<업소명>제주솥뚜껑 삼겹살</업소명>
<소재지주소>인천광역시 중구 신포로31번길 6, 1,2층 (관동3가)</소재지주소>
<전화번호>032-772-0062</전화번호>
<음식유형>한식</음식유형>
<주요음식>삼겹살, 부대찌개</주요음식>
<데이터기준일자>2019-08-31</데이터기준일자>
</Row>
<Row>
<연번>24</연번>
<업소명>청관</업소명>
<소재지주소>인천광역시 중구 차이나타운로 41-1, 2,3층 (북성동3가)</소재지주소>
<전화번호>032-772-5118</전화번호>
<음식유형>중국식</음식유형>
<주요음식>찹쌀탕수육, 전가복</주요음식>
<데이터기준일자>2019-08-31</데이터기준일자>
</Row>
<Row>
<연번>25</연번>
<업소명>공화춘</업소명>
<소재지주소>인천광역시 중구 차이나타운로 43, 2,3,4층 (북성동3가)</소재지주소>
<전화번호>032-765-0571</전화번호>
<음식유형>중국식</음식유형>
<주요음식>공화춘짜장면, 짬뽕</주요음식>
<데이터기준일자>2019-08-31</데이터기준일자>
</Row>
<Row>
<연번>26</연번>
<업소명>신포 화로구이</업소명>
<소재지주소>인천광역시 중구 신포로27번길 16 (관동3가)</소재지주소>
<전화번호>032-777-0099</전화번호>
<음식유형>한식</음식유형>
<주요음식>돼지갈비, 삼겹살</주요음식>
<데이터기준일자>2019-08-31</데이터기준일자>
</Row>
<Row>
<연번>27</연번>
<업소명>명품관</업소명>
<소재지주소>인천광역시 중구 신도시남로141번길 13-5, 2층 201호 (운서동)</소재지주소>
<전화번호>032-746-9233</전화번호>
<음식유형>한식</음식유형>
<주요음식>양념소갈비코스, 갈비탕</주요음식>
<데이터기준일자>2019-08-31</데이터기준일자>
</Row>
<Row>
<연번>28</연번>
<업소명>원할머니보쌈</업소명>
<소재지주소>인천광역시 중구 우현로35번길 26, 1층 (신포동)</소재지주소>
<전화번호>032-764-6535</전화번호>
<음식유형>한식</음식유형>
<주요음식>보쌈, 족발</주요음식>
<데이터기준일자>2019-08-31</데이터기준일자>
</Row>
<Row>
<연번>29</연번>
<업소명>본가대박집</업소명>
<소재지주소>인천광역시 중구 홍예문로98번길 9, 1층 (인현동)</소재지주소>
<전화번호>032-765-5684</전화번호>
<음식유형>한식</음식유형>
<주요음식>삽겹살, 냉면</주요음식>
<데이터기준일자>2019-08-31</데이터기준일자>
</Row>
<Row>
<연번>30</연번>
<업소명>중국성</업소명>
<소재지주소>인천광역시 중구 차이나타운로 53, 1,2층 (선린동)</소재지주소>
<전화번호>032-762-1677</전화번호>
<음식유형>중국식</음식유형>
<주요음식>황제짜장,황후짬뽕,찹쌀탕수육</주요음식>
<데이터기준일자>2019-08-31</데이터기준일자>
</Row>
<Row>
<연번>31</연번>
<업소명>명동보리밥</업소명>
<소재지주소>인천광역시 중구 신포로 40, 1층 (내동)</소재지주소>
<전화번호>032-763-3392</전화번호>
<음식유형>한식</음식유형>
<주요음식>보리밥정식, 보쌈정식</주요음식>
<데이터기준일자>2019-08-31</데이터기준일자>
</Row>
<Row>
<연번>32</연번>
<업소명>훈장골</업소명>
<소재지주소>인천광역시 중구 신도시남로 28, 2층 (운서동, 영종에어포트2)</소재지주소>
<전화번호>032-746-6200</전화번호>
<음식유형>한식</음식유형>
<주요음식>양념갈비, 갈비탕</주요음식>
<데이터기준일자>2019-08-31</데이터기준일자>
</Row>
<Row>
<연번>33</연번>
<업소명>본죽앤비빔밥</업소명>
<소재지주소>인천광역시 중구 신포로 18-1 (신생동)</소재지주소>
<전화번호>032-777-6233</전화번호>
<음식유형>한식</음식유형>
<주요음식>죽, 비빔밥</주요음식>
<데이터기준일자>2019-08-31</데이터기준일자>
</Row>
<Row>
<연번>34</연번>
<업소명>신포막국수</업소명>
<소재지주소>인천광역시 중구 개항로 7 (중앙동4가, 1층)</소재지주소>
<전화번호>032-764-5933</전화번호>
<음식유형>한식</음식유형>
<주요음식>설렁탕, 수육</주요음식>
<데이터기준일자>2019-08-31</데이터기준일자>
</Row>
<Row>
<연번>35</연번>
<업소명>문차이나</업소명>
<소재지주소>인천광역시 중구 차이나타운로 20</소재지주소>
<전화번호>032-881-4096</전화번호>
<음식유형>중식</음식유형>
<주요음식>망고크림소스새우, 월특꼬치짬뽕</주요음식>
<데이터기준일자>2019-08-31</데이터기준일자>
</Row>
<Row>
<연번>36</연번>
<업소명>꾸지뽕 삼계탕</업소명>
<소재지주소>인천광역시 중구 우현로90번길 7</소재지주소>
<전화번호>032-777-0085</전화번호>
<음식유형>한식</음식유형>
<주요음식>꾸지뽕삼계탕, 녹두삼계탕</주요음식>
<데이터기준일자>2019-08-31</데이터기준일자>
</Row>
<Row>
<연번>37</연번>
<업소명>스쿨푸드(SCHOOL FOOD)</업소명>
<소재지주소>인천광역시 중구 공항로 272 (운서동, 인천국제공항 여객터미널 4층 동편 (FB-P6-54))</소재지주소>
<전화번호>032-743-6970</전화번호>
<음식유형>한식</음식유형>
<주요음식>마리베스트, 이태원부대국밥</주요음식>
<데이터기준일자>2019-08-31</데이터기준일자>
</Row>
<Row>
<연번>38</연번>
<업소명>케이스트릿 푸드 (K STREET FOOD)</업소명>
<소재지주소>인천광역시 중구 공항로 424번길 47 (운서동 , 인천국제공항 여객터미널 4층 동편)</소재지주소>
<전화번호>032-743-6970</전화번호>
<음식유형>한식</음식유형>
<주요음식>돈까스, 튀김우동</주요음식>
<데이터기준일자>2019-08-31</데이터기준일자>
</Row>
<Row>
<연번>39</연번>
<업소명>플라츠</업소명>
<소재지주소>인천광역시 중구 영종해안남로 19-5, 1,2층(운서동)</소재지주소>
<전화번호>032-743-9000</전화번호>
<음식유형>경양식</음식유형>
<주요음식>스테이크, 피자</주요음식>
<데이터기준일자>2019-08-31</데이터기준일자>
</Row>
<Row>
<연번>40</연번>
<업소명>하여울</업소명>
<소재지주소>인천광역시 중구 화랑목로70, 1층(운서동)</소재지주소>
<전화번호>032-746-6275</전화번호>
<음식유형>한식</음식유형>
<주요음식>코다리찜, 청국장</주요음식>
<데이터기준일자>2019-08-31</데이터기준일자>
</Row>
</root>
