<?xml version="1.0" encoding="UTF-8"?>
<root>
<header>
<header>상호</header>
<header>소재지도로명주소</header>
<header>전화번호</header>
<header>음식유형</header>
<header>주된음식</header>
<header>데이터기준일자</header>
<header>데이터관리부서</header>
</header>
<Row>
<상호>방콕트리</상호>
<소재지도로명주소>경기도 안양시 만안구 안양로292번길 8, 2층 (안양동)</소재지도로명주소>
<전화번호>031-466-8844</전화번호>
<음식유형>양식</음식유형>
<주된음식>외국음식</주된음식>
<데이터기준일자>2017-06-08</데이터기준일자>
<데이터관리부서>만안구청 환경위생과</데이터관리부서>
</Row>
<Row>
<상호>파라다이스웨딩부페</상호>
<소재지도로명주소>경기도 안양시 만안구 안양로 239 (안양동)</소재지도로명주소>
<전화번호>031-446-3905</전화번호>
<음식유형>뷔페식</음식유형>
<주된음식>뷔페</주된음식>
<데이터기준일자>2017-06-08</데이터기준일자>
<데이터관리부서>만안구청 환경위생과</데이터관리부서>
</Row>
<Row>
<상호>화진가든</상호>
<소재지도로명주소>경기도 안양시 만안구 안양로 468 (석수동)</소재지도로명주소>
<전화번호>031-472-9292</전화번호>
<음식유형>한식</음식유형>
<주된음식>갈비탕</주된음식>
<데이터기준일자>2017-06-08</데이터기준일자>
<데이터관리부서>만안구청 환경위생과</데이터관리부서>
</Row>
<Row>
<상호>양자강</상호>
<소재지도로명주소>경기도 안양시 만안구 문예로 35 (안양동,(지하1층))</소재지도로명주소>
<전화번호>031-448-2929</전화번호>
<음식유형>중식</음식유형>
<주된음식>짜장</주된음식>
<데이터기준일자>2017-06-08</데이터기준일자>
<데이터관리부서>만안구청 환경위생과</데이터관리부서>
</Row>
<Row>
<상호>놀부보쌈</상호>
<소재지도로명주소>경기도 안양시 만안구 현충로48번길 61 (안양동)</소재지도로명주소>
<전화번호>031-448-0875</전화번호>
<음식유형>한식</음식유형>
<주된음식>부대찌개</주된음식>
<데이터기준일자>2017-06-08</데이터기준일자>
<데이터관리부서>만안구청 환경위생과</데이터관리부서>
</Row>
<Row>
<상호>진부령동태찜탕전문점</상호>
<소재지도로명주소>경기도 안양시 만안구 안양로 119 (안양동,지하1층)</소재지도로명주소>
<전화번호>031-465-8797</전화번호>
<음식유형>한식</음식유형>
<주된음식>동태탕</주된음식>
<데이터기준일자>2017-06-08</데이터기준일자>
<데이터관리부서>만안구청 환경위생과</데이터관리부서>
</Row>
<Row>
<상호>돌배기집안양일번가점</상호>
<소재지도로명주소>경기도 안양시 만안구 만안로 219, 지상1층 (안양동)</소재지도로명주소>
<전화번호>031-469-5901</전화번호>
<음식유형>한식</음식유형>
<주된음식>된장찌개</주된음식>
<데이터기준일자>2017-06-08</데이터기준일자>
<데이터관리부서>만안구청 환경위생과</데이터관리부서>
</Row>
<Row>
<상호>백억한우식당</상호>
<소재지도로명주소>경기도 안양시 만안구 박달로560번길 35 (안양동)</소재지도로명주소>
<전화번호>031-446-2118</전화번호>
<음식유형>한식</음식유형>
<주된음식>된장찌개</주된음식>
<데이터기준일자>2017-06-08</데이터기준일자>
<데이터관리부서>만안구청 환경위생과</데이터관리부서>
</Row>
<Row>
<상호>방일해장국</상호>
<소재지도로명주소>경기도 안양시 만안구 박달우회로 140 (박달동,지상1층)</소재지도로명주소>
<전화번호>031-466-6555</전화번호>
<음식유형>한식</음식유형>
<주된음식>해장국</주된음식>
<데이터기준일자>2017-06-08</데이터기준일자>
<데이터관리부서>만안구청 환경위생과</데이터관리부서>
</Row>
<Row>
<상호>홍가네돌솥밥</상호>
<소재지도로명주소>경기도 안양시 만안구 장내로139번길 34 (안양동,지하1층)</소재지도로명주소>
<전화번호>031-449-9125</전화번호>
<음식유형>한식</음식유형>
<주된음식>우거지갈비탕</주된음식>
<데이터기준일자>2017-06-08</데이터기준일자>
<데이터관리부서>만안구청 환경위생과</데이터관리부서>
</Row>
<Row>
<상호>곤지암할매소머리국밥</상호>
<소재지도로명주소>경기도 안양시 만안구 장내로120번길 78 (안양동)</소재지도로명주소>
<전화번호>031-441-7789</전화번호>
<음식유형>한식</음식유형>
<주된음식>국밥</주된음식>
<데이터기준일자>2017-06-08</데이터기준일자>
<데이터관리부서>만안구청 환경위생과</데이터관리부서>
</Row>
<Row>
<상호>창박골원조보리밥</상호>
<소재지도로명주소>경기도 안양시 만안구 창박로41번길 21, 지상1층 (안양동)</소재지도로명주소>
<전화번호>031-469-6954</전화번호>
<음식유형>한식</음식유형>
<주된음식>된장찌개</주된음식>
<데이터기준일자>2017-06-08</데이터기준일자>
<데이터관리부서>만안구청 환경위생과</데이터관리부서>
</Row>
<Row>
<상호>제주할망돈가</상호>
<소재지도로명주소>경기도 안양시 만안구 박달로 578 (안양동)</소재지도로명주소>
<전화번호>031-449-5883</전화번호>
<음식유형>한식</음식유형>
<주된음식>감자탕</주된음식>
<데이터기준일자>2017-06-08</데이터기준일자>
<데이터관리부서>만안구청 환경위생과</데이터관리부서>
</Row>
<Row>
<상호>일랑</상호>
<소재지도로명주소>경기도 안양시 만안구 장내로 140 (안양동)</소재지도로명주소>
<전화번호>031-445-7766</전화번호>
<음식유형>중식</음식유형>
<주된음식>짬뽕</주된음식>
<데이터기준일자>2017-06-08</데이터기준일자>
<데이터관리부서>만안구청 환경위생과</데이터관리부서>
</Row>
<Row>
<상호>개성면옥</상호>
<소재지도로명주소>경기도 안양시 만안구 박달로 579 (안양동,지상2층)</소재지도로명주소>
<전화번호>031-469-0041</전화번호>
<음식유형>한식</음식유형>
<주된음식>갈비탕</주된음식>
<데이터기준일자>2017-06-08</데이터기준일자>
<데이터관리부서>만안구청 환경위생과</데이터관리부서>
</Row>
<Row>
<상호>쌈도둑</상호>
<소재지도로명주소>경기도 안양시 만안구 삼막로 67 (석수동,, 54-3 지상2층)</소재지도로명주소>
<전화번호>031-471-7676</전화번호>
<음식유형>한식</음식유형>
<주된음식>미역국</주된음식>
<데이터기준일자>2017-06-08</데이터기준일자>
<데이터관리부서>만안구청 환경위생과</데이터관리부서>
</Row>
<Row>
<상호>별난명가불백</상호>
<소재지도로명주소>경기도 안양시 만안구 문예로36번길 11 (안양동)</소재지도로명주소>
<전화번호>031-443-2121</전화번호>
<음식유형>한식</음식유형>
<주된음식>된장국</주된음식>
<데이터기준일자>2017-06-08</데이터기준일자>
<데이터관리부서>만안구청 환경위생과</데이터관리부서>
</Row>
<Row>
<상호>사조참치</상호>
<소재지도로명주소>경기도 안양시 만안구 장내로149번길 14 (안양동)</소재지도로명주소>
<전화번호>031-441-9992</전화번호>
<음식유형>한식</음식유형>
<주된음식>참치회</주된음식>
<데이터기준일자>2017-06-08</데이터기준일자>
<데이터관리부서>만안구청 환경위생과</데이터관리부서>
</Row>
<Row>
<상호>조마루뼈다귀</상호>
<소재지도로명주소>경기도 안양시 만안구 장내로 139 (안양동,지상층)</소재지도로명주소>
<전화번호>031-447-3966</전화번호>
<음식유형>한식</음식유형>
<주된음식>감자탕</주된음식>
<데이터기준일자>2017-06-08</데이터기준일자>
<데이터관리부서>만안구청 환경위생과</데이터관리부서>
</Row>
<Row>
<상호>청정칼국수</상호>
<소재지도로명주소>경기도 안양시 만안구 문예로 35 (안양동,지상1층)</소재지도로명주소>
<전화번호>031-446-7878</전화번호>
<음식유형>한식</음식유형>
<주된음식>칼국수</주된음식>
<데이터기준일자>2017-06-08</데이터기준일자>
<데이터관리부서>만안구청 환경위생과</데이터관리부서>
</Row>
<Row>
<상호>풍년관</상호>
<소재지도로명주소>경기도 안양시 만안구 안양로138번길 13 (안양동,지상1, 2층)</소재지도로명주소>
<전화번호>031-468-6569</전화번호>
<음식유형>한식</음식유형>
<주된음식>된장찌개</주된음식>
<데이터기준일자>2017-06-08</데이터기준일자>
<데이터관리부서>만안구청 환경위생과</데이터관리부서>
</Row>
<Row>
<상호>한울타리</상호>
<소재지도로명주소>경기도 안양시 만안구 만안로 244, 7층 (안양동, 롯데안양점)</소재지도로명주소>
<전화번호>031-463-1750</전화번호>
<음식유형>한식</음식유형>
<주된음식>샤브육수</주된음식>
<데이터기준일자>2017-06-08</데이터기준일자>
<데이터관리부서>만안구청 환경위생과</데이터관리부서>
</Row>
<Row>
<상호>전원</상호>
<소재지도로명주소>경기도 안양시 만안구 만안로 244, 7층 (안양동, 롯데안양점)</소재지도로명주소>
<전화번호>031-463-1751</전화번호>
<음식유형>한식</음식유형>
<주된음식>전골</주된음식>
<데이터기준일자>2017-06-08</데이터기준일자>
<데이터관리부서>만안구청 환경위생과</데이터관리부서>
</Row>
<Row>
<상호>홍명</상호>
<소재지도로명주소>경기도 안양시 만안구 만안로 244 (안양동, 롯데안양점 7층)</소재지도로명주소>
<전화번호>031-463-1760</전화번호>
<음식유형>중식</음식유형>
<주된음식>짬뽕</주된음식>
<데이터기준일자>2017-06-08</데이터기준일자>
<데이터관리부서>만안구청 환경위생과</데이터관리부서>
</Row>
<Row>
<상호>다래</상호>
<소재지도로명주소>경기도 안양시 만안구 만안로 244 (안양동, 롯데안양점 7층)</소재지도로명주소>
<전화번호>031-463-1757</전화번호>
<음식유형>일식</음식유형>
<주된음식>매운탕</주된음식>
<데이터기준일자>2017-06-08</데이터기준일자>
<데이터관리부서>만안구청 환경위생과</데이터관리부서>
</Row>
<Row>
<상호>사대부</상호>
<소재지도로명주소>경기도 안양시 만안구 박달로542번길 38 (안양동,지상2층)</소재지도로명주소>
<전화번호>031-469-5465</전화번호>
<음식유형>한식</음식유형>
<주된음식>갈비탕</주된음식>
<데이터기준일자>2017-06-08</데이터기준일자>
<데이터관리부서>만안구청 환경위생과</데이터관리부서>
</Row>
<Row>
<상호>채선당샤브안양점</상호>
<소재지도로명주소>경기도 안양시 만안구 병목안로 2 (안양동,(지상1층))</소재지도로명주소>
<전화번호>031-463-5007</전화번호>
<음식유형>한식</음식유형>
<주된음식>샤브국물</주된음식>
<데이터기준일자>2017-06-08</데이터기준일자>
<데이터관리부서>만안구청 환경위생과</데이터관리부서>
</Row>
<Row>
<상호>신선설농탕</상호>
<소재지도로명주소>경기도 안양시 만안구 안양로 321 (안양동,(1층))</소재지도로명주소>
<전화번호>031-445-5901</전화번호>
<음식유형>한식</음식유형>
<주된음식>설렁탕</주된음식>
<데이터기준일자>2017-06-08</데이터기준일자>
<데이터관리부서>만안구청 환경위생과</데이터관리부서>
</Row>
<Row>
<상호>허서방추어탕메기매운탕</상호>
<소재지도로명주소>경기도 안양시 만안구 예술공원로 118 (안양동)</소재지도로명주소>
<전화번호>031-473-3040</전화번호>
<음식유형>한식</음식유형>
<주된음식>매운탕</주된음식>
<데이터기준일자>2017-06-08</데이터기준일자>
<데이터관리부서>만안구청 환경위생과</데이터관리부서>
</Row>
<Row>
<상호>궁중삼계탕</상호>
<소재지도로명주소>경기도 안양시 만안구 박달우회로 186 (안양동,(지상2층))</소재지도로명주소>
<전화번호>031-468-7333</전화번호>
<음식유형>한식</음식유형>
<주된음식>삼계탕</주된음식>
<데이터기준일자>2017-06-08</데이터기준일자>
<데이터관리부서>만안구청 환경위생과</데이터관리부서>
</Row>
<Row>
<상호>연성푸드</상호>
<소재지도로명주소>경기도 안양시 만안구 안양로 111, 지상14층 (안양동)</소재지도로명주소>
<전화번호>031-447-5952</전화번호>
<음식유형>뷔페식</음식유형>
<주된음식>뷔페</주된음식>
<데이터기준일자>2017-06-08</데이터기준일자>
<데이터관리부서>만안구청 환경위생과</데이터관리부서>
</Row>
<Row>
<상호>울릉도오징어보쌈</상호>
<소재지도로명주소>경기도 안양시 만안구 안양로304번길 20 (안양동,(지상1,2층))</소재지도로명주소>
<전화번호>031-442-2661</전화번호>
<음식유형>한식</음식유형>
<주된음식>보쌈</주된음식>
<데이터기준일자>2017-06-08</데이터기준일자>
<데이터관리부서>만안구청 환경위생과</데이터관리부서>
</Row>
<Row>
<상호>뽕잎사랑</상호>
<소재지도로명주소>경기도 안양시 만안구 예술공원로154번길 6 (안양동,지하1층, 1층)</소재지도로명주소>
<전화번호>031-474-3376</전화번호>
<음식유형>한식</음식유형>
<주된음식>샤브국물</주된음식>
<데이터기준일자>2017-06-08</데이터기준일자>
<데이터관리부서>만안구청 환경위생과</데이터관리부서>
</Row>
<Row>
<상호>자연밥상동경</상호>
<소재지도로명주소>경기도 안양시 만안구 안양로 216 (안양동,외2필지(2층))</소재지도로명주소>
<전화번호>031-448-5050</전화번호>
<음식유형>한식</음식유형>
<주된음식>된장국</주된음식>
<데이터기준일자>2017-06-08</데이터기준일자>
<데이터관리부서>만안구청 환경위생과</데이터관리부서>
</Row>
<Row>
<상호>해도</상호>
<소재지도로명주소>경기도 안양시 만안구 삼덕로6번길 38 (안양동,외 1필지 지상2층)</소재지도로명주소>
<전화번호>031-446-0443</전화번호>
<음식유형>일식</음식유형>
<주된음식>미소장국</주된음식>
<데이터기준일자>2017-06-08</데이터기준일자>
<데이터관리부서>만안구청 환경위생과</데이터관리부서>
</Row>
<Row>
<상호>원조보리밥</상호>
<소재지도로명주소>경기도 안양시 만안구 예술공원로118번길 10 (안양동,지상1층)</소재지도로명주소>
<전화번호>031-471-9252</전화번호>
<음식유형>한식</음식유형>
<주된음식>백숙</주된음식>
<데이터기준일자>2017-06-08</데이터기준일자>
<데이터관리부서>만안구청 환경위생과</데이터관리부서>
</Row>
<Row>
<상호>40년전통할머니추어탕</상호>
<소재지도로명주소>경기도 안양시 만안구 안양로 462 (석수동,지상1층)</소재지도로명주소>
<전화번호>031-472-1003</전화번호>
<음식유형>한식</음식유형>
<주된음식>추어탕</주된음식>
<데이터기준일자>2017-06-08</데이터기준일자>
<데이터관리부서>만안구청 환경위생과</데이터관리부서>
</Row>
<Row>
<상호>나주곰탕</상호>
<소재지도로명주소>경기도 안양시 만안구 안양로263번길 11 (안양동,지상2,3층)</소재지도로명주소>
<전화번호>031-447-3399</전화번호>
<음식유형>한식</음식유형>
<주된음식>곰탕</주된음식>
<데이터기준일자>2017-06-08</데이터기준일자>
<데이터관리부서>만안구청 환경위생과</데이터관리부서>
</Row>
<Row>
<상호>동남갈비</상호>
<소재지도로명주소>경기도 안양시 만안구 예술공원로 185 (안양동,지하1,지상1,지상2층)</소재지도로명주소>
<전화번호>031-471-3535</전화번호>
<음식유형>한식</음식유형>
<주된음식>갈비탕</주된음식>
<데이터기준일자>2017-06-08</데이터기준일자>
<데이터관리부서>만안구청 환경위생과</데이터관리부서>
</Row>
<Row>
<상호>동흥관수타짜장</상호>
<소재지도로명주소>경기도 안양시 만안구 삼막로39번길 20 (석수동,지상1층)</소재지도로명주소>
<전화번호>031-471-5413</전화번호>
<음식유형>중식</음식유형>
<주된음식>짜장</주된음식>
<데이터기준일자>2017-06-08</데이터기준일자>
<데이터관리부서>만안구청 환경위생과</데이터관리부서>
</Row>
<Row>
<상호>뜰안채</상호>
<소재지도로명주소>경기도 안양시 만안구 시민대로35번길 20 (안양동,외1필지 지하1층)</소재지도로명주소>
<전화번호>031-442-8530</전화번호>
<음식유형>한식</음식유형>
<주된음식>갈비탕</주된음식>
<데이터기준일자>2017-06-08</데이터기준일자>
<데이터관리부서>만안구청 환경위생과</데이터관리부서>
</Row>
<Row>
<상호>영광수산 장어1번가</상호>
<소재지도로명주소>경기도 안양시 만안구 삼막로24번길 89, 지상1,2층 (석수동)</소재지도로명주소>
<전화번호>031-471-0188</전화번호>
<음식유형>한식</음식유형>
<주된음식>잔치국수</주된음식>
<데이터기준일자>2017-06-08</데이터기준일자>
<데이터관리부서>만안구청 환경위생과</데이터관리부서>
</Row>
<Row>
<상호>참숯장어사랑</상호>
<소재지도로명주소>경기도 안양시 만안구 예술공원로 208 (안양동,지상2층)</소재지도로명주소>
<전화번호>031-471-3569</전화번호>
<음식유형>한식</음식유형>
<주된음식>된장찌개</주된음식>
<데이터기준일자>2017-06-08</데이터기준일자>
<데이터관리부서>만안구청 환경위생과</데이터관리부서>
</Row>
<Row>
<상호>최고집찜칼국수</상호>
<소재지도로명주소>경기도 안양시 만안구 병목안로 6 (안양동,현진빌딩 101호)</소재지도로명주소>
<전화번호>031-446-2525</전화번호>
<음식유형>한식</음식유형>
<주된음식>칼국수</주된음식>
<데이터기준일자>2017-06-08</데이터기준일자>
<데이터관리부서>만안구청 환경위생과</데이터관리부서>
</Row>
<Row>
<상호>매운통돼지볶음</상호>
<소재지도로명주소>경기도 안양시 만안구 냉천로 155-1 (안양동,지상1층)</소재지도로명주소>
<전화번호>031-465-0976</전화번호>
<음식유형>한식</음식유형>
<주된음식>돼지볶음</주된음식>
<데이터기준일자>2017-06-08</데이터기준일자>
<데이터관리부서>만안구청 환경위생과</데이터관리부서>
</Row>
<Row>
<상호>서소문순두부보쌈</상호>
<소재지도로명주소>경기도 안양시 만안구 삼막로 24, 지상2층 (석수동)</소재지도로명주소>
<전화번호>031-474-9955</전화번호>
<음식유형>한식</음식유형>
<주된음식>보쌈</주된음식>
<데이터기준일자>2017-06-08</데이터기준일자>
<데이터관리부서>만안구청 환경위생과</데이터관리부서>
</Row>
<Row>
<상호>율목바다매운탕</상호>
<소재지도로명주소>경기도 안양시 만안구 박달우회로 182, 지상1층 (안양동)</소재지도로명주소>
<전화번호>031-444-0701</전화번호>
<음식유형>한식</음식유형>
<주된음식>매운탕</주된음식>
<데이터기준일자>2017-06-08</데이터기준일자>
<데이터관리부서>만안구청 환경위생과</데이터관리부서>
</Row>
<Row>
<상호>지호한방삼계탕</상호>
<소재지도로명주소>경기도 안양시 만안구 안양로 115, 지상1층 101호 (안양동)</소재지도로명주소>
<전화번호>031-448-9993</전화번호>
<음식유형>한식</음식유형>
<주된음식>삼계탕</주된음식>
<데이터기준일자>2017-06-08</데이터기준일자>
<데이터관리부서>만안구청 환경위생과</데이터관리부서>
</Row>
<Row>
<상호>박달감자탕</상호>
<소재지도로명주소>경기도 안양시 만안구 오리로34번길 7-18 (박달동, 지상1층 )</소재지도로명주소>
<전화번호>031-466-2229</전화번호>
<음식유형>한식</음식유형>
<주된음식>감자탕</주된음식>
<데이터기준일자>2017-06-08</데이터기준일자>
<데이터관리부서>만안구청 환경위생과</데이터관리부서>
</Row>
<Row>
<상호>돈통마늘보쌈</상호>
<소재지도로명주소>경기도 안양시 만안구 예술공원로 204-1, 지상2층 (안양동)</소재지도로명주소>
<전화번호>031-474-5382</전화번호>
<음식유형>한식</음식유형>
<주된음식>보쌈</주된음식>
<데이터기준일자>2017-06-08</데이터기준일자>
<데이터관리부서>만안구청 환경위생과</데이터관리부서>
</Row>
<Row>
<상호>홍짜장</상호>
<소재지도로명주소>경기도 안양시 만안구 충훈로 52 (석수동)</소재지도로명주소>
<전화번호>070-8807-4626</전화번호>
<음식유형>중식</음식유형>
<주된음식>짜장</주된음식>
<데이터기준일자>2017-06-08</데이터기준일자>
<데이터관리부서>만안구청 환경위생과</데이터관리부서>
</Row>
<Row>
<상호>갈비가두근두근플러스</상호>
<소재지도로명주소>경기도 안양시 만안구 삼막로39번길 10, 지상1층 (석수동)</소재지도로명주소>
<전화번호>031-471-9797</전화번호>
<음식유형>한식</음식유형>
<주된음식>갈비탕</주된음식>
<데이터기준일자>2017-06-08</데이터기준일자>
<데이터관리부서>만안구청 환경위생과</데이터관리부서>
</Row>
<Row>
<상호>이산찰누룽지닭백숙&amp;부대찌개</상호>
<소재지도로명주소>경기도 안양시 만안구 삼막로 49, 1,2층 (석수동)</소재지도로명주소>
<전화번호>031-474-0300</전화번호>
<음식유형>한식</음식유형>
<주된음식>백숙</주된음식>
<데이터기준일자>2017-06-08</데이터기준일자>
<데이터관리부서>만안구청 환경위생과</데이터관리부서>
</Row>
<Row>
<상호>백합칼국수</상호>
<소재지도로명주소>경기도 안양시 만안구 오리로34번길 7-17, 지상1층 (박달동)</소재지도로명주소>
<전화번호>031-465-5600</전화번호>
<음식유형>한식</음식유형>
<주된음식>칼국수</주된음식>
<데이터기준일자>2017-06-08</데이터기준일자>
<데이터관리부서>만안구청 환경위생과</데이터관리부서>
</Row>
<Row>
<상호>미생</상호>
<소재지도로명주소>경기도 안양시 만안구 장내로140번길 52, 1층 102호 (안양동)</소재지도로명주소>
<전화번호>031-448-6711</전화번호>
<음식유형>한식</음식유형>
<주된음식>갈비탕</주된음식>
<데이터기준일자>2017-06-08</데이터기준일자>
<데이터관리부서>만안구청 환경위생과</데이터관리부서>
</Row>
<Row>
<상호>짬뽕파크</상호>
<소재지도로명주소>경기도 안양시 만안구 만안로 209, 지상2층 (안양동)</소재지도로명주소>
<전화번호>031-449-3481</전화번호>
<음식유형>중식</음식유형>
<주된음식>짬뽕</주된음식>
<데이터기준일자>2017-06-08</데이터기준일자>
<데이터관리부서>만안구청 환경위생과</데이터관리부서>
</Row>
<Row>
<상호>돈도담</상호>
<소재지도로명주소>경기도 안양시 만안구 박달로 406, 지상1층 (박달동)</소재지도로명주소>
<전화번호>031-443-1236</전화번호>
<음식유형>한식</음식유형>
<주된음식>갈비탕</주된음식>
<데이터기준일자>2017-06-08</데이터기준일자>
<데이터관리부서>만안구청 환경위생과</데이터관리부서>
</Row>
<Row>
<상호>임가네보리밥잔치국수</상호>
<소재지도로명주소>경기도 안양시 만안구 삼막로 59, 1층 (석수동)</소재지도로명주소>
<전화번호>031-471-3577</전화번호>
<음식유형>한식</음식유형>
<주된음식>잔치국수</주된음식>
<데이터기준일자>2017-06-08</데이터기준일자>
<데이터관리부서>만안구청 환경위생과</데이터관리부서>
</Row>
<Row>
<상호>박은자맛사랑</상호>
<소재지도로명주소>경기도 안양시 만안구 삼덕로6번길 25, 지상2층 (안양동)</소재지도로명주소>
<전화번호>031-441-0999</전화번호>
<음식유형>한식</음식유형>
<주된음식>미역국</주된음식>
<데이터기준일자>2017-06-08</데이터기준일자>
<데이터관리부서>만안구청 환경위생과</데이터관리부서>
</Row>
<Row>
<상호>더춘장</상호>
<소재지도로명주소>경기도 안양시 만안구 장내로149번길 53, 지상4층 (안양동)</소재지도로명주소>
<전화번호>031-449-2134</전화번호>
<음식유형>중식</음식유형>
<주된음식>짬뽕</주된음식>
<데이터기준일자>2017-06-08</데이터기준일자>
<데이터관리부서>만안구청 환경위생과</데이터관리부서>
</Row>
<Row>
<상호>맛있는찌개</상호>
<소재지도로명주소>경기도 안양시 만안구 예술공원로 162, 지상1층 (안양동)</소재지도로명주소>
<전화번호>031-473-3332</전화번호>
<음식유형>한식</음식유형>
<주된음식>생고기찌개</주된음식>
<데이터기준일자>2017-06-08</데이터기준일자>
<데이터관리부서>만안구청 환경위생과</데이터관리부서>
</Row>
<Row>
<상호>순남시래기</상호>
<소재지도로명주소>경기도 안양시 만안구 안양로 119, 지상1층 (안양동)</소재지도로명주소>
<전화번호>031-444-1950</전화번호>
<음식유형>한식</음식유형>
<주된음식>들깨국</주된음식>
<데이터기준일자>2017-06-08</데이터기준일자>
<데이터관리부서>만안구청 환경위생과</데이터관리부서>
</Row>
<Row>
<상호>산너울</상호>
<소재지도로명주소>경기도 안양시 동안구 경수대로519번길 55 (호계동)</소재지도로명주소>
<전화번호>031-427-7188</전화번호>
<음식유형>한식</음식유형>
<주된음식>산채정식,비빔밥</주된음식>
<데이터기준일자>2017-11-08</데이터기준일자>
<데이터관리부서>동안구청 환경위생과</데이터관리부서>
</Row>
<Row>
<상호>홍도해물</상호>
<소재지도로명주소>경기도 안양시 동안구 운곡로 13 (비산동)</소재지도로명주소>
<전화번호>031-386-6679</전화번호>
<음식유형>한식</음식유형>
<주된음식>낙지볶음,해물탕</주된음식>
<데이터기준일자>2017-11-08</데이터기준일자>
<데이터관리부서>동안구청 환경위생과</데이터관리부서>
</Row>
<Row>
<상호>월수금(비산점)</상호>
<소재지도로명주소>경기도 안양시 동안구 평촌대로 369 (비산동)</소재지도로명주소>
<전화번호>031-469-7070</전화번호>
<음식유형>한식</음식유형>
<주된음식>김치찌게,삼겹살</주된음식>
<데이터기준일자>2017-11-08</데이터기준일자>
<데이터관리부서>동안구청 환경위생과</데이터관리부서>
</Row>
<Row>
<상호>착한낙지안양점</상호>
<소재지도로명주소>경기도 안양시 동안구 관악대로 180 (비산동)</소재지도로명주소>
<전화번호>031-382-5550</전화번호>
<음식유형>한식</음식유형>
<주된음식>낙지볶음</주된음식>
<데이터기준일자>2017-11-08</데이터기준일자>
<데이터관리부서>동안구청 환경위생과</데이터관리부서>
</Row>
<Row>
<상호>임가네착한상차림</상호>
<소재지도로명주소>경기도 안양시 동안구 귀인로190번길 53 (평촌동)</소재지도로명주소>
<전화번호>031-386-3732</전화번호>
<음식유형>한식</음식유형>
<주된음식>찜류</주된음식>
<데이터기준일자>2017-11-08</데이터기준일자>
<데이터관리부서>동안구청 환경위생과</데이터관리부서>
</Row>
<Row>
<상호>명가원설농탕</상호>
<소재지도로명주소>경기도 안양시 동안구 관악대로 249 (비산동, 지상1층)</소재지도로명주소>
<전화번호>031-384-5335</전화번호>
<음식유형>한식</음식유형>
<주된음식>설농탕</주된음식>
<데이터기준일자>2017-11-08</데이터기준일자>
<데이터관리부서>동안구청 환경위생과</데이터관리부서>
</Row>
<Row>
<상호>(주)풍성한</상호>
<소재지도로명주소>경기도 안양시 동안구 경수대로 917 (비산동, 지상2층+지상3층일부)</소재지도로명주소>
<전화번호>031-468-6176</전화번호>
<음식유형>한식</음식유형>
<주된음식>냉면,칼국수</주된음식>
<데이터기준일자>2017-11-08</데이터기준일자>
<데이터관리부서>동안구청 환경위생과</데이터관리부서>
</Row>
<Row>
<상호>화평동왕냉면</상호>
<소재지도로명주소>경기도 안양시 동안구 관악대로418번길 19-22 (관양동, 1층)</소재지도로명주소>
<전화번호>031-424-9239</전화번호>
<음식유형>한식</음식유형>
<주된음식>갈비,냉면</주된음식>
<데이터기준일자>2017-11-08</데이터기준일자>
<데이터관리부서>동안구청 환경위생과</데이터관리부서>
</Row>
<Row>
<상호>미전</상호>
<소재지도로명주소>경기도 안양시 동안구 관평로182번길 42 (관양동, 남경빌딩 지상2층204호)</소재지도로명주소>
<전화번호>031-386-9233</전화번호>
<음식유형>한식</음식유형>
<주된음식>소갈비,생등심</주된음식>
<데이터기준일자>2017-11-08</데이터기준일자>
<데이터관리부서>동안구청 환경위생과</데이터관리부서>
</Row>
<Row>
<상호>안박사고기집</상호>
<소재지도로명주소>경기도 안양시 동안구 부림로 113 (관양동, 지상2층 213호,214호,215호)</소재지도로명주소>
<전화번호>031-388-3663</전화번호>
<음식유형>한식</음식유형>
<주된음식>안창살,갈비찜</주된음식>
<데이터기준일자>2017-11-08</데이터기준일자>
<데이터관리부서>동안구청 환경위생과</데이터관리부서>
</Row>
<Row>
<상호>삼정식당</상호>
<소재지도로명주소>경기도 안양시 동안구 귀인로190번길 39 (평촌동, 지상1층)</소재지도로명주소>
<전화번호>031-388-7766</전화번호>
<음식유형>일식</음식유형>
<주된음식>복지리,탕</주된음식>
<데이터기준일자>2017-11-08</데이터기준일자>
<데이터관리부서>동안구청 환경위생과</데이터관리부서>
</Row>
<Row>
<상호>장강중화요리</상호>
<소재지도로명주소>경기도 안양시 동안구 평촌대로 376 (비산동)</소재지도로명주소>
<전화번호>031-386-8847</전화번호>
<음식유형>중식</음식유형>
<주된음식>자장면, 우동</주된음식>
<데이터기준일자>2017-11-08</데이터기준일자>
<데이터관리부서>동안구청 환경위생과</데이터관리부서>
</Row>
<Row>
<상호>한맛</상호>
<소재지도로명주소>경기도 안양시 동안구 갈산로44번길 62 (호계동, 지상1층,지하1층일부)</소재지도로명주소>
<전화번호>031-459-2959</전화번호>
<음식유형>한식</음식유형>
<주된음식>등심, 안심구이</주된음식>
<데이터기준일자>2017-11-08</데이터기준일자>
<데이터관리부서>동안구청 환경위생과</데이터관리부서>
</Row>
<Row>
<상호>평촌식당</상호>
<소재지도로명주소>경기도 안양시 동안구 흥안대로 313 (평촌동, 농수산물도매시장관리동2층2호)</소재지도로명주소>
<전화번호>031-424-0050</전화번호>
<음식유형>일식</음식유형>
<주된음식>생선회</주된음식>
<데이터기준일자>2017-11-08</데이터기준일자>
<데이터관리부서>동안구청 환경위생과</데이터관리부서>
</Row>
<Row>
<상호>연건삼계탕</상호>
<소재지도로명주소>경기도 안양시 동안구 부림로 156 (관양동, 외1필지 안양법조타운 지하102)</소재지도로명주소>
<전화번호>031-421-4431</전화번호>
<음식유형>한식</음식유형>
<주된음식>삼계탕</주된음식>
<데이터기준일자>2017-11-08</데이터기준일자>
<데이터관리부서>동안구청 환경위생과</데이터관리부서>
</Row>
<Row>
<상호>동천홍</상호>
<소재지도로명주소>경기도 안양시 동안구 귀인로190번길 39, 301호 (평촌동, 평촌주차빌딩)</소재지도로명주소>
<전화번호>031-385-2888</전화번호>
<음식유형>중식</음식유형>
<주된음식>자장면류</주된음식>
<데이터기준일자>2017-11-08</데이터기준일자>
<데이터관리부서>동안구청 환경위생과</데이터관리부서>
</Row>
<Row>
<상호>이조성쑥돌밥설렁탕</상호>
<소재지도로명주소>경기도 안양시 동안구 관악대로 181 (비산동)</소재지도로명주소>
<전화번호>031-386-9966</전화번호>
<음식유형>한식</음식유형>
<주된음식>설렁탕, 갈비탕</주된음식>
<데이터기준일자>2017-11-08</데이터기준일자>
<데이터관리부서>동안구청 환경위생과</데이터관리부서>
</Row>
<Row>
<상호>예조</상호>
<소재지도로명주소>경기도 안양시 동안구 관평로186번길 23 (관양동, 지상1층)</소재지도로명주소>
<전화번호>031-385-1407</전화번호>
<음식유형>일식</음식유형>
<주된음식>모듬회</주된음식>
<데이터기준일자>2017-11-08</데이터기준일자>
<데이터관리부서>동안구청 환경위생과</데이터관리부서>
</Row>
<Row>
<상호>설악추어탕</상호>
<소재지도로명주소>경기도 안양시 동안구 경수대로 829 (비산동)</소재지도로명주소>
<전화번호>031-468-9937</전화번호>
<음식유형>한식</음식유형>
<주된음식>추어탕</주된음식>
<데이터기준일자>2017-11-08</데이터기준일자>
<데이터관리부서>동안구청 환경위생과</데이터관리부서>
</Row>
<Row>
<상호>해조</상호>
<소재지도로명주소>경기도 안양시 동안구 관평로186번길 23 (관양동, 지상3층)</소재지도로명주소>
<전화번호>031-385-1407</전화번호>
<음식유형>일식</음식유형>
<주된음식>회정식</주된음식>
<데이터기준일자>2017-11-08</데이터기준일자>
<데이터관리부서>동안구청 환경위생과</데이터관리부서>
</Row>
<Row>
<상호>여러분덕(오리훈제구이)</상호>
<소재지도로명주소>경기도 안양시 동안구 경수대로651번길 59 (호계동, 1층)</소재지도로명주소>
<전화번호>031-427-5233</전화번호>
<음식유형>한식</음식유형>
<주된음식>오리구이</주된음식>
<데이터기준일자>2017-11-08</데이터기준일자>
<데이터관리부서>동안구청 환경위생과</데이터관리부서>
</Row>
<Row>
<상호>유가네숯불돈닭갈비</상호>
<소재지도로명주소>경기도 안양시 동안구 관평로182번길 23 (관양동, 무지개상가 205호)</소재지도로명주소>
<전화번호>031-382-7387</전화번호>
<음식유형>한식</음식유형>
<주된음식>찌개류</주된음식>
<데이터기준일자>2017-11-08</데이터기준일자>
<데이터관리부서>동안구청 환경위생과</데이터관리부서>
</Row>
<Row>
<상호>본가청기와감자탕</상호>
<소재지도로명주소>경기도 안양시 동안구 경수대로 813 (호계동, 지상1층)</소재지도로명주소>
<전화번호>031-456-0603</전화번호>
<음식유형>한식</음식유형>
<주된음식>뼈해장국</주된음식>
<데이터기준일자>2017-11-08</데이터기준일자>
<데이터관리부서>동안구청 환경위생과</데이터관리부서>
</Row>
<Row>
<상호>시골밥상</상호>
<소재지도로명주소>경기도 안양시 동안구 귀인로190번길 39-42 (평촌동, 1층)</소재지도로명주소>
<전화번호>031-381-7942</전화번호>
<음식유형>한식</음식유형>
<주된음식>백반</주된음식>
<데이터기준일자>2017-11-08</데이터기준일자>
<데이터관리부서>동안구청 환경위생과</데이터관리부서>
</Row>
<Row>
<상호>우리민물장어</상호>
<소재지도로명주소>경기도 안양시 동안구 경수대로884번길 46 (비산동, 1층)</소재지도로명주소>
<전화번호>031-384-9154</전화번호>
<음식유형>한식</음식유형>
<주된음식>장어구이</주된음식>
<데이터기준일자>2017-11-08</데이터기준일자>
<데이터관리부서>동안구청 환경위생과</데이터관리부서>
</Row>
<Row>
<상호>(주)햄바라기</상호>
<소재지도로명주소>경기도 안양시 동안구 관평로182번길 30 (관양동, 한솔프라자.중층103,104호)</소재지도로명주소>
<전화번호>031-388-4525</전화번호>
<음식유형>한식</음식유형>
<주된음식>부대찌개류</주된음식>
<데이터기준일자>2017-11-08</데이터기준일자>
<데이터관리부서>동안구청 환경위생과</데이터관리부서>
</Row>
<Row>
<상호>낙지한마리수제비</상호>
<소재지도로명주소>경기도 안양시 동안구 평의길 73 (평촌동, 1층)</소재지도로명주소>
<전화번호>031-423-2100</전화번호>
<음식유형>한식</음식유형>
<주된음식>낙지수제비,낚지볶음</주된음식>
<데이터기준일자>2017-11-08</데이터기준일자>
<데이터관리부서>동안구청 환경위생과</데이터관리부서>
</Row>
<Row>
<상호>뽕잎사랑샤브칼국수보쌈냉면</상호>
<소재지도로명주소>경기도 안양시 동안구 관평로170번길 33 (관양동, 평촌주공공이 207호)</소재지도로명주소>
<전화번호>031-388-8171</전화번호>
<음식유형>한식</음식유형>
<주된음식>샤브샤브</주된음식>
<데이터기준일자>2017-11-08</데이터기준일자>
<데이터관리부서>동안구청 환경위생과</데이터관리부서>
</Row>
<Row>
<상호>백년식당서서갈비</상호>
<소재지도로명주소>경기도 안양시 동안구 관악대로 450 (관양동)</소재지도로명주소>
<전화번호>031-422-0307</전화번호>
<음식유형>한식</음식유형>
<주된음식>냉면, 갈비</주된음식>
<데이터기준일자>2017-11-08</데이터기준일자>
<데이터관리부서>동안구청 환경위생과</데이터관리부서>
</Row>
<Row>
<상호>씨제이푸드빌(주)빕스(인덕원점)</상호>
<소재지도로명주소>경기도 안양시 동안구 흥안대로 402 (평촌동, 3층)</소재지도로명주소>
<전화번호>031-423-1997</전화번호>
<음식유형>양식</음식유형>
<주된음식>샐러드바</주된음식>
<데이터기준일자>2017-11-08</데이터기준일자>
<데이터관리부서>동안구청 환경위생과</데이터관리부서>
</Row>
<Row>
<상호>씨제이푸드빌(주) 빕스 비산점</상호>
<소재지도로명주소>경기도 안양시 동안구 관악대로 201 (비산동, 지상2층)</소재지도로명주소>
<전화번호>031-423-0348</전화번호>
<음식유형>양식</음식유형>
<주된음식>샐러드바</주된음식>
<데이터기준일자>2017-11-08</데이터기준일자>
<데이터관리부서>동안구청 환경위생과</데이터관리부서>
</Row>
<Row>
<상호>(유)아웃백스테이크하우스(평촌점)</상호>
<소재지도로명주소>경기도 안양시 동안구 시민대로 214 (호계동, 다운타운빌딩 201호,202호)</소재지도로명주소>
<전화번호>031-387-3761</전화번호>
<음식유형>양식</음식유형>
<주된음식>스테이크류</주된음식>
<데이터기준일자>2017-11-08</데이터기준일자>
<데이터관리부서>동안구청 환경위생과</데이터관리부서>
</Row>
<Row>
<상호>고기랑해물이랑</상호>
<소재지도로명주소>경기도 안양시 동안구 흥안대로514번길 14 (관양동, 지상1층)</소재지도로명주소>
<전화번호>031-421-5647</전화번호>
<음식유형>한식</음식유형>
<주된음식>삼겹살</주된음식>
<데이터기준일자>2017-11-08</데이터기준일자>
<데이터관리부서>동안구청 환경위생과</데이터관리부서>
</Row>
<Row>
<상호>웰빙참치</상호>
<소재지도로명주소>경기도 안양시 동안구 엘에스로 45 (호계동, 지상1층 106호)</소재지도로명주소>
<전화번호>031-429-0860</전화번호>
<음식유형>일식</음식유형>
<주된음식>참치</주된음식>
<데이터기준일자>2017-11-08</데이터기준일자>
<데이터관리부서>동안구청 환경위생과</데이터관리부서>
</Row>
<Row>
<상호>원할머니보쌈안양호계점</상호>
<소재지도로명주소>경기도 안양시 동안구 엘에스로 45 (호계동, 대영골든타워 112,113호)</소재지도로명주소>
<전화번호>031-451-5353</전화번호>
<음식유형>한식</음식유형>
<주된음식>보쌈,족발</주된음식>
<데이터기준일자>2017-11-08</데이터기준일자>
<데이터관리부서>동안구청 환경위생과</데이터관리부서>
</Row>
<Row>
<상호>천수한방삼계탕(평촌점)</상호>
<소재지도로명주소>경기도 안양시 동안구 관평로 176 (관양동, 한솔센트럴파크2 2층 204,205호)</소재지도로명주소>
<전화번호>031-388-0688</전화번호>
<음식유형>한식</음식유형>
<주된음식>삼계탕</주된음식>
<데이터기준일자>2017-11-08</데이터기준일자>
<데이터관리부서>동안구청 환경위생과</데이터관리부서>
</Row>
<Row>
<상호>삼성갈비</상호>
<소재지도로명주소>경기도 안양시 동안구 관악대로 131 (비산동, 지1층)</소재지도로명주소>
<전화번호>031-441-7635</전화번호>
<음식유형>한식</음식유형>
<주된음식>돼지갈비</주된음식>
<데이터기준일자>2017-11-08</데이터기준일자>
<데이터관리부서>동안구청 환경위생과</데이터관리부서>
</Row>
<Row>
<상호>청림</상호>
<소재지도로명주소>경기도 안양시 동안구 관악대로 72 (비산동, 지상2층층)</소재지도로명주소>
<전화번호>031-466-7790</전화번호>
<음식유형>한식</음식유형>
<주된음식>삼겹살</주된음식>
<데이터기준일자>2017-11-08</데이터기준일자>
<데이터관리부서>동안구청 환경위생과</데이터관리부서>
</Row>
<Row>
<상호>옛골가마솥뼈다귀</상호>
<소재지도로명주소>경기도 안양시 동안구 흥안대로 458 (평촌동, 107,108,109호)</소재지도로명주소>
<전화번호>031-421-9977</전화번호>
<음식유형>한식</음식유형>
<주된음식>감자탕</주된음식>
<데이터기준일자>2017-11-08</데이터기준일자>
<데이터관리부서>동안구청 환경위생과</데이터관리부서>
</Row>
<Row>
<상호>착한동안부페</상호>
<소재지도로명주소>경기도 안양시 동안구 시민대로 187, 210호, 211호 (비산동, 안양건설타워)</소재지도로명주소>
<전화번호>031-388-8547</전화번호>
<음식유형>한식</음식유형>
<주된음식>백반류,한식뷔페</주된음식>
<데이터기준일자>2017-11-08</데이터기준일자>
<데이터관리부서>동안구청 환경위생과</데이터관리부서>
</Row>
<Row>
<상호>청국장과보리밥</상호>
<소재지도로명주소>경기도 안양시 동안구 시민대로 187 (비산동, 안양건설타워 207,208호)</소재지도로명주소>
<전화번호>031-440-9982</전화번호>
<음식유형>한식</음식유형>
<주된음식>청국장,보리밥</주된음식>
<데이터기준일자>2017-11-08</데이터기준일자>
<데이터관리부서>동안구청 환경위생과</데이터관리부서>
</Row>
<Row>
<상호>소나무푸드</상호>
<소재지도로명주소>경기도 안양시 동안구 엘에스로 76 (호계동, 지하 104,105호)</소재지도로명주소>
<전화번호>031-479-6226</전화번호>
<음식유형>한식</음식유형>
<주된음식>한식뷔페</주된음식>
<데이터기준일자>2017-11-08</데이터기준일자>
<데이터관리부서>동안구청 환경위생과</데이터관리부서>
</Row>
<Row>
<상호>모듬생선구이밥상</상호>
<소재지도로명주소>경기도 안양시 동안구 경수대로 617 (호계동, 2층)</소재지도로명주소>
<전화번호>031-458-8878</전화번호>
<음식유형>한식</음식유형>
<주된음식>고등어생선구이</주된음식>
<데이터기준일자>2017-11-08</데이터기준일자>
<데이터관리부서>동안구청 환경위생과</데이터관리부서>
</Row>
<Row>
<상호>토담골한정식</상호>
<소재지도로명주소>경기도 안양시 동안구 평촌대로 239 (비산동, 외1필지 신안메트로칸 232,233,234,235,236,237호)</소재지도로명주소>
<전화번호>031-381-7733</전화번호>
<음식유형>한식</음식유형>
<주된음식>한정식</주된음식>
<데이터기준일자>2017-11-08</데이터기준일자>
<데이터관리부서>동안구청 환경위생과</데이터관리부서>
</Row>
<Row>
<상호>사랑방</상호>
<소재지도로명주소>경기도 안양시 동안구 흥안대로 386 (평촌동, 지상2층)</소재지도로명주소>
<전화번호>031-421-8592</전화번호>
<음식유형>한식</음식유형>
<주된음식>돼지갈비</주된음식>
<데이터기준일자>2017-11-08</데이터기준일자>
<데이터관리부서>동안구청 환경위생과</데이터관리부서>
</Row>
<Row>
<상호>참항제주뚝배기</상호>
<소재지도로명주소>경기도 안양시 동안구 평촌대로 239 (비산동, 신안메트로칸 207,208,209,210호)</소재지도로명주소>
<전화번호>031-384-0181</전화번호>
<음식유형>한식</음식유형>
<주된음식>뚝배기</주된음식>
<데이터기준일자>2017-11-08</데이터기준일자>
<데이터관리부서>동안구청 환경위생과</데이터관리부서>
</Row>
<Row>
<상호>한송정</상호>
<소재지도로명주소>경기도 안양시 동안구 부림로 156 (관양동, 601호)</소재지도로명주소>
<전화번호>031-424-8599</전화번호>
<음식유형>한식</음식유형>
<주된음식>한정식</주된음식>
<데이터기준일자>2017-11-08</데이터기준일자>
<데이터관리부서>동안구청 환경위생과</데이터관리부서>
</Row>
<Row>
<상호>운동장화로구이</상호>
<소재지도로명주소>경기도 안양시 동안구 운곡로 9 (비산동, 지상1층)</소재지도로명주소>
<전화번호>031-385-7700</전화번호>
<음식유형>한식</음식유형>
<주된음식>등심구이,삽겹살,돼지갈비</주된음식>
<데이터기준일자>2017-11-08</데이터기준일자>
<데이터관리부서>동안구청 환경위생과</데이터관리부서>
</Row>
<Row>
<상호>춘향골 남원추어탕</상호>
<소재지도로명주소>경기도 안양시 동안구 관악대로 310 (관양동)</소재지도로명주소>
<전화번호>031-476-7577</전화번호>
<음식유형>한식</음식유형>
<주된음식>추어탕</주된음식>
<데이터기준일자>2017-11-08</데이터기준일자>
<데이터관리부서>동안구청 환경위생과</데이터관리부서>
</Row>
<Row>
<상호>진성장어</상호>
<소재지도로명주소>경기도 안양시 동안구 귀인로 295 (평촌동, 지상1층, 지상2층)</소재지도로명주소>
<전화번호>031-422-6677</전화번호>
<음식유형>한식</음식유형>
<주된음식>장어구이</주된음식>
<데이터기준일자>2017-11-08</데이터기준일자>
<데이터관리부서>동안구청 환경위생과</데이터관리부서>
</Row>
<Row>
<상호>(주)엠브이컴퍼니</상호>
<소재지도로명주소>경기도 안양시 동안구 동안로 120 (호계동, 평촌스포츠센타 7층일부)</소재지도로명주소>
<전화번호>031-476-8080</전화번호>
<음식유형>뷔페식</음식유형>
<주된음식>뷔페식</주된음식>
<데이터기준일자>2017-11-08</데이터기준일자>
<데이터관리부서>동안구청 환경위생과</데이터관리부서>
</Row>
<Row>
<상호>희래등</상호>
<소재지도로명주소>경기도 안양시 동안구 경수대로 588, 2층 (호계동)</소재지도로명주소>
<전화번호>031-459-2777</전화번호>
<음식유형>한식</음식유형>
<주된음식>자장면.짬뽕</주된음식>
<데이터기준일자>2017-11-08</데이터기준일자>
<데이터관리부서>동안구청 환경위생과</데이터관리부서>
</Row>
<Row>
<상호>병천순대</상호>
<소재지도로명주소>경기도 안양시 동안구 평촌대로 217 (호계동, 한솔센트럴파크 108,109,110호)</소재지도로명주소>
<전화번호>031-381-0356</전화번호>
<음식유형>한식</음식유형>
<주된음식>순대류</주된음식>
<데이터기준일자>2017-11-08</데이터기준일자>
<데이터관리부서>동안구청 환경위생과</데이터관리부서>
</Row>
<Row>
<상호>이왕은돈가</상호>
<소재지도로명주소>경기도 안양시 동안구 호성로 6 (호계동, 지상1층)</소재지도로명주소>
<전화번호/>
<음식유형>한식</음식유형>
<주된음식>족발,보쌈</주된음식>
<데이터기준일자>2017-11-08</데이터기준일자>
<데이터관리부서>동안구청 환경위생과</데이터관리부서>
</Row>
<Row>
<상호>(주)토다이(평촌점)</상호>
<소재지도로명주소>경기도 안양시 동안구 관악대로 272 (비산동, 키즈맘센터 210호,220호,221호,230호)</소재지도로명주소>
<전화번호>031-384-3684</전화번호>
<음식유형>뷔페</음식유형>
<주된음식>뷔페</주된음식>
<데이터기준일자>2017-11-08</데이터기준일자>
<데이터관리부서>동안구청 환경위생과</데이터관리부서>
</Row>
<Row>
<상호>주식회사 제이에이푸드시스템</상호>
<소재지도로명주소>경기도 안양시 동안구 전파로 88 (호계동, 신원비젼타워 지하B07호)</소재지도로명주소>
<전화번호>031-478-8899</전화번호>
<음식유형>뷔페식</음식유형>
<주된음식>한식뷔페</주된음식>
<데이터기준일자>2017-11-08</데이터기준일자>
<데이터관리부서>동안구청 환경위생과</데이터관리부서>
</Row>
<Row>
<상호>마사모또</상호>
<소재지도로명주소>경기도 안양시 동안구 관평로170번길 33 (관양동, 평촌주공공이 213호)</소재지도로명주소>
<전화번호>031-388-0014</전화번호>
<음식유형>일식</음식유형>
<주된음식>회,초밥</주된음식>
<데이터기준일자>2017-11-08</데이터기준일자>
<데이터관리부서>동안구청 환경위생과</데이터관리부서>
</Row>
<Row>
<상호>서울남산희래등</상호>
<소재지도로명주소>경기도 안양시 동안구 시민대로 230 (관양동, 대림아크로타워 C503,C504,C505호)</소재지도로명주소>
<전화번호>031-478-9090</전화번호>
<음식유형>중식</음식유형>
<주된음식>자장면류</주된음식>
<데이터기준일자>2017-11-08</데이터기준일자>
<데이터관리부서>동안구청 환경위생과</데이터관리부서>
</Row>
<Row>
<상호>파티엘하우스</상호>
<소재지도로명주소>경기도 안양시 동안구 시민대로 230 (관양동, 대림아크로타워B3901,3902호)</소재지도로명주소>
<전화번호>031-478-9585</전화번호>
<음식유형>뷔페</음식유형>
<주된음식>뷔페</주된음식>
<데이터기준일자>2017-11-08</데이터기준일자>
<데이터관리부서>동안구청 환경위생과</데이터관리부서>
</Row>
<Row>
<상호>청담설농탕</상호>
<소재지도로명주소>경기도 안양시 동안구 관악대로 488 (관양동, 창덕에버빌114-1-115,116호일부)</소재지도로명주소>
<전화번호>031-425-8181</전화번호>
<음식유형>한식</음식유형>
<주된음식>설렁탕</주된음식>
<데이터기준일자>2017-11-08</데이터기준일자>
<데이터관리부서>동안구청 환경위생과</데이터관리부서>
</Row>
<Row>
<상호>유락복집</상호>
<소재지도로명주소>경기도 안양시 동안구 부림로 171 (관양동, 평촌라츠오피스텔 101,102호)</소재지도로명주소>
<전화번호>031-447-4004</전화번호>
<음식유형>일식</음식유형>
<주된음식>복칼국수,복튀김</주된음식>
<데이터기준일자>2017-11-08</데이터기준일자>
<데이터관리부서>동안구청 환경위생과</데이터관리부서>
</Row>
<Row>
<상호>웰빙시골우렁쌈밥</상호>
<소재지도로명주소>경기도 안양시 동안구 경수대로 567 (호계동)</소재지도로명주소>
<전화번호>031-456-3431</전화번호>
<음식유형>한식</음식유형>
<주된음식>우렁쌈밥</주된음식>
<데이터기준일자>2017-11-08</데이터기준일자>
<데이터관리부서>동안구청 환경위생과</데이터관리부서>
</Row>
<Row>
<상호>누렁소마루</상호>
<소재지도로명주소>경기도 안양시 동안구 경수대로 855 (비산동, 지상1층)</소재지도로명주소>
<전화번호>031-464-2500</전화번호>
<음식유형>한식</음식유형>
<주된음식>갈비,해장국</주된음식>
<데이터기준일자>2017-11-08</데이터기준일자>
<데이터관리부서>동안구청 환경위생과</데이터관리부서>
</Row>
<Row>
<상호>훼미리</상호>
<소재지도로명주소>경기도 안양시 동안구 엘에스로91번길 32-33 (호계동, (지상1층))</소재지도로명주소>
<전화번호>031-452-9501</전화번호>
<음식유형>뷔페식</음식유형>
<주된음식>부페</주된음식>
<데이터기준일자>2017-11-08</데이터기준일자>
<데이터관리부서>동안구청 환경위생과</데이터관리부서>
</Row>
<Row>
<상호>내츄럴푸드</상호>
<소재지도로명주소>경기도 안양시 동안구 엘에스로91번길 46-24 (호계동, 외1필지 대림프라자 1층 일부)</소재지도로명주소>
<전화번호>031-451-2405</전화번호>
<음식유형>한식</음식유형>
<주된음식>한식뷔페</주된음식>
<데이터기준일자>2017-11-08</데이터기준일자>
<데이터관리부서>동안구청 환경위생과</데이터관리부서>
</Row>
<Row>
<상호>서호돈가스</상호>
<소재지도로명주소>경기도 안양시 동안구 흥안대로 434 (평촌동, (201, 202, 203, 219호))</소재지도로명주소>
<전화번호>031-422-3232</전화번호>
<음식유형>양식</음식유형>
<주된음식>피자</주된음식>
<데이터기준일자>2017-11-08</데이터기준일자>
<데이터관리부서>동안구청 환경위생과</데이터관리부서>
</Row>
<Row>
<상호>병천순대</상호>
<소재지도로명주소>경기도 안양시 동안구 평촌대로223번길 68 (호계동, 이랜드평촌프라자 지하1층 B01호)</소재지도로명주소>
<전화번호>031-388-0390</전화번호>
<음식유형>한식</음식유형>
<주된음식>순대국</주된음식>
<데이터기준일자>2017-11-08</데이터기준일자>
<데이터관리부서>동안구청 환경위생과</데이터관리부서>
</Row>
<Row>
<상호>야나기참치</상호>
<소재지도로명주소>경기도 안양시 동안구 관평로305번길 21 (관양동, 지상2층)</소재지도로명주소>
<전화번호>031-388-8224</전화번호>
<음식유형>일식</음식유형>
<주된음식>참치회</주된음식>
<데이터기준일자>2017-11-08</데이터기준일자>
<데이터관리부서>동안구청 환경위생과</데이터관리부서>
</Row>
<Row>
<상호>농협안심한우마을</상호>
<소재지도로명주소>경기도 안양시 동안구 안양천동로 146 (비산동, 가동 일부, 나동 지상1층)</소재지도로명주소>
<전화번호>031-468-8282</전화번호>
<음식유형>한식</음식유형>
<주된음식>등심,안심,탕</주된음식>
<데이터기준일자>2017-11-08</데이터기준일자>
<데이터관리부서>동안구청 환경위생과</데이터관리부서>
</Row>
<Row>
<상호>목장이야기정육식당</상호>
<소재지도로명주소>경기도 안양시 동안구 흥안대로456번길 15 (평촌동, 지상2층)</소재지도로명주소>
<전화번호>031-422-1351</전화번호>
<음식유형>한식</음식유형>
<주된음식>돼지갈비</주된음식>
<데이터기준일자>2017-11-08</데이터기준일자>
<데이터관리부서>동안구청 환경위생과</데이터관리부서>
</Row>
<Row>
<상호>(주)캘리스코사보텐(롯데백화점평촌점)</상호>
<소재지도로명주소>경기도 안양시 동안구 시민대로 180, 지상7층 (호계동, 롯데백화점)</소재지도로명주소>
<전화번호>031-8086-9860</전화번호>
<음식유형>양식</음식유형>
<주된음식>돈까스</주된음식>
<데이터기준일자>2017-11-08</데이터기준일자>
<데이터관리부서>동안구청 환경위생과</데이터관리부서>
</Row>
<Row>
<상호>온더보더(평촌롯데점)</상호>
<소재지도로명주소>경기도 안양시 동안구 시민대로 180, 지상8층 (호계동, 롯데백화점)</소재지도로명주소>
<전화번호>031-8086-9805</전화번호>
<음식유형>양식(멕시코)</음식유형>
<주된음식>화이타</주된음식>
<데이터기준일자>2017-11-08</데이터기준일자>
<데이터관리부서>동안구청 환경위생과</데이터관리부서>
</Row>
<Row>
<상호>데리야끼(롯데평촌점)</상호>
<소재지도로명주소>경기도 안양시 동안구 시민대로 180, 지상7층 (호계동, 롯데백화점)</소재지도로명주소>
<전화번호>031-8086-9853</전화번호>
<음식유형>일식</음식유형>
<주된음식>돈까스</주된음식>
<데이터기준일자>2017-11-08</데이터기준일자>
<데이터관리부서>동안구청 환경위생과</데이터관리부서>
</Row>
<Row>
<상호>끌레드쉐프</상호>
<소재지도로명주소>경기도 안양시 동안구 시민대로 180, 지상10층 (호계동, 롯데백화점)</소재지도로명주소>
<전화번호>031-8086-9030</전화번호>
<음식유형>뷔페식</음식유형>
<주된음식>뷔페식</주된음식>
<데이터기준일자>2017-11-08</데이터기준일자>
<데이터관리부서>동안구청 환경위생과</데이터관리부서>
</Row>
<Row>
<상호>스쿨푸드(평촌롯데점)</상호>
<소재지도로명주소>경기도 안양시 동안구 시민대로 180, 지상8층 (호계동, 롯데백화점)</소재지도로명주소>
<전화번호>031-8086-9815</전화번호>
<음식유형>한식</음식유형>
<주된음식>퓨전한식</주된음식>
<데이터기준일자>2017-11-08</데이터기준일자>
<데이터관리부서>동안구청 환경위생과</데이터관리부서>
</Row>
<Row>
<상호>참치한마리 선어도일식</상호>
<소재지도로명주소>경기도 안양시 동안구 귀인로190번길 39, 지상2층 201호 (평촌동)</소재지도로명주소>
<전화번호>031-382-6992</전화번호>
<음식유형>일식</음식유형>
<주된음식>참치회</주된음식>
<데이터기준일자>2017-11-08</데이터기준일자>
<데이터관리부서>동안구청 환경위생과</데이터관리부서>
</Row>
<Row>
<상호>남촌칼국수</상호>
<소재지도로명주소>경기도 안양시 동안구 귀인로 76, C동 지상1층 (호계동)</소재지도로명주소>
<전화번호>031-453-1189</전화번호>
<음식유형>한식</음식유형>
<주된음식>칼국수</주된음식>
<데이터기준일자>2017-11-08</데이터기준일자>
<데이터관리부서>동안구청 환경위생과</데이터관리부서>
</Row>
<Row>
<상호>샤브향</상호>
<소재지도로명주소>경기도 안양시 동안구 시민대로 401 (관양동, 대륭테크노타운15차 211,212,213호)</소재지도로명주소>
<전화번호>031-422-1002</전화번호>
<음식유형>한식</음식유형>
<주된음식>샤브</주된음식>
<데이터기준일자>2017-11-08</데이터기준일자>
<데이터관리부서>동안구청 환경위생과</데이터관리부서>
</Row>
<Row>
<상호>테이블아레테</상호>
<소재지도로명주소>경기도 안양시 동안구 시민대로 401, 214,215호 (관양동, 대륭테크노타운15차)</소재지도로명주소>
<전화번호>031-8040-2995</전화번호>
<음식유형>양식</음식유형>
<주된음식>안심스테이크</주된음식>
<데이터기준일자>2017-11-08</데이터기준일자>
<데이터관리부서>동안구청 환경위생과</데이터관리부서>
</Row>
<Row>
<상호>비소원</상호>
<소재지도로명주소>경기도 안양시 동안구 관악대로 415, 1층 (관양동, 대원옥관양동지점 나동 )</소재지도로명주소>
<전화번호>031-425-7794</전화번호>
<음식유형>한식</음식유형>
<주된음식>냉면, 갈비</주된음식>
<데이터기준일자>2017-11-08</데이터기준일자>
<데이터관리부서>동안구청 환경위생과</데이터관리부서>
</Row>
<Row>
<상호>콩갈아맷돌되비지</상호>
<소재지도로명주소>경기도 안양시 동안구 경수대로 520, 지상2층 (호계동,  )</소재지도로명주소>
<전화번호>031-452-0027</전화번호>
<음식유형>한식</음식유형>
<주된음식>콩비지전골, 삼겹살</주된음식>
<데이터기준일자>2017-11-08</데이터기준일자>
<데이터관리부서>동안구청 환경위생과</데이터관리부서>
</Row>
<Row>
<상호>한패(호계점)</상호>
<소재지도로명주소>경기도 안양시 동안구 엘에스로 55, 지상1층 101호 (호계동)</소재지도로명주소>
<전화번호>031-429-0999</전화번호>
<음식유형>한식</음식유형>
<주된음식>삼겹살구이</주된음식>
<데이터기준일자>2017-11-08</데이터기준일자>
<데이터관리부서>동안구청 환경위생과</데이터관리부서>
</Row>
<Row>
<상호>이정래식당(호계점)</상호>
<소재지도로명주소>경기도 안양시 동안구 경수대로 523, 지상1층 (호계동)</소재지도로명주소>
<전화번호>031-348-7471</전화번호>
<음식유형>한식</음식유형>
<주된음식>삼겹살구이</주된음식>
<데이터기준일자>2017-11-08</데이터기준일자>
<데이터관리부서>동안구청 환경위생과</데이터관리부서>
</Row>
<Row>
<상호>(주)이바돔감자탕 평촌점</상호>
<소재지도로명주소>경기도 안양시 동안구 시민대로 312 (평촌동, 평촌칼라힐주차빌딩 201호)</소재지도로명주소>
<전화번호>031-423-8889</전화번호>
<음식유형>한식</음식유형>
<주된음식>감자탕</주된음식>
<데이터기준일자>2017-11-08</데이터기준일자>
<데이터관리부서>동안구청 환경위생과</데이터관리부서>
</Row>
<Row>
<상호>한돈만</상호>
<소재지도로명주소>경기도 안양시 동안구 흥안대로507번길 11, 지상1층일부층 (관양동)</소재지도로명주소>
<전화번호>031-422-6292</전화번호>
<음식유형>한식</음식유형>
<주된음식>삼겹살,등심</주된음식>
<데이터기준일자>2017-11-08</데이터기준일자>
<데이터관리부서>동안구청 환경위생과</데이터관리부서>
</Row>
<Row>
<상호>일등추어탕</상호>
<소재지도로명주소>경기도 안양시 동안구 경수대로 729, 지상1층 (호계동)</소재지도로명주소>
<전화번호>031-427-3003</전화번호>
<음식유형>한식</음식유형>
<주된음식>추어탕</주된음식>
<데이터기준일자>2017-11-08</데이터기준일자>
<데이터관리부서>동안구청 환경위생과</데이터관리부서>
</Row>
<Row>
<상호>어죽이네철렵국</상호>
<소재지도로명주소>경기도 안양시 동안구 관평로170번길 43, 206호 (관양동, 훼미리타운)</소재지도로명주소>
<전화번호>031-382-5599</전화번호>
<음식유형>한식</음식유형>
<주된음식>잡어매운탕</주된음식>
<데이터기준일자>2017-11-08</데이터기준일자>
<데이터관리부서>동안구청 환경위생과</데이터관리부서>
</Row>
<Row>
<상호>장어명가</상호>
<소재지도로명주소>경기도 안양시 동안구 평촌대로476번길 3, 2,3층 (비산동)</소재지도로명주소>
<전화번호>031-443-0592</전화번호>
<음식유형>한식</음식유형>
<주된음식>장어구이, 장어탕</주된음식>
<데이터기준일자>2017-11-08</데이터기준일자>
<데이터관리부서>동안구청 환경위생과</데이터관리부서>
</Row>
<Row>
<상호>마벨리에</상호>
<소재지도로명주소>경기도 안양시 동안구 관평로 175 (관양동, 1층일부)</소재지도로명주소>
<전화번호>031-381-3000</전화번호>
<음식유형>뷔폐식</음식유형>
<주된음식>뷔페</주된음식>
<데이터기준일자>2017-11-08</데이터기준일자>
<데이터관리부서>동안구청 환경위생과</데이터관리부서>
</Row>
<Row>
<상호>봉가진</상호>
<소재지도로명주소>경기도 안양시 동안구 평촌대로 436, 2,3층 (비산동)</소재지도로명주소>
<전화번호>031-382-9616</전화번호>
<음식유형>한식</음식유형>
<주된음식>한정식</주된음식>
<데이터기준일자>2017-11-08</데이터기준일자>
<데이터관리부서>동안구청 환경위생과</데이터관리부서>
</Row>
<Row>
<상호>우리콩손두부</상호>
<소재지도로명주소>경기도 안양시 동안구 동편로192번길 12, 지상1층 (관양동)</소재지도로명주소>
<전화번호>031-426-5965</전화번호>
<음식유형>한식</음식유형>
<주된음식>순두부</주된음식>
<데이터기준일자>2017-11-08</데이터기준일자>
<데이터관리부서>동안구청 환경위생과</데이터관리부서>
</Row>
<Row>
<상호>장수천한방민물장어숯불구이</상호>
<소재지도로명주소>경기도 안양시 동안구 평촌대로 366, 2층 (비산동)</소재지도로명주소>
<전화번호>031-388-0592</전화번호>
<음식유형>한식</음식유형>
<주된음식>민물장어숯불구이</주된음식>
<데이터기준일자>2017-11-08</데이터기준일자>
<데이터관리부서>동안구청 환경위생과</데이터관리부서>
</Row>
<Row>
<상호>육대장</상호>
<소재지도로명주소>경기도 안양시 동안구 관악대로 222, 1층 (비산동)</소재지도로명주소>
<전화번호>031-387-8008</전화번호>
<음식유형>한식</음식유형>
<주된음식>육계장</주된음식>
<데이터기준일자>2017-11-08</데이터기준일자>
<데이터관리부서>동안구청 환경위생과</데이터관리부서>
</Row>
<Row>
<상호>올라쿠치나</상호>
<소재지도로명주소>경기도 안양시 동안구 평촌대로476번길 13-6 (비산동, 지상1층,지상2층)</소재지도로명주소>
<전화번호>031-388-8859</전화번호>
<음식유형>양식</음식유형>
<주된음식>파스타</주된음식>
<데이터기준일자>2017-11-08</데이터기준일자>
<데이터관리부서>동안구청 환경위생과</데이터관리부서>
</Row>
<Row>
<상호>샤우칭</상호>
<소재지도로명주소>경기도 안양시 동안구 동편로20번길 20 (관양동, 한국해사위험물검사원 지상2층일부)</소재지도로명주소>
<전화번호>031-426-7788</전화번호>
<음식유형>중식</음식유형>
<주된음식>자장면,짬뽕</주된음식>
<데이터기준일자>2017-11-08</데이터기준일자>
<데이터관리부서>동안구청 환경위생과</데이터관리부서>
</Row>
<Row>
<상호>우당</상호>
<소재지도로명주소>경기도 안양시 동안구 관악대로 82, 2층 (비산동)</소재지도로명주소>
<전화번호>031-441-0023</전화번호>
<음식유형>한식</음식유형>
<주된음식>갈비</주된음식>
<데이터기준일자>2017-11-08</데이터기준일자>
<데이터관리부서>동안구청 환경위생과</데이터관리부서>
</Row>
<Row>
<상호>함흥옥</상호>
<소재지도로명주소>경기도 안양시 동안구 시민대로 401, 109,110,111호 (관양동, 대륭테크노타운15차)</소재지도로명주소>
<전화번호>031-426-3362</전화번호>
<음식유형>한식</음식유형>
<주된음식>갈비,냉면</주된음식>
<데이터기준일자>2017-11-08</데이터기준일자>
<데이터관리부서>동안구청 환경위생과</데이터관리부서>
</Row>
<Row>
<상호>(주)해우리평촌</상호>
<소재지도로명주소>경기도 안양시 동안구 시민대로 180 (호계동, 롯데백화점 지상7층)</소재지도로명주소>
<전화번호>031-8086-9872</전화번호>
<음식유형>한식</음식유형>
<주된음식>한정식</주된음식>
<데이터기준일자>2017-11-08</데이터기준일자>
<데이터관리부서>동안구청 환경위생과</데이터관리부서>
</Row>
<Row>
<상호>사계절집밥</상호>
<소재지도로명주소>경기도 안양시 동안구 시민대로 161 (비산동, 안양무역센터 204,205,206,207,208,209,228호)</소재지도로명주소>
<전화번호/>
<음식유형>한식</음식유형>
<주된음식>백반류,한식뷔페</주된음식>
<데이터기준일자>2017-11-08</데이터기준일자>
<데이터관리부서>동안구청 환경위생과</데이터관리부서>
</Row>
<Row>
<상호>가빈참치</상호>
<소재지도로명주소>경기도 안양시 동안구 평촌대로217번길 25, 202호 (호계동)</소재지도로명주소>
<전화번호/>
<음식유형>일식</음식유형>
<주된음식>참치회</주된음식>
<데이터기준일자>2017-11-08</데이터기준일자>
<데이터관리부서>동안구청 환경위생과</데이터관리부서>
</Row>
<Row>
<상호>파파셰프(papa chef)</상호>
<소재지도로명주소>경기도 안양시 동안구 경수대로 701 (호계동, 101호일부)</소재지도로명주소>
<전화번호>031-427-0885</전화번호>
<음식유형>양식</음식유형>
<주된음식>돈까스,스파게티</주된음식>
<데이터기준일자>2017-11-08</데이터기준일자>
<데이터관리부서>동안구청 환경위생과</데이터관리부서>
</Row>
<Row>
<상호>육화몽</상호>
<소재지도로명주소>경기도 안양시 동안구 동편로20번길 28, 1층 105호 (관양동, 제시카타워)</소재지도로명주소>
<전화번호>031-421-1214</전화번호>
<음식유형>한식</음식유형>
<주된음식>통삼겹살</주된음식>
<데이터기준일자>2017-11-08</데이터기준일자>
<데이터관리부서>동안구청 환경위생과</데이터관리부서>
</Row>
<Row>
<상호>킹콩부대찌개(안양IT밸리점)</상호>
<소재지도로명주소>경기도 안양시 동안구 엘에스로91번길 16-39, 1층 근생114호 (호계동, 안양IT밸리)</소재지도로명주소>
<전화번호/>
<음식유형>한식</음식유형>
<주된음식>부대찌게</주된음식>
<데이터기준일자>2017-11-08</데이터기준일자>
<데이터관리부서>동안구청 환경위생과</데이터관리부서>
</Row>
</root>
