<?xml version="1.0" encoding="UTF-8"?>
<root>
<header>
<header>연번</header>
<header>업소명</header>
<header>소재지_도로명_</header>
<header>소재지전화번호</header>
</header>
<Row>
<연번>1</연번>
<업소명>Ju.chef(주셰프)</업소명>
<소재지_도로명_>서울특별시 동작구 동작대로25길 33 (사당동)</소재지_도로명_>
<소재지전화번호>02- 534-0997</소재지전화번호>
</Row>
<Row>
<연번>2</연번>
<업소명>가마솥손두부</업소명>
<소재지_도로명_>서울특별시 동작구 남부순환로271길 20 (사당동)</소재지_도로명_>
<소재지전화번호>02-3472-2202</소재지전화번호>
</Row>
<Row>
<연번>3</연번>
<업소명>거구회관</업소명>
<소재지_도로명_>서울특별시 동작구 노량진로 92 (노량진동)</소재지_도로명_>
<소재지전화번호>02  -827 -0911</소재지전화번호>
</Row>
<Row>
<연번>4</연번>
<업소명>고봉삼계탕 중앙대점</업소명>
<소재지_도로명_>서울특별시 동작구 서달로 166, 1층 (흑석동)</소재지_도로명_>
<소재지전화번호>02-824 -3339</소재지전화번호>
</Row>
<Row>
<연번>5</연번>
<업소명>고을래이베리코흑돼지(사당점)</업소명>
<소재지_도로명_>서울특별시 동작구 남부순환로269길 8, 1,2층 (사당동)</소재지_도로명_>
<소재지전화번호>02-3474-9289</소재지전화번호>
</Row>
<Row>
<연번>6</연번>
<업소명>고추찜닭</업소명>
<소재지_도로명_>서울특별시 동작구 동작대로27가길 14 (사당동)</소재지_도로명_>
<소재지전화번호>02- 592-1125</소재지전화번호>
</Row>
<Row>
<연번>7</연번>
<업소명>고향한방삼계탕</업소명>
<소재지_도로명_>서울특별시 동작구 양녕로 268-1 (상도1동)</소재지_도로명_>
<소재지전화번호>02  -814 -1007</소재지전화번호>
</Row>
<Row>
<연번>8</연번>
<업소명>광양불고기(준서네)</업소명>
<소재지_도로명_>서울특별시 동작구 상도로56길 4 (상도동,1층)</소재지_도로명_>
<소재지전화번호>02  -825 -1111</소재지전화번호>
</Row>
<Row>
<연번>9</연번>
<업소명>구름산추어탕</업소명>
<소재지_도로명_>서울특별시 동작구 사당로30길 158 (사당동)</소재지_도로명_>
<소재지전화번호>02- 521-1224</소재지전화번호>
</Row>
<Row>
<연번>10</연번>
<업소명>구름산추어탕</업소명>
<소재지_도로명_>서울특별시 동작구 성대로1길 22, 지상1층 (상도동)</소재지_도로명_>
<소재지전화번호>02  -822 -2719</소재지전화번호>
</Row>
<Row>
<연번>11</연번>
<업소명>궁중순대보쌈</업소명>
<소재지_도로명_>서울특별시 동작구 등용로14길 64 (노량진동)</소재지_도로명_>
<소재지전화번호>02- 817-8664</소재지전화번호>
</Row>
<Row>
<연번>12</연번>
<업소명>권참치</업소명>
<소재지_도로명_>서울특별시 동작구 사당로30길 142 (사당동,2층)</소재지_도로명_>
<소재지전화번호>02-597 -7080</소재지전화번호>
</Row>
<Row>
<연번>13</연번>
<업소명>그린테라스</업소명>
<소재지_도로명_>서울특별시 동작구 여의대방로54길 18 (대방동)</소재지_도로명_>
<소재지전화번호>02- 810-5078</소재지전화번호>
</Row>
<Row>
<연번>14</연번>
<업소명>김종구참치박사</업소명>
<소재지_도로명_>서울특별시 동작구 동작대로 25-1 (사당동, 1층)</소재지_도로명_>
<소재지전화번호>02  -523 -9261</소재지전화번호>
</Row>
<Row>
<연번>15</연번>
<업소명>남다른 감자탕 대방점</업소명>
<소재지_도로명_>서울특별시 동작구 상도로 33 (대방동)</소재지_도로명_>
<소재지전화번호>02-3280-2110</소재지전화번호>
</Row>
<Row>
<연번>16</연번>
<업소명>남도향</업소명>
<소재지_도로명_>서울특별시 동작구 여의대방로22길 20 (신대방동)</소재지_도로명_>
<소재지전화번호>02- 821-7789</소재지전화번호>
</Row>
<Row>
<연번>17</연번>
<업소명>내고향나주곰탕</업소명>
<소재지_도로명_>서울특별시 동작구 사당로 183 (사당동)</소재지_도로명_>
<소재지전화번호>02  -3476-2999</소재지전화번호>
</Row>
<Row>
<연번>18</연번>
<업소명>내담대구탕,찜,해물갈비찜</업소명>
<소재지_도로명_>서울특별시 동작구 상도로37길 72 (상도동)</소재지_도로명_>
<소재지전화번호>02 - 812-8245</소재지전화번호>
</Row>
<Row>
<연번>19</연번>
<업소명>놀부보쌈과부대찌개</업소명>
<소재지_도로명_>서울특별시 동작구 사당로 196 (사당동)</소재지_도로명_>
<소재지전화번호>02- 525-7625</소재지전화번호>
</Row>
<Row>
<연번>20</연번>
<업소명>놀부부대찌게</업소명>
<소재지_도로명_>서울특별시 동작구 흑석로 106-5 (흑석동,(2층))</소재지_도로명_>
<소재지전화번호>02- 815-5860</소재지전화번호>
</Row>
<Row>
<연번>21</연번>
<업소명>농장사람들</업소명>
<소재지_도로명_>서울특별시 동작구 시흥대로 652 (신대방동)</소재지_도로명_>
<소재지전화번호>02  -833 -7892</소재지전화번호>
</Row>
<Row>
<연번>22</연번>
<업소명>뉴청해진</업소명>
<소재지_도로명_>서울특별시 동작구 노들로 674, 지상2층 20호 (노량진동)</소재지_도로명_>
<소재지전화번호>02-2254-8950</소재지전화번호>
</Row>
<Row>
<연번>23</연번>
<업소명>늘보리(장승배기점)</업소명>
<소재지_도로명_>서울특별시 동작구 상도로26길 4 (상도동)</소재지_도로명_>
<소재지전화번호>02-822 -6550</소재지전화번호>
</Row>
<Row>
<연번>24</연번>
<업소명>다채</업소명>
<소재지_도로명_>서울특별시 동작구 알마타길 6 (대방동,지하1층 113호,114호)</소재지_도로명_>
<소재지전화번호>02-815 -3392</소재지전화번호>
</Row>
<Row>
<연번>25</연번>
<업소명>단아한정식</업소명>
<소재지_도로명_>서울특별시 동작구 동작대로27가길 44 (사당동,영지빌딩 2층)</소재지_도로명_>
<소재지전화번호>02-532 -3946</소재지전화번호>
</Row>
<Row>
<연번>26</연번>
<업소명>닭갈비제작소노량진점</업소명>
<소재지_도로명_>서울특별시 동작구 만양로14가길 27 (노량진동)</소재지_도로명_>
<소재지전화번호>02- 823-7871</소재지전화번호>
</Row>
<Row>
<연번>27</연번>
<업소명>담소소사골순대 노량진점</업소명>
<소재지_도로명_>서울특별시 동작구 노량진로16길 27 (노량진동, 1층)</소재지_도로명_>
<소재지전화번호>02-812 -1821</소재지전화번호>
</Row>
<Row>
<연번>28</연번>
<업소명>대방싸리집</업소명>
<소재지_도로명_>서울특별시 동작구 여의대방로26길 24, 201,301호 (대방동)</소재지_도로명_>
<소재지전화번호>02- 821-2951</소재지전화번호>
</Row>
<Row>
<연번>29</연번>
<업소명>대방회집</업소명>
<소재지_도로명_>서울특별시 동작구 여의대방로 134-1 (대방동)</소재지_도로명_>
<소재지전화번호>02- 823-1949</소재지전화번호>
</Row>
<Row>
<연번>30</연번>
<업소명>돈까스참잘하는집</업소명>
<소재지_도로명_>서울특별시 동작구 보라매로5길 43 (신대방동,상가 120호)</소재지_도로명_>
<소재지전화번호>02- 831-9989</소재지전화번호>
</Row>
<Row>
<연번>31</연번>
<업소명>동원참치</업소명>
<소재지_도로명_>서울특별시 동작구 흑석로 102 (흑석동)</소재지_도로명_>
<소재지전화번호>02-6293-3737</소재지전화번호>
</Row>
<Row>
<연번>32</연번>
<업소명>돼소마루</업소명>
<소재지_도로명_>서울특별시 동작구 사당로23길 6 (사당동)</소재지_도로명_>
<소재지전화번호>02  -534 -8550</소재지전화번호>
</Row>
<Row>
<연번>33</연번>
<업소명>들풀</업소명>
<소재지_도로명_>서울특별시 동작구 상도로 263-6 (상도1동)</소재지_도로명_>
<소재지전화번호>02- 814-2696</소재지전화번호>
</Row>
<Row>
<연번>34</연번>
<업소명>등촌샤브칼국수</업소명>
<소재지_도로명_>서울특별시 동작구 흑석로 94 (흑석동)</소재지_도로명_>
<소재지전화번호>02- 812-1177</소재지전화번호>
</Row>
<Row>
<연번>35</연번>
<업소명>또우리</업소명>
<소재지_도로명_>서울특별시 동작구 서달로14길 30, 1,2층 (흑석동)</소재지_도로명_>
<소재지전화번호>02- 817-0128</소재지전화번호>
</Row>
<Row>
<연번>36</연번>
<업소명>라이스&amp;파스타</업소명>
<소재지_도로명_>서울특별시 동작구 보라매로5가길 16 (신대방동)</소재지_도로명_>
<소재지전화번호>02-6269-7878</소재지전화번호>
</Row>
<Row>
<연번>37</연번>
<업소명>마실</업소명>
<소재지_도로명_>서울특별시 동작구 사당로 215, 제1층 제115,116,117,118호 (사당동)</소재지_도로명_>
<소재지전화번호>02  -596 -5260</소재지전화번호>
</Row>
<Row>
<연번>38</연번>
<업소명>마포숯불갈비</업소명>
<소재지_도로명_>서울특별시 동작구 보라매로 112 (대방동)</소재지_도로명_>
<소재지전화번호>02- 821-3330</소재지전화번호>
</Row>
<Row>
<연번>39</연번>
<업소명>명갈비</업소명>
<소재지_도로명_>서울특별시 동작구 상도로31길 83 (상도동)</소재지_도로명_>
<소재지전화번호>02- 822-7656</소재지전화번호>
</Row>
<Row>
<연번>40</연번>
<업소명>명성</업소명>
<소재지_도로명_>서울특별시 동작구 상도로24길 35 (상도동)</소재지_도로명_>
<소재지전화번호>02-8223-214</소재지전화번호>
</Row>
<Row>
<연번>41</연번>
<업소명>무한장어</업소명>
<소재지_도로명_>서울특별시 동작구 상도로 50 (대방동)</소재지_도로명_>
<소재지전화번호>070-8229-8954</소재지전화번호>
</Row>
<Row>
<연번>42</연번>
<업소명>미자식당</업소명>
<소재지_도로명_>서울특별시 동작구 노들로 674, 지상2층 8호 (노량진동)</소재지_도로명_>
<소재지전화번호>02- 815-0324</소재지전화번호>
</Row>
<Row>
<연번>43</연번>
<업소명>백제231</업소명>
<소재지_도로명_>서울특별시 동작구 사당로 231 (사당동)</소재지_도로명_>
<소재지전화번호>02- 537-0660</소재지전화번호>
</Row>
<Row>
<연번>44</연번>
<업소명>복섬</업소명>
<소재지_도로명_>서울특별시 동작구 상도로26길 22 (상도동,지하1층)</소재지_도로명_>
<소재지전화번호>02- 815-3335</소재지전화번호>
</Row>
<Row>
<연번>45</연번>
<업소명>봉평메밀막국수</업소명>
<소재지_도로명_>서울특별시 동작구 사당로 215 (사당동, 2층 202호)</소재지_도로명_>
<소재지전화번호>02  -532 -3643</소재지전화번호>
</Row>
<Row>
<연번>46</연번>
<업소명>뽕잎사랑샤브샤브</업소명>
<소재지_도로명_>서울특별시 동작구 상도로 166 (상도동)</소재지_도로명_>
<소재지전화번호>02- 821-4545</소재지전화번호>
</Row>
<Row>
<연번>47</연번>
<업소명>사리원유승배만두</업소명>
<소재지_도로명_>서울특별시 동작구 상도로50길 2-15 (상도1동)</소재지_도로명_>
<소재지전화번호>02- 814-6022</소재지전화번호>
</Row>
<Row>
<연번>48</연번>
<업소명>상도늘보리(흑석점)</업소명>
<소재지_도로명_>서울특별시 동작구 서달로 134-1 (흑석동)</소재지_도로명_>
<소재지전화번호>02- 822-2941</소재지전화번호>
</Row>
<Row>
<연번>49</연번>
<업소명>상도정</업소명>
<소재지_도로명_>서울특별시 동작구 양녕로 270 (상도1동)</소재지_도로명_>
<소재지전화번호>02- 817-0808</소재지전화번호>
</Row>
<Row>
<연번>50</연번>
<업소명>새마을식당</업소명>
<소재지_도로명_>서울특별시 동작구 동작대로27다길 10 (사당동)</소재지_도로명_>
<소재지전화번호>02- 594-3392</소재지전화번호>
</Row>
<Row>
<연번>51</연번>
<업소명>선샤브향</업소명>
<소재지_도로명_>서울특별시 동작구 만양로14길 37, 지하1층 (노량진동)</소재지_도로명_>
<소재지전화번호>02- 825-0140</소재지전화번호>
</Row>
<Row>
<연번>52</연번>
<업소명>세종대왕숯불갈비</업소명>
<소재지_도로명_>서울특별시 동작구 여의대방로 136 (대방동)</소재지_도로명_>
<소재지전화번호>02- 823-2517</소재지전화번호>
</Row>
<Row>
<연번>53</연번>
<업소명>세종대왕숯불갈비</업소명>
<소재지_도로명_>서울특별시 동작구 등용로 2 (상도동)</소재지_도로명_>
<소재지전화번호>02- 812-3260</소재지전화번호>
</Row>
<Row>
<연번>54</연번>
<업소명>소담</업소명>
<소재지_도로명_>서울특별시 동작구 흑석로 102 (흑석동,중앙대학교병원 지하1층 B105호)</소재지_도로명_>
<소재지전화번호>02- 822-1456</소재지전화번호>
</Row>
<Row>
<연번>55</연번>
<업소명>수타일번지</업소명>
<소재지_도로명_>서울특별시 동작구 상도로26길 11 (상도동)</소재지_도로명_>
<소재지전화번호>02- 826-5292</소재지전화번호>
</Row>
<Row>
<연번>56</연번>
<업소명>시골집</업소명>
<소재지_도로명_>서울특별시 동작구 양녕로26길 56 (상도동,2층)</소재지_도로명_>
<소재지전화번호>02 -821 -8889</소재지전화번호>
</Row>
<Row>
<연번>57</연번>
<업소명>시래불고기 화풍정</업소명>
<소재지_도로명_>서울특별시 동작구 상도로 102 (상도동)</소재지_도로명_>
<소재지전화번호>02- 814-3392</소재지전화번호>
</Row>
<Row>
<연번>58</연번>
<업소명>시어터웨딩라무르</업소명>
<소재지_도로명_>서울특별시 동작구 노량진로 74 (대방동)</소재지_도로명_>
<소재지전화번호>02- 828-2100</소재지전화번호>
</Row>
<Row>
<연번>59</연번>
<업소명>쌈반</업소명>
<소재지_도로명_>서울특별시 동작구 사당로 215 (사당동, 서림빌딩2층 201호)</소재지_도로명_>
<소재지전화번호>02-3477-7225</소재지전화번호>
</Row>
<Row>
<연번>60</연번>
<업소명>씨제이푸드빌(주)빕스 대방점</업소명>
<소재지_도로명_>서울특별시 동작구 노량진로 2 (대방동)</소재지_도로명_>
<소재지전화번호>02-3280-1997</소재지전화번호>
</Row>
<Row>
<연번>61</연번>
<업소명>약초마을</업소명>
<소재지_도로명_>서울특별시 동작구 노량진로 26 (대방동)</소재지_도로명_>
<소재지전화번호>02- 824-5215</소재지전화번호>
</Row>
<Row>
<연번>62</연번>
<업소명>어촌</업소명>
<소재지_도로명_>서울특별시 동작구 상도로 122 (상도동, 1층)</소재지_도로명_>
<소재지전화번호>02  -815 -4715</소재지전화번호>
</Row>
<Row>
<연번>63</연번>
<업소명>오리미가</업소명>
<소재지_도로명_>서울특별시 동작구 상도로15길 42 (상도동)</소재지_도로명_>
<소재지전화번호>02- 822-5292</소재지전화번호>
</Row>
<Row>
<연번>64</연번>
<업소명>오케이목장별관</업소명>
<소재지_도로명_>서울특별시 동작구 사당로30길 152-1 (사당동)</소재지_도로명_>
<소재지전화번호>02- 582-5909</소재지전화번호>
</Row>
<Row>
<연번>65</연번>
<업소명>와가마마</업소명>
<소재지_도로명_>서울특별시 동작구 만양로14길 12 (노량진동)</소재지_도로명_>
<소재지전화번호>02- 823-2225</소재지전화번호>
</Row>
<Row>
<연번>66</연번>
<업소명>용마골</업소명>
<소재지_도로명_>서울특별시 동작구 등용로 17 (상도동)</소재지_도로명_>
<소재지전화번호>02- 815-9085</소재지전화번호>
</Row>
<Row>
<연번>67</연번>
<업소명>원조마포갈비</업소명>
<소재지_도로명_>서울특별시 동작구 노량진로8길 35 (노량진동)</소재지_도로명_>
<소재지전화번호>02- 824-5830</소재지전화번호>
</Row>
<Row>
<연번>68</연번>
<업소명>원할머니보쌈 이수역점</업소명>
<소재지_도로명_>서울특별시 동작구 동작대로27나길 22 (사당동)</소재지_도로명_>
<소재지전화번호>02-3476-5252</소재지전화번호>
</Row>
<Row>
<연번>69</연번>
<업소명>유정우함흥냉면</업소명>
<소재지_도로명_>서울특별시 동작구 동작대로29다길 7-1 (사당동, 1층)</소재지_도로명_>
<소재지전화번호>02-3478-0105</소재지전화번호>
</Row>
<Row>
<연번>70</연번>
<업소명>이화수전통육개장 보라매점</업소명>
<소재지_도로명_>서울특별시 동작구 보라매로5가길 16 (신대방동, 보라매아카데미타워 214호)</소재지_도로명_>
<소재지전화번호>02- 835-9278</소재지전화번호>
</Row>
<Row>
<연번>71</연번>
<업소명>일미가(逸味家)참치</업소명>
<소재지_도로명_>서울특별시 동작구 동작대로25길 16, 3층 (사당동)</소재지_도로명_>
<소재지전화번호>02  -593 -3788</소재지전화번호>
</Row>
<Row>
<연번>72</연번>
<업소명>전주식당</업소명>
<소재지_도로명_>서울특별시 동작구 노량진로 140, 지상1층 114호 (노량진동)</소재지_도로명_>
<소재지전화번호>070-8100-5882</소재지전화번호>
</Row>
<Row>
<연번>73</연번>
<업소명>정선메밀고을</업소명>
<소재지_도로명_>서울특별시 동작구 양녕로26길 63, 2층 (상도동)</소재지_도로명_>
<소재지전화번호>02- 811-0730</소재지전화번호>
</Row>
<Row>
<연번>74</연번>
<업소명>진성참숯불갈비</업소명>
<소재지_도로명_>서울특별시 동작구 상도로47길 10 (상도동)</소재지_도로명_>
<소재지전화번호>02- 821-0252</소재지전화번호>
</Row>
<Row>
<연번>75</연번>
<업소명>쭈소반사당점</업소명>
<소재지_도로명_>서울특별시 동작구 동작대로1길 8, 2층 (사당동)</소재지_도로명_>
<소재지전화번호>02- 582-0393</소재지전화번호>
</Row>
<Row>
<연번>76</연번>
<업소명>차이30(CHAI30)</업소명>
<소재지_도로명_>서울특별시 동작구 보라매로5길 15, 지상30층 (신대방동)</소재지_도로명_>
<소재지전화번호>02-6954-0099</소재지전화번호>
</Row>
<Row>
<연번>77</연번>
<업소명>채홍</업소명>
<소재지_도로명_>서울특별시 동작구 강남초등길 24 (상도1동)</소재지_도로명_>
<소재지전화번호>02- 826-8885</소재지전화번호>
</Row>
<Row>
<연번>78</연번>
<업소명>천년약속</업소명>
<소재지_도로명_>서울특별시 동작구 노량진로 124 (노량진동)</소재지_도로명_>
<소재지전화번호>02-0812-5484</소재지전화번호>
</Row>
<Row>
<연번>79</연번>
<업소명>천외천</업소명>
<소재지_도로명_>서울특별시 동작구 만양로 19 (노량진동,신동아리버파크상가 217-220호)</소재지_도로명_>
<소재지전화번호>02-6745-7000</소재지전화번호>
</Row>
<Row>
<연번>80</연번>
<업소명>초록애</업소명>
<소재지_도로명_>서울특별시 동작구 여의대방로54길 5 (대방동)</소재지_도로명_>
<소재지전화번호>02- 823-9600</소재지전화번호>
</Row>
<Row>
<연번>81</연번>
<업소명>초와밥</업소명>
<소재지_도로명_>서울특별시 동작구 동작대로5길 8 (사당동)</소재지_도로명_>
<소재지전화번호>02  -523 -5937</소재지전화번호>
</Row>
<Row>
<연번>82</연번>
<업소명>코코이찌방야 보라매점</업소명>
<소재지_도로명_>서울특별시 동작구 여의대방로 112 (신대방동, A동 성무관 2층)</소재지_도로명_>
<소재지전화번호>02- 820-8888</소재지전화번호>
</Row>
<Row>
<연번>83</연번>
<업소명>콩사랑</업소명>
<소재지_도로명_>서울특별시 동작구 신대방2길 3 (신대방동)</소재지_도로명_>
<소재지전화번호>02- 846-8116</소재지전화번호>
</Row>
<Row>
<연번>84</연번>
<업소명>큰솥설렁탕</업소명>
<소재지_도로명_>서울특별시 동작구 흑석로 102, B101-2호 (흑석동,중대병원)</소재지_도로명_>
<소재지전화번호>02-822 -6687</소재지전화번호>
</Row>
<Row>
<연번>85</연번>
<업소명>킹냉면</업소명>
<소재지_도로명_>서울특별시 동작구 보라매로5길 43, 상가동 지하 104호 (신대방동,보라매삼성쉐르빌)</소재지_도로명_>
<소재지전화번호>02- 833-7250</소재지전화번호>
</Row>
<Row>
<연번>86</연번>
<업소명>태양숯불갈비</업소명>
<소재지_도로명_>서울특별시 동작구 상도로15길 143 (상도동)</소재지_도로명_>
<소재지전화번호>02- 824-0333</소재지전화번호>
</Row>
<Row>
<연번>87</연번>
<업소명>탭하우스더슈라인</업소명>
<소재지_도로명_>서울특별시 동작구 양녕로 269 (상도1동, 1층)</소재지_도로명_>
<소재지전화번호>02- 813-0443</소재지전화번호>
</Row>
<Row>
<연번>88</연번>
<업소명>토마토김밥노량진점</업소명>
<소재지_도로명_>서울특별시 동작구 노량진로 140, 지상1층 104,105호 (노량진동)</소재지_도로명_>
<소재지전화번호>02- 822-7100</소재지전화번호>
</Row>
<Row>
<연번>89</연번>
<업소명>팔이구이이수태평점</업소명>
<소재지_도로명_>서울특별시 동작구 동작대로27다길 15 (사당동)</소재지_도로명_>
<소재지전화번호>02-535 -1696</소재지전화번호>
</Row>
<Row>
<연번>90</연번>
<업소명>평안도찹쌀순대전문점</업소명>
<소재지_도로명_>서울특별시 동작구 흑석로 102 (흑석동,지하106호)</소재지_도로명_>
<소재지전화번호>02- 824-2346</소재지전화번호>
</Row>
<Row>
<연번>91</연번>
<업소명>푸른제주</업소명>
<소재지_도로명_>서울특별시 동작구 보라매로5길 15 (신대방동)</소재지_도로명_>
<소재지전화번호>02-3284-3677</소재지전화번호>
</Row>
<Row>
<연번>92</연번>
<업소명>풀향기 칼국수</업소명>
<소재지_도로명_>서울특별시 동작구 상도로 115 (상도동)</소재지_도로명_>
<소재지전화번호>02- 817-8856</소재지전화번호>
</Row>
<Row>
<연번>93</연번>
<업소명>한마루가든</업소명>
<소재지_도로명_>서울특별시 동작구 여의대방로 250 (대방동)</소재지_도로명_>
<소재지전화번호>02- 826-0119</소재지전화번호>
</Row>
<Row>
<연번>94</연번>
<업소명>함지박</업소명>
<소재지_도로명_>서울특별시 동작구 상도로37길 68-1 (상도동)</소재지_도로명_>
<소재지전화번호>02  -815 -6007</소재지전화번호>
</Row>
<Row>
<연번>95</연번>
<업소명>해오름갈비</업소명>
<소재지_도로명_>서울특별시 동작구 서달로10길 11 (흑석동)</소재지_도로명_>
<소재지전화번호>02  -824 -8866</소재지전화번호>
</Row>
<Row>
<연번>96</연번>
<업소명>향기가득한인생감자탕</업소명>
<소재지_도로명_>서울특별시 동작구 상도로 319 (상도1동, 1층)</소재지_도로명_>
<소재지전화번호>02  -824 -5780</소재지전화번호>
</Row>
<Row>
<연번>97</연번>
<업소명>형가원보쌈</업소명>
<소재지_도로명_>서울특별시 동작구 동작대로1길 33 (사당동)</소재지_도로명_>
<소재지전화번호>02-3473-5353</소재지전화번호>
</Row>
<Row>
<연번>98</연번>
<업소명>황토정</업소명>
<소재지_도로명_>서울특별시 동작구 서달로13길 5-23 (흑석동)</소재지_도로명_>
<소재지전화번호>02- 814-4467</소재지전화번호>
</Row>
<Row>
<연번>99</연번>
<업소명>후통</업소명>
<소재지_도로명_>서울특별시 동작구 동작대로29길 45 (사당동, 1동 정원상가 2층 201호)</소재지_도로명_>
<소재지전화번호/>
</Row>
<Row>
<연번>100</연번>
<업소명>흥부골숯불돼지갈비</업소명>
<소재지_도로명_>서울특별시 동작구 상도로15길 3 (상도동)</소재지_도로명_>
<소재지전화번호>02  -812 -9298</소재지전화번호>
</Row>
<Row>
<연번>101</연번>
<업소명>희래등</업소명>
<소재지_도로명_>서울특별시 동작구 등용로 123 (대방동,외 3필지)</소재지_도로명_>
<소재지전화번호>02- 827-0722</소재지전화번호>
</Row>
</root>
