<?xml version="1.0" encoding="UTF-8"?>
<root>
<header>
<header>연번</header>
<header>업소명</header>
<header>영업자성명</header>
<header>소재지_지번_</header>
<header>소재지전화번호</header>
<header>업태명</header>
<header>주취급음식</header>
</header>
<Row>
<연번>1</연번>
<업소명>貴信(귀할귀 믿을신) 불고기</업소명>
<영업자성명>장보경</영업자성명>
<소재지_지번_>서초동 1302 - 38 1층 101호</소재지_지번_>
<소재지전화번호>02-532-0755</소재지전화번호>
<업태명>한식</업태명>
<주취급음식>불고기</주취급음식>
</Row>
<Row>
<연번>2</연번>
<업소명>서초동연가</업소명>
<영업자성명>모성배</영업자성명>
<소재지_지번_>서초동 1302 - 38 1층 103호</소재지_지번_>
<소재지전화번호>02-544-6235</소재지전화번호>
<업태명>한식</업태명>
<주취급음식>우거지국밥</주취급음식>
</Row>
<Row>
<연번>3</연번>
<업소명>인근주민 강남본점</업소명>
<영업자성명>이철우</영업자성명>
<소재지_지번_>서초동 1302 - 38 2층,3층</소재지_지번_>
<소재지전화번호>02-591-2087</소재지전화번호>
<업태명>한식</업태명>
<주취급음식>파스타</주취급음식>
</Row>
<Row>
<연번>4</연번>
<업소명>참이맛 감자탕</업소명>
<영업자성명>김옥영 외 1명</영업자성명>
<소재지_지번_>서초동 1302 - 44</소재지_지번_>
<소재지전화번호>02-3481-3399</소재지전화번호>
<업태명>한식</업태명>
<주취급음식>감자탕</주취급음식>
</Row>
<Row>
<연번>5</연번>
<업소명>아빠곰탕 강남점</업소명>
<영업자성명>이종혁</영업자성명>
<소재지_지번_>서초동 1302 - 2</소재지_지번_>
<소재지전화번호>02-3482-1224</소재지전화번호>
<업태명>한식</업태명>
<주취급음식>곰탕</주취급음식>
</Row>
<Row>
<연번>6</연번>
<업소명>행복국수 앤 돈까스</업소명>
<영업자성명>조연수</영업자성명>
<소재지_지번_>서초동 1303 - 10 1층 112호, 113호</소재지_지번_>
<소재지전화번호>02-534-5572</소재지전화번호>
<업태명>한식</업태명>
<주취급음식>설렁탕</주취급음식>
</Row>
<Row>
<연번>7</연번>
<업소명>서가앤쿡(주)나인오키드</업소명>
<영업자성명>이진한</영업자성명>
<소재지_지번_>서초동 1307 - 4</소재지_지번_>
<소재지전화번호>02-3482-0959</소재지전화번호>
<업태명>경양식</업태명>
<주취급음식>스테이크</주취급음식>
</Row>
<Row>
<연번>8</연번>
<업소명>강남본점</업소명>
<영업자성명>신철호</영업자성명>
<소재지_지번_>서초동 1308 ,1호 201,203,204호</소재지_지번_>
<소재지전화번호>02-536-4133</소재지전화번호>
<업태명>한식</업태명>
<주취급음식>칼국수</주취급음식>
</Row>
<Row>
<연번>9</연번>
<업소명>제주흑다돈 강남직영점</업소명>
<영업자성명>강정호</영업자성명>
<소재지_지번_>서초동 1308 - 15 1,2층</소재지_지번_>
<소재지전화번호>02-3482-2090</소재지전화번호>
<업태명>한식</업태명>
<주취급음식>삼겹살</주취급음식>
</Row>
<Row>
<연번>10</연번>
<업소명>에머이 강남대로점</업소명>
<영업자성명>김미정</영업자성명>
<소재지_지번_>서초동 1308 - 16 102,103,105,107,108,109호</소재지_지번_>
<소재지전화번호>02-534-7174</소재지전화번호>
<업태명>외국식</업태명>
<주취급음식>쌀국수</주취급음식>
</Row>
<Row>
<연번>11</연번>
<업소명>장꼬방</업소명>
<영업자성명>김현수</영업자성명>
<소재지_지번_>서초동 1316 1층</소재지_지번_>
<소재지전화번호>02-597-5511</소재지전화번호>
<업태명>한식</업태명>
<주취급음식>단팥죽</주취급음식>
</Row>
<Row>
<연번>12</연번>
<업소명>주식회사 맛있는이야기 노랑저고리</업소명>
<영업자성명>이승철</영업자성명>
<소재지_지번_>서초동 1316 - 29 타임빌딩 601호</소재지_지번_>
<소재지전화번호>02-534-5300</소재지전화번호>
<업태명>한식</업태명>
<주취급음식>노랑정식</주취급음식>
</Row>
<Row>
<연번>13</연번>
<업소명>피제리아하이웨이트립</업소명>
<영업자성명>최영구</영업자성명>
<소재지_지번_>서초동 1316 - 30</소재지_지번_>
<소재지전화번호>02-535-8128</소재지전화번호>
<업태명>경양식</업태명>
<주취급음식>피자</주취급음식>
</Row>
<Row>
<연번>14</연번>
<업소명>㈜이춘복스시강남</업소명>
<영업자성명>이춘복</영업자성명>
<소재지_지번_>서초동 1317 1층 2층</소재지_지번_>
<소재지전화번호>02-591-4558</소재지전화번호>
<업태명>일식</업태명>
<주취급음식>스시</주취급음식>
</Row>
<Row>
<연번>15</연번>
<업소명>메콩타이 강남역점</업소명>
<영업자성명>이현지</영업자성명>
<소재지_지번_>서초동 1317 - 13 2층</소재지_지번_>
<소재지전화번호>02-532-2174</소재지전화번호>
<업태명>외국식</업태명>
<주취급음식>쌀국수</주취급음식>
</Row>
<Row>
<연번>16</연번>
<업소명>레터스(LETTUCE)</업소명>
<영업자성명>정재영</영업자성명>
<소재지_지번_>서초동 1317 - 20 아라타워 201-1~214-1 일부</소재지_지번_>
<소재지전화번호>02-554-7220</소재지전화번호>
<업태명>일식</업태명>
<주취급음식>샤브샤브</주취급음식>
</Row>
<Row>
<연번>17</연번>
<업소명>연타발</업소명>
<영업자성명>황숙희</영업자성명>
<소재지_지번_>서초동 1317 - 20</소재지_지번_>
<소재지전화번호>02-536-9282</소재지전화번호>
<업태명>한식</업태명>
<주취급음식>등심</주취급음식>
</Row>
<Row>
<연번>18</연번>
<업소명>강가</업소명>
<영업자성명>이덕형외1</영업자성명>
<소재지_지번_>서초동 1320 - 10 삼성전자사옥 지하1층층</소재지_지번_>
<소재지전화번호>02-2055-3610</소재지전화번호>
<업태명>기타</업태명>
<주취급음식>인도요리</주취급음식>
</Row>
<Row>
<연번>19</연번>
<업소명>소만옥</업소명>
<영업자성명>이정주</영업자성명>
<소재지_지번_>서초동 1320 - 10 지하1층</소재지_지번_>
<소재지전화번호>02-587-9005</소재지전화번호>
<업태명>한식</업태명>
<주취급음식>갈비탕</주취급음식>
</Row>
<Row>
<연번>20</연번>
<업소명>서초사리원</업소명>
<영업자성명>나성윤</영업자성명>
<소재지_지번_>서초동 1321 - 7</소재지_지번_>
<소재지전화번호>02-3474-5005</소재지전화번호>
<업태명>한식</업태명>
<주취급음식>불고기</주취급음식>
</Row>
<Row>
<연번>21</연번>
<업소명>정도전</업소명>
<영업자성명>김영균</영업자성명>
<소재지_지번_>서초동 1327 - 13 B101호 일부</소재지_지번_>
<소재지전화번호>02-584-8221</소재지전화번호>
<업태명>한식</업태명>
<주취급음식>한우가마솥국밥</주취급음식>
</Row>
<Row>
<연번>22</연번>
<업소명>서동한우 강남점</업소명>
<영업자성명>백경희</영업자성명>
<소재지_지번_>서초동 1327 - 29 2층</소재지_지번_>
<소재지전화번호>02-3474-9297</소재지전화번호>
<업태명>한식</업태명>
<주취급음식>한우구이</주취급음식>
</Row>
<Row>
<연번>23</연번>
<업소명>모랑 강남점</업소명>
<영업자성명>김지완</영업자성명>
<소재지_지번_>서초동 1328 - 11 대우도씨에빛2 212호</소재지_지번_>
<소재지전화번호>02-521-3980</소재지전화번호>
<업태명>한식</업태명>
<주취급음식>해물돌솥밥</주취급음식>
</Row>
<Row>
<연번>24</연번>
<업소명>해담채서초본점</업소명>
<영업자성명>김지혜</영업자성명>
<소재지_지번_>서초동 1329 - 4 우남빌딩 지하1층</소재지_지번_>
<소재지전화번호>02-597-4997</소재지전화번호>
<업태명>한식</업태명>
<주취급음식>해산물한정식</주취급음식>
</Row>
<Row>
<연번>25</연번>
<업소명>봉피양</업소명>
<영업자성명>김영환</영업자성명>
<소재지_지번_>서초동 1330 1층 103호</소재지_지번_>
<소재지전화번호>02-587-7018</소재지전화번호>
<업태명>한식</업태명>
<주취급음식>냉면</주취급음식>
</Row>
<Row>
<연번>26</연번>
<업소명>더하누</업소명>
<영업자성명>유준희</영업자성명>
<소재지_지번_>서초동 1330 - 4 아루누보씨티2 101,102,109,111,112,113,114호</소재지_지번_>
<소재지전화번호>02-584-9392</소재지전화번호>
<업태명>한식</업태명>
<주취급음식>등심</주취급음식>
</Row>
<Row>
<연번>27</연번>
<업소명>됐소 강남</업소명>
<영업자성명>정영석</영업자성명>
<소재지_지번_>서초동 1330 - 15, 2층</소재지_지번_>
<소재지전화번호>02-586-8588</소재지전화번호>
<업태명>한식</업태명>
<주취급음식>등심(안심)</주취급음식>
</Row>
<Row>
<연번>28</연번>
<업소명>두껍삼 강남직영점</업소명>
<영업자성명>이선종</영업자성명>
<소재지_지번_>서초동 1330 - 16, 1층</소재지_지번_>
<소재지전화번호>02-585-3592</소재지전화번호>
<업태명>한식</업태명>
<주취급음식>숙성삼겹살</주취급음식>
</Row>
<Row>
<연번>29</연번>
<업소명>초선과여포</업소명>
<영업자성명>이종국</영업자성명>
<소재지_지번_>서초동 1330 - 16 201호</소재지_지번_>
<소재지전화번호>02-525-9890</소재지전화번호>
<업태명>중국식</업태명>
<주취급음식>깐쇼새우</주취급음식>
</Row>
<Row>
<연번>30</연번>
<업소명>삼성각</업소명>
<영업자성명>하동욱</영업자성명>
<소재지_지번_>서초동 1330 - 18 2층</소재지_지번_>
<소재지전화번호>02-598-7779</소재지전화번호>
<업태명>중국식</업태명>
<주취급음식>전가복</주취급음식>
</Row>
<Row>
<연번>31</연번>
<업소명>조선횟집 서초점</업소명>
<영업자성명>이범택</영업자성명>
<소재지_지번_>서초동 1331 - 2 2층</소재지_지번_>
<소재지전화번호>02-587-8865</소재지전화번호>
<업태명>일식</업태명>
<주취급음식>제철회코스요리</주취급음식>
</Row>
<Row>
<연번>32</연번>
<업소명>백제원서초점</업소명>
<영업자성명>이범택</영업자성명>
<소재지_지번_>서초동 1331 - 2 2층(일부)</소재지_지번_>
<소재지전화번호>02-587-4433</소재지전화번호>
<업태명>한식</업태명>
<주취급음식>한우모듬구이</주취급음식>
</Row>
<Row>
<연번>33</연번>
<업소명>온끼</업소명>
<영업자성명>이기영</영업자성명>
<소재지_지번_>서초동 1337 101호</소재지_지번_>
<소재지전화번호>02-583-7709</소재지전화번호>
<업태명>한식</업태명>
<주취급음식>미역국정찬</주취급음식>
</Row>
<Row>
<연번>34</연번>
<업소명>진상샤브샤브</업소명>
<영업자성명>홍인국</영업자성명>
<소재지_지번_>서초동 1337 - 3 강남역 푸르지오시티 지하1층</소재지_지번_>
<소재지전화번호>02-581-0092</소재지전화번호>
<업태명>한식</업태명>
<주취급음식>샤브샤브</주취급음식>
</Row>
<Row>
<연번>35</연번>
<업소명>(주)미가미</업소명>
<영업자성명>김상균</영업자성명>
<소재지_지번_>서초동 1337 - 32 지하1층</소재지_지번_>
<소재지전화번호>02-522-6522</소재지전화번호>
<업태명>일식</업태명>
<주취급음식>한식</주취급음식>
</Row>
<Row>
<연번>36</연번>
<업소명>삼호복집</업소명>
<영업자성명>장명화</영업자성명>
<소재지_지번_>서초동 1338 - 10</소재지_지번_>
<소재지전화번호>02-3474-3533</소재지전화번호>
<업태명>한식</업태명>
<주취급음식>복지리</주취급음식>
</Row>
<Row>
<연번>37</연번>
<업소명>만다린</업소명>
<영업자성명>CUI XIANSHU</영업자성명>
<소재지_지번_>서초동 1338 - 10 3층전체</소재지_지번_>
<소재지전화번호>02-588-2338</소재지전화번호>
<업태명>중국식</업태명>
<주취급음식>해물짬뽕, 찹쌀탕수육</주취급음식>
</Row>
<Row>
<연번>38</연번>
<업소명>참설농탕</업소명>
<영업자성명>조영대</영업자성명>
<소재지_지번_>서초동 1340 1층</소재지_지번_>
<소재지전화번호>02-3471-5550</소재지전화번호>
<업태명>한식</업태명>
<주취급음식>설렁탕</주취급음식>
</Row>
<Row>
<연번>39</연번>
<업소명>남강메기 서초직영점</업소명>
<영업자성명>정현자</영업자성명>
<소재지_지번_>서초동 1340 - 2</소재지_지번_>
<소재지전화번호>02-598-6800</소재지전화번호>
<업태명>한식</업태명>
<주취급음식>메기매운탕</주취급음식>
</Row>
<Row>
<연번>40</연번>
<업소명>듬북담북(뱅뱅점)</업소명>
<영업자성명>엄태영</영업자성명>
<소재지_지번_>서초동 1340 - 3 (1층)</소재지_지번_>
<소재지전화번호>02-525-8689</소재지전화번호>
<업태명>한식</업태명>
<주취급음식>북어국</주취급음식>
</Row>
<Row>
<연번>41</연번>
<업소명>서초버드나무집</업소명>
<영업자성명>이범만</영업자성명>
<소재지_지번_>서초동 1340 - 5</소재지_지번_>
<소재지전화번호>02-3473-8355</소재지전화번호>
<업태명>한식</업태명>
<주취급음식>갈비탕</주취급음식>
</Row>
<Row>
<연번>42</연번>
<업소명>육갑식당</업소명>
<영업자성명>김은경</영업자성명>
<소재지_지번_>서초동 1340 - 14</소재지_지번_>
<소재지전화번호>02-588-8292</소재지전화번호>
<업태명>한식</업태명>
<주취급음식>육갑꽃살</주취급음식>
</Row>
<Row>
<연번>43</연번>
<업소명>한국수</업소명>
<영업자성명>김인숙</영업자성명>
<소재지_지번_>서초동 1341 - 7 1층</소재지_지번_>
<소재지전화번호>02-568-5972</소재지전화번호>
<업태명>한식</업태명>
<주취급음식>팔도면요리</주취급음식>
</Row>
<Row>
<연번>44</연번>
<업소명>춘향골 추어탕</업소명>
<영업자성명>이범철</영업자성명>
<소재지_지번_>서초동 1342  -7</소재지_지번_>
<소재지전화번호>02-2472-0050</소재지전화번호>
<업태명>한식</업태명>
<주취급음식>추어탕</주취급음식>
</Row>
<Row>
<연번>45</연번>
<업소명>오곡채(시골보쌈&amp;오곡곤드레)</업소명>
<영업자성명>김혜경</영업자성명>
<소재지_지번_>서초동 1343 - 7</소재지_지번_>
<소재지전화번호>02-588-2232</소재지전화번호>
<업태명>한식</업태명>
<주취급음식>보쌈</주취급음식>
</Row>
<Row>
<연번>46</연번>
<업소명>(주)명선헌</업소명>
<영업자성명>최인순</영업자성명>
<소재지_지번_>서초동 1344 - 12 지상1층,지하1층</소재지_지번_>
<소재지전화번호>02-587-2942</소재지전화번호>
<업태명>한식</업태명>
<주취급음식>한정식</주취급음식>
</Row>
<Row>
<연번>47</연번>
<업소명>동해상사(주)</업소명>
<영업자성명>전강식</영업자성명>
<소재지_지번_>서초동 1357 - 33 지하1층,1층</소재지_지번_>
<소재지전화번호>02-3472-5838</소재지전화번호>
<업태명>일식</업태명>
<주취급음식>일식</주취급음식>
</Row>
<Row>
<연번>48</연번>
<업소명>한촌설렁탕</업소명>
<영업자성명>박지은</영업자성명>
<소재지_지번_>서초동 1359 - 13 (지상1층)</소재지_지번_>
<소재지전화번호>02-525-0225</소재지전화번호>
<업태명>한식</업태명>
<주취급음식>설렁탕</주취급음식>
</Row>
<Row>
<연번>49</연번>
<업소명>황금빛 마을</업소명>
<영업자성명>황순덕</영업자성명>
<소재지_지번_>서초동 1359 - 22, 1층</소재지_지번_>
<소재지전화번호>02-521-4040</소재지전화번호>
<업태명>한식</업태명>
<주취급음식>한식요리</주취급음식>
</Row>
<Row>
<연번>50</연번>
<업소명>서초복집</업소명>
<영업자성명>노현숙</영업자성명>
<소재지_지번_>서초동 1363 - 4 양재빌딩 2층</소재지_지번_>
<소재지전화번호>02-581-2362</소재지전화번호>
<업태명>한식</업태명>
<주취급음식>복지리</주취급음식>
</Row>
<Row>
<연번>51</연번>
<업소명>자인뭉티기</업소명>
<영업자성명>노정아</영업자성명>
<소재지_지번_>서초동 1363 - 7 1층</소재지_지번_>
<소재지전화번호>02-597-2158</소재지전화번호>
<업태명>한식</업태명>
<주취급음식>한우등심</주취급음식>
</Row>
<Row>
<연번>52</연번>
<업소명>청정횟집</업소명>
<영업자성명>이복임</영업자성명>
<소재지_지번_>서초동 1363 - 25 B101호</소재지_지번_>
<소재지전화번호>02-581-5886</소재지전화번호>
<업태명>일식</업태명>
<주취급음식>활어회</주취급음식>
</Row>
<Row>
<연번>53</연번>
<업소명>순남시래기</업소명>
<영업자성명>최효성</영업자성명>
<소재지_지번_>서초동 1363 - 25 지하1층 103-1호</소재지_지번_>
<소재지전화번호>02-582-5044</소재지전화번호>
<업태명>한식</업태명>
<주취급음식>시래기국</주취급음식>
</Row>
<Row>
<연번>54</연번>
<업소명>신가예촌</업소명>
<영업자성명>이유경</영업자성명>
<소재지_지번_>서초동 1364 - 3</소재지_지번_>
<소재지전화번호>02-3473-8760</소재지전화번호>
<업태명>한식</업태명>
<주취급음식>전골,갈비살</주취급음식>
</Row>
<Row>
<연번>55</연번>
<업소명>예촌</업소명>
<영업자성명>신봉석</영업자성명>
<소재지_지번_>서초동 1364 - 5 (1,2층)</소재지_지번_>
<소재지전화번호>02-525-0987</소재지전화번호>
<업태명>한식</업태명>
<주취급음식>한정식</주취급음식>
</Row>
<Row>
<연번>56</연번>
<업소명>진주청국장</업소명>
<영업자성명>박홍전</영업자성명>
<소재지_지번_>서초동 1365 - 22</소재지_지번_>
<소재지전화번호>02-525-6919</소재지전화번호>
<업태명>한식</업태명>
<주취급음식>청국장</주취급음식>
</Row>
<Row>
<연번>57</연번>
<업소명>수미관</업소명>
<영업자성명>서준형</영업자성명>
<소재지_지번_>서초동 1427 - 5 1층</소재지_지번_>
<소재지전화번호>02-3444-5434</소재지전화번호>
<업태명>한식</업태명>
<주취급음식>곰탕</주취급음식>
</Row>
<Row>
<연번>58</연번>
<업소명>부일갈비</업소명>
<영업자성명>김종구</영업자성명>
<소재지_지번_>서초동 1427 - 6 101호</소재지_지번_>
<소재지전화번호>02-3482-3112</소재지전화번호>
<업태명>한식</업태명>
<주취급음식>갈비탕</주취급음식>
</Row>
<Row>
<연번>59</연번>
<업소명>장강</업소명>
<영업자성명>권중백</영업자성명>
<소재지_지번_>서초동 1431 - 14</소재지_지번_>
<소재지전화번호>02-598-9662</소재지전화번호>
<업태명>중국식</업태명>
<주취급음식>자장면, 짬뽕 등</주취급음식>
</Row>
<Row>
<연번>60</연번>
<업소명>완산골명가 남부터미널점</업소명>
<영업자성명>김은주</영업자성명>
<소재지_지번_>서초동 1441 - 1 (지상1층)</소재지_지번_>
<소재지전화번호>02-525-0049</소재지전화번호>
<업태명>한식</업태명>
<주취급음식>국밥</주취급음식>
</Row>
<Row>
<연번>61</연번>
<업소명>신선설농탕</업소명>
<영업자성명>오청</영업자성명>
<소재지_지번_>서초동 1443 - 8 1층</소재지_지번_>
<소재지전화번호>02-3473-1155</소재지전화번호>
<업태명>한식</업태명>
<주취급음식>설렁탕</주취급음식>
</Row>
<Row>
<연번>62</연번>
<업소명>팜스팜스</업소명>
<영업자성명>최미옥</영업자성명>
<소재지_지번_>서초동 1445 - 13 서초쌍용플래티넘상가 지하1층 B101∼B108호</소재지_지번_>
<소재지전화번호>02-3474-0041</소재지전화번호>
<업태명>뷔페식</업태명>
<주취급음식>뷔페</주취급음식>
</Row>
<Row>
<연번>63</연번>
<업소명>선궁</업소명>
<영업자성명>허익회</영업자성명>
<소재지_지번_>서초동 1451 - 34</소재지_지번_>
<소재지전화번호>02-597-1397</소재지전화번호>
<업태명>중국식</업태명>
<주취급음식>중국요리</주취급음식>
</Row>
<Row>
<연번>64</연번>
<업소명>서초갈비</업소명>
<영업자성명>설원철</영업자성명>
<소재지_지번_>서초동 1451 - 77 2층</소재지_지번_>
<소재지전화번호>02-582-2988</소재지전화번호>
<업태명>한식</업태명>
<주취급음식>등심</주취급음식>
</Row>
<Row>
<연번>65</연번>
<업소명>백년 한정식</업소명>
<영업자성명>최요섭</영업자성명>
<소재지_지번_>서초동 1451 - 95 지하1층</소재지_지번_>
<소재지전화번호>02-6439-8900</소재지전화번호>
<업태명>한식</업태명>
<주취급음식>한정식</주취급음식>
</Row>
<Row>
<연번>66</연번>
<업소명>소들녘 서초점</업소명>
<영업자성명>전은정</영업자성명>
<소재지_지번_>서초동 1485 - 5, 1,2층</소재지_지번_>
<소재지전화번호>02-583-0505</소재지전화번호>
<업태명>한식</업태명>
<주취급음식>소불고기</주취급음식>
</Row>
<Row>
<연번>67</연번>
<업소명>da Pitta(다 피타)</업소명>
<영업자성명>강희영</영업자성명>
<소재지_지번_>서초동 1487 - 3, 1층</소재지_지번_>
<소재지전화번호>02-523-5147</소재지전화번호>
<업태명>양식</업태명>
<주취급음식>파스타,피자</주취급음식>
</Row>
<Row>
<연번>68</연번>
<업소명>영변</업소명>
<영업자성명>차석재</영업자성명>
<소재지_지번_>서초동 1503 - 13, 2,3층</소재지_지번_>
<소재지전화번호>02-583-3455</소재지전화번호>
<업태명>일식</업태명>
<주취급음식>회정식</주취급음식>
</Row>
<Row>
<연번>69</연번>
<업소명>신박사 콩사랑</업소명>
<영업자성명>신동안</영업자성명>
<소재지_지번_>서초동 1503 - 15 1층</소재지_지번_>
<소재지전화번호>02-588-8862</소재지전화번호>
<업태명>한식</업태명>
<주취급음식>순두부,콩국수</주취급음식>
</Row>
<Row>
<연번>70</연번>
<업소명>다피타(da pitta)</업소명>
<영업자성명>노은영</영업자성명>
<소재지_지번_>서초동 1503-16</소재지_지번_>
<소재지전화번호>02-523-1547</소재지전화번호>
<업태명>양식</업태명>
<주취급음식>파스타,피자</주취급음식>
</Row>
<Row>
<연번>71</연번>
<업소명>서초정육식당</업소명>
<영업자성명>이경득</영업자성명>
<소재지_지번_>서초동 1503 - 19</소재지_지번_>
<소재지전화번호>02-588-0290</소재지전화번호>
<업태명>한식</업태명>
<주취급음식>등심</주취급음식>
</Row>
<Row>
<연번>72</연번>
<업소명>수원본갈비1993</업소명>
<영업자성명>김동희</영업자성명>
<소재지_지번_>서초동 1511 - 12</소재지_지번_>
<소재지전화번호>02-521-1727</소재지전화번호>
<업태명>한식</업태명>
<주취급음식>감자탕</주취급음식>
</Row>
<Row>
<연번>73</연번>
<업소명>리스토란떼 일 디토 서초</업소명>
<영업자성명>이지훈</영업자성명>
<소재지_지번_>서초동 1516 - 2 ㈜삼성출판사 사옥</소재지_지번_>
<소재지전화번호>02-3471-7021</소재지전화번호>
<업태명>양식</업태명>
<주취급음식>스테이크,파스타</주취급음식>
</Row>
<Row>
<연번>74</연번>
<업소명>진도울돌목가는길</업소명>
<영업자성명>박안나</영업자성명>
<소재지_지번_>서초동 1540 - 1</소재지_지번_>
<소재지전화번호>02-521-6032</소재지전화번호>
<업태명>한식</업태명>
<주취급음식>한정식</주취급음식>
</Row>
<Row>
<연번>75</연번>
<업소명>미유끼</업소명>
<영업자성명>김광옥</영업자성명>
<소재지_지번_>서초동 1540 - 11 보광빌딩 지하1층</소재지_지번_>
<소재지전화번호>02-532-3399</소재지전화번호>
<업태명>일식</업태명>
<주취급음식>광어회</주취급음식>
</Row>
<Row>
<연번>76</연번>
<업소명>조랭이 부대찌개</업소명>
<영업자성명>황현민</영업자성명>
<소재지_지번_>서초동 1542 - 11</소재지_지번_>
<소재지전화번호>02-583-2776</소재지전화번호>
<업태명>한식</업태명>
<주취급음식>부대찌개</주취급음식>
</Row>
<Row>
<연번>77</연번>
<업소명>미각</업소명>
<영업자성명>김춘희</영업자성명>
<소재지_지번_>서초동 1543 - 1</소재지_지번_>
<소재지전화번호>02-585-9095</소재지전화번호>
<업태명>한식</업태명>
<주취급음식>생등심</주취급음식>
</Row>
<Row>
<연번>78</연번>
<업소명>포메인서초점</업소명>
<영업자성명>김근자</영업자성명>
<소재지_지번_>서초동 1543 - 8</소재지_지번_>
<소재지전화번호>02-521-0722</소재지전화번호>
<업태명>한식</업태명>
<주취급음식>쌀국수</주취급음식>
</Row>
<Row>
<연번>79</연번>
<업소명>부산아지매국밥 서초역점</업소명>
<영업자성명>강현숙</영업자성명>
<소재지_지번_>서초동 1544 - 2, 1층</소재지_지번_>
<소재지전화번호>02-582-9882</소재지전화번호>
<업태명>한식</업태명>
<주취급음식>전복회정식</주취급음식>
</Row>
<Row>
<연번>80</연번>
<업소명>서초 불쭈꾸미</업소명>
<영업자성명>김수선</영업자성명>
<소재지_지번_>서초동 1552 - 6 지상1층</소재지_지번_>
<소재지전화번호>02-3486-9994</소재지전화번호>
<업태명>한식</업태명>
<주취급음식>설렁탕</주취급음식>
</Row>
<Row>
<연번>81</연번>
<업소명>리향</업소명>
<영업자성명>유영대</영업자성명>
<소재지_지번_>서초동 1552 - 7</소재지_지번_>
<소재지전화번호>02-525-3580</소재지전화번호>
<업태명>중식</업태명>
<주취급음식>중화요리</주취급음식>
</Row>
<Row>
<연번>82</연번>
<업소명>가조고향마을</업소명>
<영업자성명>오성석</영업자성명>
<소재지_지번_>서초동 1552 - 16 1층</소재지_지번_>
<소재지전화번호>02-584-0199</소재지전화번호>
<업태명>한식</업태명>
<주취급음식>등심</주취급음식>
</Row>
<Row>
<연번>83</연번>
<업소명>초원복집</업소명>
<영업자성명>최성례</영업자성명>
<소재지_지번_>서초동 1552 - 18 1층</소재지_지번_>
<소재지전화번호>02-598-3654</소재지전화번호>
<업태명>한식</업태명>
<주취급음식>복요리</주취급음식>
</Row>
<Row>
<연번>84</연번>
<업소명>향나무집</업소명>
<영업자성명>배인순</영업자성명>
<소재지_지번_>서초동 1553 - 14 지상1층</소재지_지번_>
<소재지전화번호>02-597-5554</소재지전화번호>
<업태명>한식</업태명>
<주취급음식>낙지,홍어찜</주취급음식>
</Row>
<Row>
<연번>85</연번>
<업소명>서귀포 오분작 뚝배기</업소명>
<영업자성명>정미자</영업자성명>
<소재지_지번_>서초동 1555 - 2 1,2층</소재지_지번_>
<소재지전화번호>02-523-9898</소재지전화번호>
<업태명>한식</업태명>
<주취급음식>해물찜, 해물돌솥밥</주취급음식>
</Row>
<Row>
<연번>86</연번>
<업소명>서초면옥</업소명>
<영업자성명>최홍용</영업자성명>
<소재지_지번_>서초동 1557 - 7 (지상1층 가호)</소재지_지번_>
<소재지전화번호>02-522-1422</소재지전화번호>
<업태명>한식</업태명>
<주취급음식>냉면,갈비찜</주취급음식>
</Row>
<Row>
<연번>87</연번>
<업소명>우리바다생태찌개</업소명>
<영업자성명>허영윤</영업자성명>
<소재지_지번_>서초동 1564 - 12 1층</소재지_지번_>
<소재지전화번호>02-582-0128</소재지전화번호>
<업태명>한식</업태명>
<주취급음식>생태찌개</주취급음식>
</Row>
<Row>
<연번>88</연번>
<업소명>하남돼지집 교대점</업소명>
<영업자성명>권선단</영업자성명>
<소재지_지번_>서초동 1567 - 8 1층</소재지_지번_>
<소재지전화번호>02-3473-9282</소재지전화번호>
<업태명>한식</업태명>
<주취급음식>고기류</주취급음식>
</Row>
<Row>
<연번>89</연번>
<업소명>나나마구로</업소명>
<영업자성명>강정민</영업자성명>
<소재지_지번_>서초동 1571 - 6 1층, 2층</소재지_지번_>
<소재지전화번호>02-582-5674</소재지전화번호>
<업태명>일식</업태명>
<주취급음식>참치회</주취급음식>
</Row>
<Row>
<연번>90</연번>
<업소명>옛날전통육개장 전문점 육대장 한방보쌈·전골</업소명>
<영업자성명>이진수</영업자성명>
<소재지_지번_>서초동 1571 - 17 1층</소재지_지번_>
<소재지전화번호>02-6959-7889</소재지전화번호>
<업태명>한식</업태명>
<주취급음식>육개장</주취급음식>
</Row>
<Row>
<연번>91</연번>
<업소명>원당</업소명>
<영업자성명>서영보</영업자성명>
<소재지_지번_>서초동 1571 - 26</소재지_지번_>
<소재지전화번호>02-583-3333</소재지전화번호>
<업태명>한식</업태명>
<주취급음식>감자탕</주취급음식>
</Row>
<Row>
<연번>92</연번>
<업소명>서초 장어타운</업소명>
<영업자성명>황지윤</영업자성명>
<소재지_지번_>서초동 1571 - 30 3층,4층</소재지_지번_>
<소재지전화번호>02-521-6934</소재지전화번호>
<업태명>한식</업태명>
<주취급음식>장어</주취급음식>
</Row>
<Row>
<연번>93</연번>
<업소명>모악정</업소명>
<영업자성명>김경자</영업자성명>
<소재지_지번_>서초동 1572 - 18 지하1층</소재지_지번_>
<소재지전화번호>02-584-1132</소재지전화번호>
<업태명>한식</업태명>
<주취급음식>해물삼합</주취급음식>
</Row>
<Row>
<연번>94</연번>
<업소명>봉추찜닭</업소명>
<영업자성명>김익환</영업자성명>
<소재지_지번_>서초동 1574 - 6  101호</소재지_지번_>
<소재지전화번호>02-584-6981</소재지전화번호>
<업태명>한식</업태명>
<주취급음식>찜닭</주취급음식>
</Row>
<Row>
<연번>95</연번>
<업소명>리밍</업소명>
<영업자성명>전성정</영업자성명>
<소재지_지번_>서초동 1576 - 1</소재지_지번_>
<소재지전화번호>02- 521-1392</소재지전화번호>
<업태명>중국식</업태명>
<주취급음식>자장면</주취급음식>
</Row>
<Row>
<연번>96</연번>
<업소명>한우플러스</업소명>
<영업자성명>권오덕</영업자성명>
<소재지_지번_>서초동 1576 - 9 지산빌딩 2층</소재지_지번_>
<소재지전화번호>02-522-6457</소재지전화번호>
<업태명>한식</업태명>
<주취급음식>등심</주취급음식>
</Row>
<Row>
<연번>97</연번>
<업소명>크래버 대게나라</업소명>
<영업자성명>김소영</영업자성명>
<소재지_지번_>서초동 1582 - 16 1층</소재지_지번_>
<소재지전화번호>02-525-9779</소재지전화번호>
<업태명>한식</업태명>
<주취급음식>대게요리</주취급음식>
</Row>
<Row>
<연번>98</연번>
<업소명>서초동 그집</업소명>
<영업자성명>박영신</영업자성명>
<소재지_지번_>서초동 1584 - 7 지상1층</소재지_지번_>
<소재지전화번호>02-583-5658</소재지전화번호>
<업태명>한식</업태명>
<주취급음식>문어장비빔밥,한정식</주취급음식>
</Row>
<Row>
<연번>99</연번>
<업소명>삼대나주곰탕</업소명>
<영업자성명>김열</영업자성명>
<소재지_지번_>서초동 1585 - 18 101,102,103,104</소재지_지번_>
<소재지전화번호>02-583-3433</소재지전화번호>
<업태명>한식</업태명>
<주취급음식>곰탕</주취급음식>
</Row>
<Row>
<연번>100</연번>
<업소명>서초아구찜</업소명>
<영업자성명>장동학</영업자성명>
<소재지_지번_>서초동 1588 - 8</소재지_지번_>
<소재지전화번호>02-522-3673</소재지전화번호>
<업태명>한식</업태명>
<주취급음식>아구찜</주취급음식>
</Row>
<Row>
<연번>101</연번>
<업소명>국수명가</업소명>
<영업자성명>유금순</영업자성명>
<소재지_지번_>서초동 1588 - 13</소재지_지번_>
<소재지전화번호>02-3473-0045</소재지전화번호>
<업태명>분식</업태명>
<주취급음식>국수</주취급음식>
</Row>
<Row>
<연번>102</연번>
<업소명>든든한우家</업소명>
<영업자성명>이희춘</영업자성명>
<소재지_지번_>서초동 1591 - 11 2,3층</소재지_지번_>
<소재지전화번호>02-586-4000</소재지전화번호>
<업태명>한식</업태명>
<주취급음식>등심</주취급음식>
</Row>
<Row>
<연번>103</연번>
<업소명>함평한우 정육식당</업소명>
<영업자성명>김경미</영업자성명>
<소재지_지번_>서초동 1595 - 6</소재지_지번_>
<소재지전화번호>02-582-2828</소재지전화번호>
<업태명>한식</업태명>
<주취급음식>등심</주취급음식>
</Row>
<Row>
<연번>104</연번>
<업소명>홍천한우</업소명>
<영업자성명>이희춘</영업자성명>
<소재지_지번_>서초동 1595 - 8 2층일부,3층일부</소재지_지번_>
<소재지전화번호>02-586-0513</소재지전화번호>
<업태명>한식</업태명>
<주취급음식>등심</주취급음식>
</Row>
<Row>
<연번>105</연번>
<업소명>동수원갈비</업소명>
<영업자성명>김숙희</영업자성명>
<소재지_지번_>서초동 1601 - 1 샤르망 지하1층 B01호~B04호, B05호일부</소재지_지번_>
<소재지전화번호>02-588-7060</소재지전화번호>
<업태명>한식</업태명>
<주취급음식>왕갈비</주취급음식>
</Row>
<Row>
<연번>106</연번>
<업소명>우작설렁탕</업소명>
<영업자성명>권도훈</영업자성명>
<소재지_지번_>서초동 1621 - 5</소재지_지번_>
<소재지전화번호>02-584-8544</소재지전화번호>
<업태명>한식</업태명>
<주취급음식>설렁탕</주취급음식>
</Row>
<Row>
<연번>107</연번>
<업소명>애향</업소명>
<영업자성명>김경수</영업자성명>
<소재지_지번_>서초동 1676 - 4  1층</소재지_지번_>
<소재지전화번호>02-583-8182</소재지전화번호>
<업태명>일식</업태명>
<주취급음식>남도계절음식</주취급음식>
</Row>
<Row>
<연번>108</연번>
<업소명>주식회사 서석대</업소명>
<영업자성명>안재홍</영업자성명>
<소재지_지번_>서초동 1678 - 1 서초동동아빌라트 1타운 1층 101호일부</소재지_지번_>
<소재지전화번호>02-584-0990</소재지전화번호>
<업태명>한식</업태명>
<주취급음식>한식</주취급음식>
</Row>
<Row>
<연번>109</연번>
<업소명>(주)용수산에프앤씨</업소명>
<영업자성명>이성주</영업자성명>
<소재지_지번_>서초동 1685 - 3 아크로비스타 지하1층 에이-112호</소재지_지번_>
<소재지전화번호>02-591-9674</소재지전화번호>
<업태명>한식</업태명>
<주취급음식>한정식</주취급음식>
</Row>
<Row>
<연번>110</연번>
<업소명>늘봄웰봄</업소명>
<영업자성명>윤광석</영업자성명>
<소재지_지번_>서초동 1685 - 3 아크로비스타지하1층지하A-105,A-106,A-107호</소재지_지번_>
<소재지전화번호>02-588-8804</소재지전화번호>
<업태명>한식</업태명>
<주취급음식>등심</주취급음식>
</Row>
<Row>
<연번>111</연번>
<업소명>미타니야 교대역점</업소명>
<영업자성명>이영덕</영업자성명>
<소재지_지번_>서초동 1685 - 8, G5센트럴프라자 1층 128~130호</소재지_지번_>
<소재지전화번호>02-535-6001</소재지전화번호>
<업태명>일식</업태명>
<주취급음식>우동,돈까스</주취급음식>
</Row>
<Row>
<연번>112</연번>
<업소명>서초보쌈</업소명>
<영업자성명>최영옥</영업자성명>
<소재지_지번_>서초동 1689 - 6</소재지_지번_>
<소재지전화번호>02-537-6201</소재지전화번호>
<업태명>한식</업태명>
<주취급음식>보쌈</주취급음식>
</Row>
<Row>
<연번>113</연번>
<업소명>태평양</업소명>
<영업자성명>정희동</영업자성명>
<소재지_지번_>서초동 1691 - 1 지하1층, 지상2층</소재지_지번_>
<소재지전화번호>02-599-8564</소재지전화번호>
<업태명>일식</업태명>
<주취급음식>모듬회</주취급음식>
</Row>
<Row>
<연번>114</연번>
<업소명>교대강릉집</업소명>
<영업자성명>안희수</영업자성명>
<소재지_지번_>서초동 1692 - 3 지 1층</소재지_지번_>
<소재지전화번호>02-532-8001</소재지전화번호>
<업태명>식품등 수입판매업</업태명>
<주취급음식>회무침</주취급음식>
</Row>
<Row>
<연번>115</연번>
<업소명>신태평양</업소명>
<영업자성명>천원기</영업자성명>
<소재지_지번_>서초동 1692 - 4 지하1층 가호</소재지_지번_>
<소재지전화번호>02-534-0354</소재지전화번호>
<업태명>일식</업태명>
<주취급음식>모듬회</주취급음식>
</Row>
<Row>
<연번>116</연번>
<업소명>설국</업소명>
<영업자성명>강동진</영업자성명>
<소재지_지번_>서초동 1694 - 22 (1층)</소재지_지번_>
<소재지전화번호>02-3476-8877</소재지전화번호>
<업태명>일식</업태명>
<주취급음식>회정식</주취급음식>
</Row>
<Row>
<연번>117</연번>
<업소명>엉터리생고기 교대역점</업소명>
<영업자성명>이상배</영업자성명>
<소재지_지번_>서초동 1696 - 13 애니빌딩1층</소재지_지번_>
<소재지전화번호>02-596-8009</소재지전화번호>
<업태명>한식</업태명>
<주취급음식>삼겹살</주취급음식>
</Row>
<Row>
<연번>118</연번>
<업소명>빛고을으뜸추어탕</업소명>
<영업자성명>송재민</영업자성명>
<소재지_지번_>서초동 1697 - 15, 1층</소재지_지번_>
<소재지전화번호>02-537-0156</소재지전화번호>
<업태명>한식</업태명>
<주취급음식>추어탕</주취급음식>
</Row>
<Row>
<연번>119</연번>
<업소명>만경생태</업소명>
<영업자성명>정성면</영업자성명>
<소재지_지번_>서초동 1697 - 16 1층</소재지_지번_>
<소재지전화번호>02-3482-3661</소재지전화번호>
<업태명>한식</업태명>
<주취급음식>동태탕</주취급음식>
</Row>
<Row>
<연번>120</연번>
<업소명>송학횟집</업소명>
<영업자성명>김미선</영업자성명>
<소재지_지번_>서초동 1699 - 2</소재지_지번_>
<소재지전화번호>02-595-8822</소재지전화번호>
<업태명>일식</업태명>
<주취급음식>회</주취급음식>
</Row>
<Row>
<연번>121</연번>
<업소명>기와집순두부</업소명>
<영업자성명>안광윤</영업자성명>
<소재지_지번_>서초동 1699 - 13</소재지_지번_>
<소재지전화번호>02-599-0579</소재지전화번호>
<업태명>한식</업태명>
<주취급음식>순두부</주취급음식>
</Row>
<Row>
<연번>122</연번>
<업소명>한우명가 노고단</업소명>
<영업자성명>이미옥</영업자성명>
<소재지_지번_>서초동 1704 - 1 정곡빌딩 동관 지하15호</소재지_지번_>
<소재지전화번호>02-973-9792</소재지전화번호>
<업태명>한식</업태명>
<주취급음식>불고기</주취급음식>
</Row>
<Row>
<연번>123</연번>
<업소명>황궁</업소명>
<영업자성명>전용우</영업자성명>
<소재지_지번_>서초동 1705 정곡빌딩서관 지하1층</소재지_지번_>
<소재지전화번호>02-599-8078</소재지전화번호>
<업태명>중국식</업태명>
<주취급음식>중국요리</주취급음식>
</Row>
<Row>
<연번>124</연번>
<업소명>남도미락</업소명>
<영업자성명>한선희</영업자성명>
<소재지_지번_>서초동 1706 - 12 승소빌딩 지하1층</소재지_지번_>
<소재지전화번호>02-593-1100</소재지전화번호>
<업태명>한식</업태명>
<주취급음식>청국장</주취급음식>
</Row>
<Row>
<연번>125</연번>
<업소명>대나무골</업소명>
<영업자성명>전용석</영업자성명>
<소재지_지번_>서초동 1709 - 4</소재지_지번_>
<소재지전화번호>02-533-8410</소재지전화번호>
<업태명>한식</업태명>
<주취급음식>한정식</주취급음식>
</Row>
<Row>
<연번>126</연번>
<업소명>램하우스 서초법원점</업소명>
<영업자성명>박종근</영업자성명>
<소재지_지번_>서초동 1713 - 4 ,5,6 (202호)</소재지_지번_>
<소재지전화번호>02-3476-0678</소재지전화번호>
<업태명>한식</업태명>
<주취급음식>양갈비</주취급음식>
</Row>
<Row>
<연번>127</연번>
<업소명>우밀면옥 교대점</업소명>
<영업자성명>김현경</영업자성명>
<소재지_지번_>서초동 1713 - 4</소재지_지번_>
<소재지전화번호>02-596-3770</소재지전화번호>
<업태명>한식</업태명>
<주취급음식>평양냉면</주취급음식>
</Row>
<Row>
<연번>128</연번>
<업소명>장원한정식</업소명>
<영업자성명>정애숙</영업자성명>
<소재지_지번_>서초동 1714 - 16</소재지_지번_>
<소재지전화번호>02-593-8466</소재지전화번호>
<업태명>한식</업태명>
<주취급음식>한정식</주취급음식>
</Row>
<Row>
<연번>129</연번>
<업소명>이남장(서초점)</업소명>
<영업자성명>이승호</영업자성명>
<소재지_지번_>서초동 1715 - 1 지상1,2,3층</소재지_지번_>
<소재지전화번호>02-592-0268</소재지전화번호>
<업태명>한식</업태명>
<주취급음식>설렁탕</주취급음식>
</Row>
<Row>
<연번>130</연번>
<업소명>서초원</업소명>
<영업자성명>고인혜</영업자성명>
<소재지_지번_>서초동 1715 - 10</소재지_지번_>
<소재지전화번호>02-596-0929</소재지전화번호>
<업태명>한식</업태명>
<주취급음식>한정식</주취급음식>
</Row>
<Row>
<연번>131</연번>
<업소명>전주가</업소명>
<영업자성명>최석종</영업자성명>
<소재지_지번_>서초동 1717 - 4 지하1층 103호</소재지_지번_>
<소재지전화번호>02-594-5588</소재지전화번호>
<업태명>한식</업태명>
<주취급음식>한정식</주취급음식>
</Row>
<Row>
<연번>132</연번>
<업소명>북해도</업소명>
<영업자성명>박미향</영업자성명>
<소재지_지번_>서초동 1717 - 6 지하1층</소재지_지번_>
<소재지전화번호>02-532-0934</소재지전화번호>
<업태명>일식</업태명>
<주취급음식>회정식</주취급음식>
</Row>
<Row>
<연번>133</연번>
<업소명>오발탄</업소명>
<영업자성명>이헌룡</영업자성명>
<소재지_지번_>서초동 1720 - 1 1,2,3층</소재지_지번_>
<소재지전화번호>02-591-6657</소재지전화번호>
<업태명>한식</업태명>
<주취급음식>양대창구이</주취급음식>
</Row>
<Row>
<연번>134</연번>
<업소명>오선채</업소명>
<영업자성명>강승현</영업자성명>
<소재지_지번_>양재동 1 - 23 , 지하1층</소재지_지번_>
<소재지전화번호>02-578-9411</소재지전화번호>
<업태명>한식</업태명>
<주취급음식>한정식</주취급음식>
</Row>
<Row>
<연번>135</연번>
<업소명>일품헌</업소명>
<영업자성명>XU YUANJI</영업자성명>
<소재지_지번_>양재동 1 - 28, 성원빌딩 가동 1층,2층</소재지_지번_>
<소재지전화번호>02-574-7117</소재지전화번호>
<업태명>한식</업태명>
<주취급음식>샤브샤브</주취급음식>
</Row>
<Row>
<연번>136</연번>
<업소명>별난</업소명>
<영업자성명>윤영숙</영업자성명>
<소재지_지번_>양재동 5 - 25, 1층,2층</소재지_지번_>
<소재지전화번호>02-571-2224</소재지전화번호>
<업태명>일식</업태명>
<주취급음식>활어</주취급음식>
</Row>
<Row>
<연번>137</연번>
<업소명>갈비사랑</업소명>
<영업자성명>이하수</영업자성명>
<소재지_지번_>양재동 14 - 3 지층,지상2,3,4,5층</소재지_지번_>
<소재지전화번호>02-3463-6800</소재지전화번호>
<업태명>한식</업태명>
<주취급음식>돼지갈비</주취급음식>
</Row>
<Row>
<연번>138</연번>
<업소명>백마 김씨네</업소명>
<영업자성명>이하수</영업자성명>
<소재지_지번_>양재동 14 - 14 2층</소재지_지번_>
<소재지전화번호>02-3463-9255</소재지전화번호>
<업태명>한식</업태명>
<주취급음식>소고기 국밥</주취급음식>
</Row>
<Row>
<연번>139</연번>
<업소명>청정해참치</업소명>
<영업자성명>김상만</영업자성명>
<소재지_지번_>양재동 23 환승주차장 201호</소재지_지번_>
<소재지전화번호>02-577-4419</소재지전화번호>
<업태명>일식</업태명>
<주취급음식>참치회</주취급음식>
</Row>
<Row>
<연번>140</연번>
<업소명>동신참치양재직영점</업소명>
<영업자성명>신동욱</영업자성명>
<소재지_지번_>양재동 24 (지하 1층)</소재지_지번_>
<소재지전화번호>02-529-7130</소재지전화번호>
<업태명>일식</업태명>
<주취급음식>참치회</주취급음식>
</Row>
<Row>
<연번>141</연번>
<업소명>디오디아</업소명>
<영업자성명>이강인</영업자성명>
<소재지_지번_>양재동 24 스포타임 5층</소재지_지번_>
<소재지전화번호>02-526-8700</소재지전화번호>
<업태명>뷔페식</업태명>
<주취급음식>뷔페</주취급음식>
</Row>
<Row>
<연번>142</연번>
<업소명>구이마마</업소명>
<영업자성명>문광수</영업자성명>
<소재지_지번_>양재동 114 1층</소재지_지번_>
<소재지전화번호>02-575-7449</소재지전화번호>
<업태명>한식</업태명>
<주취급음식>생삼겹</주취급음식>
</Row>
<Row>
<연번>143</연번>
<업소명>The Park(뷔페식당)</업소명>
<영업자성명>강준식</영업자성명>
<소재지_지번_>양재동 202번지 외 3필지 더케이서울호텔 2층</소재지_지번_>
<소재지전화번호>02-526-9434</소재지전화번호>
<업태명>뷔페식</업태명>
<주취급음식>뷔페</주취급음식>
</Row>
<Row>
<연번>144</연번>
<업소명>화돌농장</업소명>
<영업자성명>전수남</영업자성명>
<소재지_지번_>양재동 204 1층</소재지_지번_>
<소재지전화번호>02-575-1858</소재지전화번호>
<업태명>한식</업태명>
<주취급음식>오리로스</주취급음식>
</Row>
<Row>
<연번>145</연번>
<업소명>(주)배나무골</업소명>
<영업자성명>장현성</영업자성명>
<소재지_지번_>양재동 241 - 3</소재지_지번_>
<소재지전화번호>02-571-5252</소재지전화번호>
<업태명>한식</업태명>
<주취급음식>오리</주취급음식>
</Row>
<Row>
<연번>146</연번>
<업소명>어진</업소명>
<영업자성명>조영정</영업자성명>
<소재지_지번_>양재동 242 -4</소재지_지번_>
<소재지전화번호>02-2058-2933</소재지전화번호>
<업태명>한식</업태명>
<주취급음식>해물탕</주취급음식>
</Row>
<Row>
<연번>147</연번>
<업소명>행복밥상</업소명>
<영업자성명>윤남교</영업자성명>
<소재지_지번_>양재동 267 - 2 지하1층</소재지_지번_>
<소재지전화번호>02-536-8825</소재지전화번호>
<업태명>한식</업태명>
<주취급음식>비빔밥</주취급음식>
</Row>
<Row>
<연번>148</연번>
<업소명>평가옥</업소명>
<영업자성명>박민</영업자성명>
<소재지_지번_>양재동 277 - 2 1층,2층</소재지_지번_>
<소재지전화번호>02-3462-1577</소재지전화번호>
<업태명>한식</업태명>
<주취급음식>평양냉면</주취급음식>
</Row>
<Row>
<연번>149</연번>
<업소명>초원정육식당</업소명>
<영업자성명>강영희</영업자성명>
<소재지_지번_>양재동 288 - 1 1,2층</소재지_지번_>
<소재지전화번호>02-573-5598</소재지전화번호>
<업태명>한식</업태명>
<주취급음식>등심</주취급음식>
</Row>
<Row>
<연번>150</연번>
<업소명>해늘찹쌀순대</업소명>
<영업자성명>장훈</영업자성명>
<소재지_지번_>양재동 289 - 8 ,2층</소재지_지번_>
<소재지전화번호>02-573-1733</소재지전화번호>
<업태명>한식</업태명>
<주취급음식>찹쌀순대</주취급음식>
</Row>
<Row>
<연번>151</연번>
<업소명>한촌설렁탕</업소명>
<영업자성명>김준호</영업자성명>
<소재지_지번_>양재동 289 - 9</소재지_지번_>
<소재지전화번호>02-574-6767</소재지전화번호>
<업태명>한식</업태명>
<주취급음식>설렁탕</주취급음식>
</Row>
<Row>
<연번>152</연번>
<업소명>사랑채</업소명>
<영업자성명>양경비</영업자성명>
<소재지_지번_>양재동 320 - 4</소재지_지번_>
<소재지전화번호>02-572-0352</소재지전화번호>
<업태명>한식</업태명>
<주취급음식>한정식</주취급음식>
</Row>
<Row>
<연번>153</연번>
<업소명>약초마을</업소명>
<영업자성명>함순이</영업자성명>
<소재지_지번_>양재동 353 - 5 1층</소재지_지번_>
<소재지전화번호>02-577-5551</소재지전화번호>
<업태명>한식</업태명>
<주취급음식>삼계탕</주취급음식>
</Row>
<Row>
<연번>154</연번>
<업소명>소호정</업소명>
<영업자성명>임동열</영업자성명>
<소재지_지번_>양재동 392 - 11 (1, 2층)</소재지_지번_>
<소재지전화번호>02-579-7282</소재지전화번호>
<업태명>한식</업태명>
<주취급음식>국수</주취급음식>
</Row>
<Row>
<연번>155</연번>
<업소명>황태마을</업소명>
<영업자성명>주윤자</영업자성명>
<소재지_지번_>우면동 13-9</소재지_지번_>
<소재지전화번호>02-573-8926</소재지전화번호>
<업태명>한식</업태명>
<주취급음식>황태구이</주취급음식>
</Row>
<Row>
<연번>156</연번>
<업소명>정여사 손칼국수</업소명>
<영업자성명>정정례</영업자성명>
<소재지_지번_>우면동 64 - 2  201호</소재지_지번_>
<소재지전화번호>02-544-2000</소재지전화번호>
<업태명>분식</업태명>
<주취급음식>칼국수</주취급음식>
</Row>
<Row>
<연번>157</연번>
<업소명>여의도생고기</업소명>
<영업자성명>장시훈</영업자성명>
<소재지_지번_>내곡동 1 - 273 (지상1층)</소재지_지번_>
<소재지전화번호>02-6339-7299</소재지전화번호>
<업태명>한식</업태명>
<주취급음식>생고기</주취급음식>
</Row>
<Row>
<연번>158</연번>
<업소명>피노</업소명>
<영업자성명>오영옥</영업자성명>
<소재지_지번_>내곡동 1 - 2299 1층</소재지_지번_>
<소재지전화번호>02-445-0417</소재지전화번호>
<업태명>한식</업태명>
<주취급음식>연잎밥</주취급음식>
</Row>
<Row>
<연번>159</연번>
<업소명>맷돌로만청계산점</업소명>
<영업자성명>이재훈</영업자성명>
<소재지_지번_>신원동 192 - 12</소재지_지번_>
<소재지전화번호>02-574-9691</소재지전화번호>
<업태명>한식</업태명>
<주취급음식>순두부찌개</주취급음식>
</Row>
<Row>
<연번>160</연번>
<업소명>곤드레집</업소명>
<영업자성명>정임서</영업자성명>
<소재지_지번_>신원동 195 - 16 1층, 2층</소재지_지번_>
<소재지전화번호>02-574-4542</소재지전화번호>
<업태명>한식</업태명>
<주취급음식>곤드레나물밥</주취급음식>
</Row>
<Row>
<연번>161</연번>
<업소명>영주축협 한우프라자 청계산역점</업소명>
<영업자성명>서병국</영업자성명>
<소재지_지번_>신원동 270-10</소재지_지번_>
<소재지전화번호>02-579-9292</소재지전화번호>
<업태명>한식</업태명>
<주취급음식>한우생등심</주취급음식>
</Row>
<Row>
<연번>162</연번>
<업소명>서울만남의광장휴게소 한식당</업소명>
<영업자성명>최윤택</영업자성명>
<소재지_지번_>원지동 10 - 16 서울만남의광장휴게소 한식당</소재지_지번_>
<소재지전화번호>02-578-3372</소재지전화번호>
<업태명>한식</업태명>
<주취급음식>국밥, 찌개</주취급음식>
</Row>
<Row>
<연번>163</연번>
<업소명>목우촌마을 청계산점</업소명>
<영업자성명>박기현</영업자성명>
<소재지_지번_>원지동 375 1층</소재지_지번_>
<소재지전화번호>02-573-0143</소재지전화번호>
<업태명>한식</업태명>
<주취급음식>삼겹살</주취급음식>
</Row>
<Row>
<연번>164</연번>
<업소명>국시 명가</업소명>
<영업자성명>이은숙</영업자성명>
<소재지_지번_>원지동 377 - 4 (1층)</소재지_지번_>
<소재지전화번호>02-571-1474</소재지전화번호>
<업태명>한식</업태명>
<주취급음식>국수</주취급음식>
</Row>
<Row>
<연번>165</연번>
<업소명>조선면옥</업소명>
<영업자성명>김기흥</영업자성명>
<소재지_지번_>원지동 379 - 4 2층</소재지_지번_>
<소재지전화번호>02-2057-5526</소재지전화번호>
<업태명>한식</업태명>
<주취급음식>냉면</주취급음식>
</Row>
<Row>
<연번>166</연번>
<업소명>유라</업소명>
<영업자성명>김정희</영업자성명>
<소재지_지번_>원지동 412 - 2 1층</소재지_지번_>
<소재지전화번호>02-574-2101</소재지전화번호>
<업태명>한식</업태명>
<주취급음식>굴비정식</주취급음식>
</Row>
<Row>
<연번>167</연번>
<업소명>들밥나들이</업소명>
<영업자성명>김도희</영업자성명>
<소재지_지번_>원지동 414 - 10 (1층)</소재지_지번_>
<소재지전화번호>02-574-9949</소재지전화번호>
<업태명>한식</업태명>
<주취급음식>한정식</주취급음식>
</Row>
<Row>
<연번>168</연번>
<업소명>동지섣달 꽃본듯이</업소명>
<영업자성명>유미숙</영업자성명>
<소재지_지번_>원지동 419 지상 2층</소재지_지번_>
<소재지전화번호>02-571-9334</소재지전화번호>
<업태명>한식</업태명>
<주취급음식>돌솥밥</주취급음식>
</Row>
<Row>
<연번>169</연번>
<업소명>소담채</업소명>
<영업자성명>서동준</영업자성명>
<소재지_지번_>원지동 419 - 1 지하1층, 1층, 2층</소재지_지번_>
<소재지전화번호>02-3462-8592</소재지전화번호>
<업태명>한식</업태명>
<주취급음식>쌈밥</주취급음식>
</Row>
<Row>
<연번>170</연번>
<업소명>삼소락</업소명>
<영업자성명>신명아</영업자성명>
<소재지_지번_>방배동 444 - 2 1층</소재지_지번_>
<소재지전화번호>02-585-9288</소재지전화번호>
<업태명>한식</업태명>
<주취급음식>제주삼겹살</주취급음식>
</Row>
<Row>
<연번>171</연번>
<업소명>바르미샤브샤브앤칼국수</업소명>
<영업자성명>이수영</영업자성명>
<소재지_지번_>방배동 444 - 3 2층 202-2호</소재지_지번_>
<소재지전화번호>02-597-1155</소재지전화번호>
<업태명>뷔페식</업태명>
<주취급음식>샤브샤브</주취급음식>
</Row>
<Row>
<연번>172</연번>
<업소명>도쿄하나 사당점</업소명>
<영업자성명>이범택</영업자성명>
<소재지_지번_>방배동 444 - 3, 3층</소재지_지번_>
<소재지전화번호>02-585-2020</소재지전화번호>
<업태명>일식</업태명>
<주취급음식>생선회</주취급음식>
</Row>
<Row>
<연번>173</연번>
<업소명>연안식당 사당점</업소명>
<영업자성명>이범택</영업자성명>
<소재지_지번_>방배동 445 - 1 2층</소재지_지번_>
<소재지전화번호>02-588-6092</소재지전화번호>
<업태명>한식</업태명>
<주취급음식>꼬막비빔밥</주취급음식>
</Row>
<Row>
<연번>174</연번>
<업소명>둥구나무 사당점</업소명>
<영업자성명>박정희</영업자성명>
<소재지_지번_>방배동 445 - 4 8층</소재지_지번_>
<소재지전화번호>02-525-0980</소재지전화번호>
<업태명>한식</업태명>
<주취급음식>한정식</주취급음식>
</Row>
<Row>
<연번>175</연번>
<업소명>사조참치(사당역점)</업소명>
<영업자성명>김정숙</영업자성명>
<소재지_지번_>방배동 446 - 2 지하1층</소재지_지번_>
<소재지전화번호>02-523-6784</소재지전화번호>
<업태명>일식</업태명>
<주취급음식>참치회</주취급음식>
</Row>
<Row>
<연번>176</연번>
<업소명>돌배기집 사당역지점</업소명>
<영업자성명>백종원</영업자성명>
<소재지_지번_>방배동 446 - 2 1층</소재지_지번_>
<소재지전화번호>02-3482-3788</소재지전화번호>
<업태명>한식</업태명>
<주취급음식>차돌박이</주취급음식>
</Row>
<Row>
<연번>177</연번>
<업소명>장원족발</업소명>
<영업자성명>이기한</영업자성명>
<소재지_지번_>방배동 446 - 5, 1,2층</소재지_지번_>
<소재지전화번호>02-586-9696</소재지전화번호>
<업태명>한식</업태명>
<주취급음식>족발,보쌈</주취급음식>
</Row>
<Row>
<연번>178</연번>
<업소명>참조은정육식당</업소명>
<영업자성명>김덕자</영업자성명>
<소재지_지번_>방배동 448 - 21</소재지_지번_>
<소재지전화번호>02-521-2727</소재지전화번호>
<업태명>한식</업태명>
<주취급음식>생고기</주취급음식>
</Row>
<Row>
<연번>179</연번>
<업소명>성민양꼬치</업소명>
<영업자성명>최용진</영업자성명>
<소재지_지번_>방배동 449 - 4 1층</소재지_지번_>
<소재지전화번호>02-583-8856</소재지전화번호>
<업태명>기타</업태명>
<주취급음식>양고기</주취급음식>
</Row>
<Row>
<연번>180</연번>
<업소명>시골보쌈&amp;감자옹심이</업소명>
<영업자성명>김순금</영업자성명>
<소재지_지번_>방배동 449 - 5 (1층)</소재지_지번_>
<소재지전화번호>02-3473-7358</소재지전화번호>
<업태명>한식</업태명>
<주취급음식>보쌈</주취급음식>
</Row>
<Row>
<연번>181</연번>
<업소명>통영해물보쌈</업소명>
<영업자성명>김동규</영업자성명>
<소재지_지번_>방배동 449 - 8 지하1층, 1층</소재지_지번_>
<소재지전화번호>02-585-4378</소재지전화번호>
<업태명>한식</업태명>
<주취급음식>해물보쌈</주취급음식>
</Row>
<Row>
<연번>182</연번>
<업소명>포항죽도 어시장</업소명>
<영업자성명>황영희</영업자성명>
<소재지_지번_>방배동 450 - 5 1층,2층</소재지_지번_>
<소재지전화번호>02-586-5246</소재지전화번호>
<업태명>한식</업태명>
<주취급음식>생선회, 메운탕</주취급음식>
</Row>
<Row>
<연번>183</연번>
<업소명>바다소식</업소명>
<영업자성명>임종한</영업자성명>
<소재지_지번_>방배동 450 - 8 지층</소재지_지번_>
<소재지전화번호>02-522-0730</소재지전화번호>
<업태명>한식</업태명>
<주취급음식>족발</주취급음식>
</Row>
<Row>
<연번>184</연번>
<업소명>왕배화로</업소명>
<영업자성명>김왕배</영업자성명>
<소재지_지번_>방배동 450 - 10</소재지_지번_>
<소재지전화번호>02-588-8736</소재지전화번호>
<업태명>한식</업태명>
<주취급음식>등심</주취급음식>
</Row>
<Row>
<연번>185</연번>
<업소명>삼육가 사당역1호점</업소명>
<영업자성명>서재학</영업자성명>
<소재지_지번_>방배동 450 - 16</소재지_지번_>
<소재지전화번호>02-588-1043</소재지전화번호>
<업태명>한식</업태명>
<주취급음식>묵은지갈비찜,보쌈</주취급음식>
</Row>
<Row>
<연번>186</연번>
<업소명>여진족</업소명>
<영업자성명>박선희</영업자성명>
<소재지_지번_>방배동 451 - 5, 1층, 지하1층</소재지_지번_>
<소재지전화번호>02-3473-3479</소재지전화번호>
<업태명>한식</업태명>
<주취급음식>족발</주취급음식>
</Row>
<Row>
<연번>187</연번>
<업소명>원당감자탕</업소명>
<영업자성명>이학승</영업자성명>
<소재지_지번_>방배동 451 - 8, 2층,3층</소재지_지번_>
<소재지전화번호>02-584-8480</소재지전화번호>
<업태명>한식</업태명>
<주취급음식>감자탕</주취급음식>
</Row>
<Row>
<연번>188</연번>
<업소명>신의주찹쌀순대&amp;숯불갈비</업소명>
<영업자성명>임규현</영업자성명>
<소재지_지번_>방배동 453 - 23, 1층</소재지_지번_>
<소재지전화번호>02-525-0041</소재지전화번호>
<업태명>한식</업태명>
<주취급음식>순대국,돼지갈비</주취급음식>
</Row>
<Row>
<연번>189</연번>
<업소명>한촌설렁탕 사당역점</업소명>
<영업자성명>최윤석</영업자성명>
<소재지_지번_>방배동 453 - 24 1층</소재지_지번_>
<소재지전화번호>02-522-1011</소재지전화번호>
<업태명>한식</업태명>
<주취급음식>설렁탕</주취급음식>
</Row>
<Row>
<연번>190</연번>
<업소명>물조은선주회집</업소명>
<영업자성명>김인규</영업자성명>
<소재지_지번_>방배동 453 - 29 (1,2층)</소재지_지번_>
<소재지전화번호>02-521-7620</소재지전화번호>
<업태명>회집</업태명>
<주취급음식>생선회</주취급음식>
</Row>
<Row>
<연번>191</연번>
<업소명>방배 육감</업소명>
<영업자성명>이재혁</영업자성명>
<소재지_지번_>방배동 475 - 29 지상1층,2층</소재지_지번_>
<소재지전화번호>02-584-8008</소재지전화번호>
<업태명>한식</업태명>
<주취급음식>생고기</주취급음식>
</Row>
<Row>
<연번>192</연번>
<업소명>하우스(HOUSE)</업소명>
<영업자성명>이호정</영업자성명>
<소재지_지번_>방배동 477 - 10 (1층)</소재지_지번_>
<소재지전화번호>02-525-9296</소재지전화번호>
<업태명>경양식</업태명>
<주취급음식>스테이크</주취급음식>
</Row>
<Row>
<연번>193</연번>
<업소명>우면산</업소명>
<영업자성명>차재성</영업자성명>
<소재지_지번_>방배동 478 - 5 1층</소재지_지번_>
<소재지전화번호>02-521-4064</소재지전화번호>
<업태명>한식</업태명>
<주취급음식>삼겹살</주취급음식>
</Row>
<Row>
<연번>194</연번>
<업소명>루안</업소명>
<영업자성명>곽태훈</영업자성명>
<소재지_지번_>방배동 751 - 1 지하1층</소재지_지번_>
<소재지전화번호>02-536-0009</소재지전화번호>
<업태명>중국식</업태명>
<주취급음식>중식</주취급음식>
</Row>
<Row>
<연번>195</연번>
<업소명>남강메기 반포방배점</업소명>
<영업자성명>정현자</영업자성명>
<소재지_지번_>방배동 751 - 3 1층</소재지_지번_>
<소재지전화번호>02-532-7764</소재지전화번호>
<업태명>한식</업태명>
<주취급음식>메기 매운탕</주취급음식>
</Row>
<Row>
<연번>196</연번>
<업소명>댓짱돈까스</업소명>
<영업자성명>윤성순</영업자성명>
<소재지_지번_>방배동 755 - 14 1층, 101호,102호,106호</소재지_지번_>
<소재지전화번호>02-534-7009</소재지전화번호>
<업태명>경양식</업태명>
<주취급음식>돈까스</주취급음식>
</Row>
<Row>
<연번>197</연번>
<업소명>횡성용이네 정육</업소명>
<영업자성명>전장용</영업자성명>
<소재지_지번_>방배동 760 - 2 후생시설 2동 1층 318호</소재지_지번_>
<소재지전화번호>02-591-5575</소재지전화번호>
<업태명>한식</업태명>
<주취급음식>갈비살,살치살</주취급음식>
</Row>
<Row>
<연번>198</연번>
<업소명>김대감봉평메밀촌</업소명>
<영업자성명>김유정</영업자성명>
<소재지_지번_>방배동 761 - 2 2층</소재지_지번_>
<소재지전화번호>02-3477-0270</소재지전화번호>
<업태명>한식</업태명>
<주취급음식>막국수</주취급음식>
</Row>
<Row>
<연번>199</연번>
<업소명>임금님밥상</업소명>
<영업자성명>임정윤</영업자성명>
<소재지_지번_>방배동 762 - 16, A동 1층</소재지_지번_>
<소재지전화번호>02-535-5338</소재지전화번호>
<업태명>한식</업태명>
<주취급음식>매운탕</주취급음식>
</Row>
<Row>
<연번>200</연번>
<업소명>방배동숯불갈비</업소명>
<영업자성명>송원우</영업자성명>
<소재지_지번_>방배동 763 - 32 101호</소재지_지번_>
<소재지전화번호>02-3482-1527</소재지전화번호>
<업태명>한식</업태명>
<주취급음식>돼지갈비</주취급음식>
</Row>
<Row>
<연번>201</연번>
<업소명>조가네 갑오징어 방배카페거리점</업소명>
<영업자성명>신동훈</영업자성명>
<소재지_지번_>방배동 768 - 13</소재지_지번_>
<소재지전화번호>02-536-4842</소재지전화번호>
<업태명>한식</업태명>
<주취급음식>갑오징어볶음</주취급음식>
</Row>
<Row>
<연번>202</연번>
<업소명>육갑식당</업소명>
<영업자성명>민보람</영업자성명>
<소재지_지번_>방배동 777 - 5, 지하1층 지상1층</소재지_지번_>
<소재지전화번호>02-596-9292</소재지전화번호>
<업태명>한식</업태명>
<주취급음식>등심</주취급음식>
</Row>
<Row>
<연번>203</연번>
<업소명>미방</업소명>
<영업자성명>이현주</영업자성명>
<소재지_지번_>방배동 777 - 20</소재지_지번_>
<소재지전화번호>02-533-3660</소재지전화번호>
<업태명>한식</업태명>
<주취급음식>숯불구이</주취급음식>
</Row>
<Row>
<연번>204</연번>
<업소명>장수원</업소명>
<영업자성명>나오미</영업자성명>
<소재지_지번_>방배동 778 - 27, 지하1층,1층,2층</소재지_지번_>
<소재지전화번호>02-532-2225</소재지전화번호>
<업태명>한식</업태명>
<주취급음식>불고기</주취급음식>
</Row>
<Row>
<연번>205</연번>
<업소명>천리향</업소명>
<영업자성명>정화엽</영업자성명>
<소재지_지번_>방배동 795 - 24  지층, 1층</소재지_지번_>
<소재지전화번호>02-534-8385</소재지전화번호>
<업태명>중식</업태명>
<주취급음식>삼선짬뽕</주취급음식>
</Row>
<Row>
<연번>206</연번>
<업소명>델리세</업소명>
<영업자성명>장현숙</영업자성명>
<소재지_지번_>방배동 807-9</소재지_지번_>
<소재지전화번호>02-534-3142</소재지전화번호>
<업태명>양식</업태명>
<주취급음식>파스타</주취급음식>
</Row>
<Row>
<연번>207</연번>
<업소명>유다까 회전초밥전문점</업소명>
<영업자성명>이진규</영업자성명>
<소재지_지번_>방배동 813 - 6 1층</소재지_지번_>
<소재지전화번호>02-537-7714</소재지전화번호>
<업태명>일식</업태명>
<주취급음식>초밥</주취급음식>
</Row>
<Row>
<연번>208</연번>
<업소명>KOREAN TABLE(코리안 테이블)</업소명>
<영업자성명>박현진</영업자성명>
<소재지_지번_>방배동 813 - 8 1층</소재지_지번_>
<소재지전화번호>02-536-8666</소재지전화번호>
<업태명>한식</업태명>
<주취급음식>콩나물국밥</주취급음식>
</Row>
<Row>
<연번>209</연번>
<업소명>참숯애 서래갈비</업소명>
<영업자성명>김성하</영업자성명>
<소재지_지번_>방배동 818 - 13</소재지_지번_>
<소재지전화번호>02-537-0086</소재지전화번호>
<업태명>한식</업태명>
<주취급음식>갈비</주취급음식>
</Row>
<Row>
<연번>210</연번>
<업소명>소율칼국수</업소명>
<영업자성명>김말녀</영업자성명>
<소재지_지번_>방배동 836 - 1 1층 상가8호</소재지_지번_>
<소재지전화번호>02-595-6699</소재지전화번호>
<업태명>한식</업태명>
<주취급음식>바지락칼국수</주취급음식>
</Row>
<Row>
<연번>211</연번>
<업소명>은선 설렁탕</업소명>
<영업자성명>서금화</영업자성명>
<소재지_지번_>방배동 836 - 12, 1층</소재지_지번_>
<소재지전화번호>02-535-8583</소재지전화번호>
<업태명>한식</업태명>
<주취급음식>설렁탕</주취급음식>
</Row>
<Row>
<연번>212</연번>
<업소명>서래면옥</업소명>
<영업자성명>박성완</영업자성명>
<소재지_지번_>방배동 837 - 14</소재지_지번_>
<소재지전화번호>02-599-0366</소재지전화번호>
<업태명>분식</업태명>
<주취급음식>바지락칼국수</주취급음식>
</Row>
<Row>
<연번>213</연번>
<업소명>묘오또</업소명>
<영업자성명>김민수</영업자성명>
<소재지_지번_>방배동 850 - 1 1층</소재지_지번_>
<소재지전화번호>02-536-5980</소재지전화번호>
<업태명>한식</업태명>
<주취급음식>돈가스, 우동</주취급음식>
</Row>
<Row>
<연번>214</연번>
<업소명>제주어항 1950</업소명>
<영업자성명>유영희</영업자성명>
<소재지_지번_>방배동 851 - 2 지상 1층</소재지_지번_>
<소재지전화번호>02-3482-8400</소재지전화번호>
<업태명>한식</업태명>
<주취급음식>순대국</주취급음식>
</Row>
<Row>
<연번>215</연번>
<업소명>송이하랑</업소명>
<영업자성명>송성재</영업자성명>
<소재지_지번_>방배동 866 - 6 지상1층,2층</소재지_지번_>
<소재지전화번호>02-599-4499</소재지전화번호>
<업태명>한식</업태명>
<주취급음식>삼겹살</주취급음식>
</Row>
<Row>
<연번>216</연번>
<업소명>방배명가</업소명>
<영업자성명>이연숙</영업자성명>
<소재지_지번_>방배동 873 - 20 1층</소재지_지번_>
<소재지전화번호>02-533-2488</소재지전화번호>
<업태명>한식</업태명>
<주취급음식>해장국</주취급음식>
</Row>
<Row>
<연번>217</연번>
<업소명>㈜ 이지에프엔씨</업소명>
<영업자성명>이영선</영업자성명>
<소재지_지번_>방배동 874-8</소재지_지번_>
<소재지전화번호>02-595-1511</소재지전화번호>
<업태명>한식</업태명>
<주취급음식>설렁탕</주취급음식>
</Row>
<Row>
<연번>218</연번>
<업소명>만다린</업소명>
<영업자성명>이봉환</영업자성명>
<소재지_지번_>방배동 875 - 15 1층</소재지_지번_>
<소재지전화번호>02-596-6767</소재지전화번호>
<업태명>분식</업태명>
<주취급음식>짬뽕</주취급음식>
</Row>
<Row>
<연번>219</연번>
<업소명>양모리 양대창</업소명>
<영업자성명>이방분</영업자성명>
<소재지_지번_>방배동 851 - 6 107호</소재지_지번_>
<소재지전화번호>02-532-8125</소재지전화번호>
<업태명>한식</업태명>
<주취급음식>양깃머리,양,대창</주취급음식>
</Row>
<Row>
<연번>220</연번>
<업소명>서리풀 명가</업소명>
<영업자성명>박정숙</영업자성명>
<소재지_지번_>방배동 876 - 9</소재지_지번_>
<소재지전화번호>02-535-3692</소재지전화번호>
<업태명>한식</업태명>
<주취급음식>곰탕,설렁탕</주취급음식>
</Row>
<Row>
<연번>221</연번>
<업소명>마초셰프</업소명>
<영업자성명>정영찬</영업자성명>
<소재지_지번_>방배동 876 - 19 1층</소재지_지번_>
<소재지전화번호>02-6465-4242</소재지전화번호>
<업태명>양식</업태명>
<주취급음식>파스타</주취급음식>
</Row>
<Row>
<연번>222</연번>
<업소명>명동보리밥 방배점</업소명>
<영업자성명>박경순</영업자성명>
<소재지_지번_>방배동 898 - 3 지상2층 201호</소재지_지번_>
<소재지전화번호>02-3471-3392</소재지전화번호>
<업태명>한식</업태명>
<주취급음식>보리밥정식</주취급음식>
</Row>
<Row>
<연번>223</연번>
<업소명>우리밀 칼국수</업소명>
<영업자성명>조화자</영업자성명>
<소재지_지번_>방배동 908 - 13 지하 1층</소재지_지번_>
<소재지전화번호>02-588-5895</소재지전화번호>
<업태명>한식</업태명>
<주취급음식>칼국수</주취급음식>
</Row>
<Row>
<연번>224</연번>
<업소명>CASA BRASIL GRILL(까사 브라질 그릴)</업소명>
<영업자성명>Pasqueti Valdecir</영업자성명>
<소재지_지번_>방배동 909 - 4 5층</소재지_지번_>
<소재지전화번호>02-598-5066</소재지전화번호>
<업태명>경양식</업태명>
<주취급음식>슈하스코 코스(브라질정통바베큐)</주취급음식>
</Row>
<Row>
<연번>225</연번>
<업소명>엉터리생고기 무한삼겹 방배역점</업소명>
<영업자성명>김도경</영업자성명>
<소재지_지번_>방배동 909 - 11 2층</소재지_지번_>
<소재지전화번호>02-588-7113</소재지전화번호>
<업태명>한식</업태명>
<주취급음식>삼겹살</주취급음식>
</Row>
<Row>
<연번>226</연번>
<업소명>지현</업소명>
<영업자성명>오세인</영업자성명>
<소재지_지번_>방배동 910 - 4 (지상1층)</소재지_지번_>
<소재지전화번호>02-3473-6292</소재지전화번호>
<업태명>한식</업태명>
<주취급음식>샤브샤브</주취급음식>
</Row>
<Row>
<연번>227</연번>
<업소명>북경</업소명>
<영업자성명>소인학</영업자성명>
<소재지_지번_>방배동 911 - 22 1층 2호</소재지_지번_>
<소재지전화번호>02-521-9270</소재지전화번호>
<업태명>중식</업태명>
<주취급음식>짬뽕,탕수육</주취급음식>
</Row>
<Row>
<연번>228</연번>
<업소명>더구어</업소명>
<영업자성명>고석갑</영업자성명>
<소재지_지번_>방배동 924 - 5 (지상1층)</소재지_지번_>
<소재지전화번호>02-3474-9293</소재지전화번호>
<업태명>한식</업태명>
<주취급음식>삼겹살</주취급음식>
</Row>
<Row>
<연번>229</연번>
<업소명>방배순대국</업소명>
<영업자성명>한승희</영업자성명>
<소재지_지번_>방배동 924 - 9 1층</소재지_지번_>
<소재지전화번호>02-598-9587</소재지전화번호>
<업태명>한식</업태명>
<주취급음식>순대국</주취급음식>
</Row>
<Row>
<연번>230</연번>
<업소명>순남시래기</업소명>
<영업자성명>최은정</영업자성명>
<소재지_지번_>방배동 925 - 6 1층</소재지_지번_>
<소재지전화번호>02-582-2326</소재지전화번호>
<업태명>한식</업태명>
<주취급음식>시래기국</주취급음식>
</Row>
<Row>
<연번>231</연번>
<업소명>정담남원추어탕</업소명>
<영업자성명>류명미</영업자성명>
<소재지_지번_>방배동 926 - 27 1층</소재지_지번_>
<소재지전화번호>02-583-7588</소재지전화번호>
<업태명>한식</업태명>
<주취급음식>추어탕</주취급음식>
</Row>
<Row>
<연번>232</연번>
<업소명>미나토</업소명>
<영업자성명>이길열</영업자성명>
<소재지_지번_>방배동 935 - 2 1층</소재지_지번_>
<소재지전화번호>02-525-5841</소재지전화번호>
<업태명>일식</업태명>
<주취급음식>숙성 생선회</주취급음식>
</Row>
<Row>
<연번>233</연번>
<업소명>풍천장어마을</업소명>
<영업자성명>서영곤</영업자성명>
<소재지_지번_>방배동 951 - 18</소재지_지번_>
<소재지전화번호>02-521-1256</소재지전화번호>
<업태명>한식</업태명>
<주취급음식>장어탕</주취급음식>
</Row>
<Row>
<연번>234</연번>
<업소명>효소원 순두부와 청국장 그리고 전</업소명>
<영업자성명>오경옥</영업자성명>
<소재지_지번_>방배동 983 - 8 1층</소재지_지번_>
<소재지전화번호>02-3471-3355</소재지전화번호>
<업태명>한식</업태명>
<주취급음식>청국장</주취급음식>
</Row>
<Row>
<연번>235</연번>
<업소명>ELBA KITCHEN(엘바 키친)</업소명>
<영업자성명>신원각</영업자성명>
<소재지_지번_>방배동 985 - 2 1층</소재지_지번_>
<소재지전화번호>02-585-9559</소재지전화번호>
<업태명>경양식</업태명>
<주취급음식>스테이크, 파스타</주취급음식>
</Row>
<Row>
<연번>236</연번>
<업소명>민어사랑</업소명>
<영업자성명>박호자</영업자성명>
<소재지_지번_>방배동 1001 - 9 1층</소재지_지번_>
<소재지전화번호>02-588-2714</소재지전화번호>
<업태명>한식</업태명>
<주취급음식>민어탕</주취급음식>
</Row>
<Row>
<연번>237</연번>
<업소명>송강</업소명>
<영업자성명>차경숙</영업자성명>
<소재지_지번_>방배동 1002 - 1 1층</소재지_지번_>
<소재지전화번호>02-521-2502</소재지전화번호>
<업태명>한식</업태명>
<주취급음식>복어, 장어요리</주취급음식>
</Row>
<Row>
<연번>238</연번>
<업소명>만다린</업소명>
<영업자성명>정자용</영업자성명>
<소재지_지번_>방배동 1020 - 2 대영빌딩1층 101호</소재지_지번_>
<소재지전화번호>02-581-3366</소재지전화번호>
<업태명>중국식</업태명>
<주취급음식>중국요리</주취급음식>
</Row>
<Row>
<연번>239</연번>
<업소명>정으로그리는밥상</업소명>
<영업자성명>박은석</영업자성명>
<소재지_지번_>방배동 1021 - 14 파크애비뉴빌딩</소재지_지번_>
<소재지전화번호>02-597-0027</소재지전화번호>
<업태명>한식</업태명>
<주취급음식>한정식</주취급음식>
</Row>
<Row>
<연번>240</연번>
<업소명>방배골식당</업소명>
<영업자성명>송금자</영업자성명>
<소재지_지번_>방배동 1022 - 2 (지상2층)</소재지_지번_>
<소재지전화번호>02-588-5197</소재지전화번호>
<업태명>한식</업태명>
<주취급음식>한식</주취급음식>
</Row>
<Row>
<연번>241</연번>
<업소명>임광루</업소명>
<영업자성명>권순분</영업자성명>
<소재지_지번_>방배동 1024 - 4 1층 9호, 1층 10호</소재지_지번_>
<소재지전화번호>02-583-2460</소재지전화번호>
<업태명>중국식</업태명>
<주취급음식>짜장면</주취급음식>
</Row>
<Row>
<연번>242</연번>
<업소명>댓짱 돈까스</업소명>
<영업자성명>장연조</영업자성명>
<소재지_지번_>방배동 1031 - 1</소재지_지번_>
<소재지전화번호>02-584-7348</소재지전화번호>
<업태명>경양식</업태명>
<주취급음식>돈까스</주취급음식>
</Row>
<Row>
<연번>243</연번>
<업소명>방배본가면옥</업소명>
<영업자성명>송양숙</영업자성명>
<소재지_지번_>방배동 1031 - 2 방배홈스텔 1층 102호</소재지_지번_>
<소재지전화번호>02-587-5799</소재지전화번호>
<업태명>한식</업태명>
<주취급음식>냉면</주취급음식>
</Row>
<Row>
<연번>244</연번>
<업소명>더프리마베라 웨딩</업소명>
<영업자성명>정재일</영업자성명>
<소재지_지번_>방배동 1823, 지하1층</소재지_지번_>
<소재지전화번호>02-3476-2006</소재지전화번호>
<업태명>뷔페</업태명>
<주취급음식>뷔페</주취급음식>
</Row>
<Row>
<연번>245</연번>
<업소명>방배골</업소명>
<영업자성명>석강하</영업자성명>
<소재지_지번_>방배동 2096</소재지_지번_>
<소재지전화번호>02-595-2116</소재지전화번호>
<업태명>한식</업태명>
<주취급음식>등심</주취급음식>
</Row>
<Row>
<연번>246</연번>
<업소명>오동도 산아나고 숯불구이</업소명>
<영업자성명>박인수</영업자성명>
<소재지_지번_>방배동 3001-1</소재지_지번_>
<소재지전화번호>02-532-9679</소재지전화번호>
<업태명>한식</업태명>
<주취급음식>아나고숯불구이</주취급음식>
</Row>
<Row>
<연번>247</연번>
<업소명>김영희 강남동태찜 이수점</업소명>
<영업자성명>박상형</영업자성명>
<소재지_지번_>방배동 3001 - 2 B117~119,B122~126호</소재지_지번_>
<소재지전화번호>02-533-6890</소재지전화번호>
<업태명>한식</업태명>
<주취급음식>동태찜,해물찜</주취급음식>
</Row>
<Row>
<연번>248</연번>
<업소명>토다이 반포점</업소명>
<영업자성명>김한스형민</영업자성명>
<소재지_지번_>반포동 19-1</소재지_지번_>
<소재지전화번호>02-588-3624</소재지전화번호>
<업태명>뷔페</업태명>
<주취급음식>뷔페</주취급음식>
</Row>
<Row>
<연번>249</연번>
<업소명>수라빔</업소명>
<영업자성명>오행일</영업자성명>
<소재지_지번_>반포동 19 - 3 1층중층 M8호 센트럴시티</소재지_지번_>
<소재지전화번호>02-6282-3355</소재지전화번호>
<업태명>한식</업태명>
<주취급음식>비빔밥,해물순두부</주취급음식>
</Row>
<Row>
<연번>250</연번>
<업소명>경복궁 서초점</업소명>
<영업자성명>김미애</영업자성명>
<소재지_지번_>반포동 44 - 4 ~6호 3, 4층</소재지_지번_>
<소재지전화번호>02-377-7758</소재지전화번호>
<업태명>한식</업태명>
<주취급음식>한정식</주취급음식>
</Row>
<Row>
<연번>251</연번>
<업소명>하남돼지집 반포점</업소명>
<영업자성명>김범일</영업자성명>
<소재지_지번_>반포동 55 - 7 1층</소재지_지번_>
<소재지전화번호>02-537-6282</소재지전화번호>
<업태명>한식</업태명>
<주취급음식>돼지고기</주취급음식>
</Row>
<Row>
<연번>252</연번>
<업소명>무교동유정낙지반포점</업소명>
<영업자성명>이현숙</영업자성명>
<소재지_지번_>반포동 57 - 3</소재지_지번_>
<소재지전화번호>02-599-0088</소재지전화번호>
<업태명>한식</업태명>
<주취급음식>낙지볶음</주취급음식>
</Row>
<Row>
<연번>253</연번>
<업소명>놀부보쌈과 부대찌개</업소명>
<영업자성명>최윤식</영업자성명>
<소재지_지번_>반포동 58 - 7 2층(201~203)</소재지_지번_>
<소재지전화번호>02-535-4747</소재지전화번호>
<업태명>한식</업태명>
<주취급음식>보쌈 및 족발류</주취급음식>
</Row>
<Row>
<연번>254</연번>
<업소명>다봉</업소명>
<영업자성명>신석우</영업자성명>
<소재지_지번_>반포동 63 - 1</소재지_지번_>
<소재지전화번호>02-2186-6888</소재지전화번호>
<업태명>일식</업태명>
<주취급음식>회초밥</주취급음식>
</Row>
<Row>
<연번>255</연번>
<업소명>h' Garden(에이치가든)</업소명>
<영업자성명>박홍진</영업자성명>
<소재지_지번_>반포동 63 - 1 팔래스호텔 1층</소재지_지번_>
<소재지전화번호>02-2186-6885</소재지전화번호>
<업태명>뷔페식</업태명>
<주취급음식>뷔페</주취급음식>
</Row>
<Row>
<연번>256</연번>
<업소명>남도미락</업소명>
<영업자성명>김시윤</영업자성명>
<소재지_지번_>반포동 65 - 1 외 2필지 101~106호,109~110호</소재지_지번_>
<소재지전화번호>02-595-2589</소재지전화번호>
<업태명>한식</업태명>
<주취급음식>연포탕</주취급음식>
</Row>
<Row>
<연번>257</연번>
<업소명>레드브릭(Redbrick)</업소명>
<영업자성명>고우현</영업자성명>
<소재지_지번_>반포동 72 - 8 1층</소재지_지번_>
<소재지전화번호>02-591-7878</소재지전화번호>
<업태명>경양식</업태명>
<주취급음식>피자</주취급음식>
</Row>
<Row>
<연번>258</연번>
<업소명>서래말 면옥집</업소명>
<영업자성명>최선희</영업자성명>
<소재지_지번_>반포동 72 - 10 1층~2층</소재지_지번_>
<소재지전화번호>02-596-3450</소재지전화번호>
<업태명>한식</업태명>
<주취급음식>함흥냉면</주취급음식>
</Row>
<Row>
<연번>259</연번>
<업소명>하노이의아침</업소명>
<영업자성명>최윤영</영업자성명>
<소재지_지번_>반포동 90 - 1 가나빌딩 5층</소재지_지번_>
<소재지전화번호>02-599-5320</소재지전화번호>
<업태명>경양식</업태명>
<주취급음식>베트남쌀국수</주취급음식>
</Row>
<Row>
<연번>260</연번>
<업소명>하루</업소명>
<영업자성명>김덕규</영업자성명>
<소재지_지번_>반포동 90 - 4 (2층)</소재지_지번_>
<소재지전화번호>02-594-5789</소재지전화번호>
<업태명>한식</업태명>
<주취급음식>고기</주취급음식>
</Row>
<Row>
<연번>261</연번>
<업소명>화담</업소명>
<영업자성명>박소영</영업자성명>
<소재지_지번_>반포동 92 - 6 2층</소재지_지번_>
<소재지전화번호>02-533-4443</소재지전화번호>
<업태명>일식</업태명>
<주취급음식>차돌박이숙주볶음</주취급음식>
</Row>
<Row>
<연번>262</연번>
<업소명>서래본가</업소명>
<영업자성명>서심순</영업자성명>
<소재지_지번_>반포동 93 - 1 1층,2층,3층</소재지_지번_>
<소재지전화번호>02-3477-9192</소재지전화번호>
<업태명>한식</업태명>
<주취급음식>갈비탕</주취급음식>
</Row>
<Row>
<연번>263</연번>
<업소명>육갑식당</업소명>
<영업자성명>장호철</영업자성명>
<소재지_지번_>반포동 93-2</소재지_지번_>
<소재지전화번호>02-533-9282</소재지전화번호>
<업태명>한식</업태명>
<주취급음식>와규 생등심</주취급음식>
</Row>
<Row>
<연번>264</연번>
<업소명>전주행</업소명>
<영업자성명>이인건</영업자성명>
<소재지_지번_>반포동 95 - 5</소재지_지번_>
<소재지전화번호>02-599-8119</소재지전화번호>
<업태명>한식</업태명>
<주취급음식>전주비빔밥</주취급음식>
</Row>
<Row>
<연번>265</연번>
<업소명>포폴라리타</업소명>
<영업자성명>임영자</영업자성명>
<소재지_지번_>반포동 96 - 1</소재지_지번_>
<소재지전화번호>02-593-2340</소재지전화번호>
<업태명>경양식</업태명>
<주취급음식>스파게티</주취급음식>
</Row>
<Row>
<연번>266</연번>
<업소명>서래횟집</업소명>
<영업자성명>공맹자</영업자성명>
<소재지_지번_>반포동 104 - 2 1층</소재지_지번_>
<소재지전화번호>02-532-1573</소재지전화번호>
<업태명>일식</업태명>
<주취급음식>회초밥</주취급음식>
</Row>
<Row>
<연번>267</연번>
<업소명>황제</업소명>
<영업자성명>석가연</영업자성명>
<소재지_지번_>반포동 105 - 1 (지상2층)</소재지_지번_>
<소재지전화번호>02-536-8820</소재지전화번호>
<업태명>중국식</업태명>
<주취급음식>중국요리</주취급음식>
</Row>
<Row>
<연번>268</연번>
<업소명>㈜톰볼라</업소명>
<영업자성명>김주환</영업자성명>
<소재지_지번_>반포동 106 - 8 1층 101호</소재지_지번_>
<소재지전화번호>02-593-4660</소재지전화번호>
<업태명>양식</업태명>
<주취급음식>스테이크</주취급음식>
</Row>
<Row>
<연번>269</연번>
<업소명>주미요</업소명>
<영업자성명>HAN LI</영업자성명>
<소재지_지번_>반포동 107 - 9 1층, 위너스빌</소재지_지번_>
<소재지전화번호>02-599-1988</소재지전화번호>
<업태명>중식</업태명>
<주취급음식>북경오리</주취급음식>
</Row>
<Row>
<연번>270</연번>
<업소명>한국회관</업소명>
<영업자성명>김경희</영업자성명>
<소재지_지번_>반포동 107 - 45 가동 1층,2층</소재지_지번_>
<소재지전화번호>02-595-3355</소재지전화번호>
<업태명>한식</업태명>
<주취급음식>한우,탕</주취급음식>
</Row>
<Row>
<연번>271</연번>
<업소명>올반 센트럴시티점</업소명>
<영업자성명>최성재</영업자성명>
<소재지_지번_>반포동 118 - 3번지 외 7필지 센트럴시티 파미에스테이션 1층 FP103호</소재지_지번_>
<소재지전화번호>02-591-2213</소재지전화번호>
<업태명>한식</업태명>
<주취급음식>뷔페</주취급음식>
</Row>
<Row>
<연번>272</연번>
<업소명>주식회사 에프아이씨</업소명>
<영업자성명>이경진</영업자성명>
<소재지_지번_>반포동 649 새빛둥둥섬 제1섬 3층</소재지_지번_>
<소재지전화번호>02-537-2440</소재지전화번호>
<업태명>경양식</업태명>
<주취급음식>피자,파스타</주취급음식>
</Row>
<Row>
<연번>273</연번>
<업소명>어랑 생선밥상</업소명>
<영업자성명>한석동</영업자성명>
<소재지_지번_>반포동 736</소재지_지번_>
<소재지전화번호>02-516-3690</소재지전화번호>
<업태명>한식</업태명>
<주취급음식>생선구이</주취급음식>
</Row>
<Row>
<연번>274</연번>
<업소명>평가옥(반포점)</업소명>
<영업자성명>이창건</영업자성명>
<소재지_지번_>반포동 746 - 5 서일빌딩 1층 (103-107호)</소재지_지번_>
<소재지전화번호>02-3444-8030</소재지전화번호>
<업태명>한식</업태명>
<주취급음식>냉면</주취급음식>
</Row>
<Row>
<연번>275</연번>
<업소명>이춘복참치 신논현</업소명>
<영업자성명>이춘복</영업자성명>
<소재지_지번_>반포동 748-12 지하1층, 지상1층</소재지_지번_>
<소재지전화번호>02-542-4558</소재지전화번호>
<업태명>일식</업태명>
<주취급음식>회코스</주취급음식>
</Row>
<Row>
<연번>276</연번>
<업소명>식도원</업소명>
<영업자성명>신정숙</영업자성명>
<소재지_지번_>반포동 817 상가E블럭 32-1,33호</소재지_지번_>
<소재지전화번호>02-599-3825</소재지전화번호>
<업태명>일식</업태명>
<주취급음식>정통일식</주취급음식>
</Row>
<Row>
<연번>277</연번>
<업소명>맷돌로만</업소명>
<영업자성명>박창훈</영업자성명>
<소재지_지번_>반포동 1053 - 5,6호, 1층</소재지_지번_>
<소재지전화번호>02-535-1233</소재지전화번호>
<업태명>한식</업태명>
<주취급음식>순두부</주취급음식>
</Row>
<Row>
<연번>278</연번>
<업소명>더가든 키친</업소명>
<영업자성명>안필호</영업자성명>
<소재지_지번_>잠원동 6 - 1호 더리버사이드호텔 1층(지하 1층) 1동</소재지_지번_>
<소재지전화번호>02-6710-1133</소재지전화번호>
<업태명>뷔페식</업태명>
<주취급음식>뷔페</주취급음식>
</Row>
<Row>
<연번>279</연번>
<업소명>영동설농탕</업소명>
<영업자성명>김용호</영업자성명>
<소재지_지번_>잠원동 10 - 53</소재지_지번_>
<소재지전화번호>02-543-4716</소재지전화번호>
<업태명>한식</업태명>
<주취급음식>설렁탕</주취급음식>
</Row>
<Row>
<연번>280</연번>
<업소명>노독일처</업소명>
<영업자성명>남숙자</영업자성명>
<소재지_지번_>잠원동 15 - 10 라성빌딩 1층, 2층</소재지_지번_>
<소재지전화번호>02-517-4552</소재지전화번호>
<업태명>중국식</업태명>
<주취급음식>자장면</주취급음식>
</Row>
<Row>
<연번>281</연번>
<업소명>내고향본가</업소명>
<영업자성명>박말녀</영업자성명>
<소재지_지번_>잠원동 17 - 1 2,3,4,5</소재지_지번_>
<소재지전화번호>02-540-6331</소재지전화번호>
<업태명>한식</업태명>
<주취급음식>남도요리</주취급음식>
</Row>
<Row>
<연번>282</연번>
<업소명>강남 따로국밥</업소명>
<영업자성명>백윤성</영업자성명>
<소재지_지번_>잠원동 19 - 10 외2필지 (1동 2층)</소재지_지번_>
<소재지전화번호>02-543-2527</소재지전화번호>
<업태명>한식</업태명>
<주취급음식>국밥</주취급음식>
</Row>
<Row>
<연번>283</연번>
<업소명>이모 전주콩나물 국밥</업소명>
<영업자성명>고영자</영업자성명>
<소재지_지번_>잠원동 21-1 2층</소재지_지번_>
<소재지전화번호>02-547-7908</소재지전화번호>
<업태명>한식</업태명>
<주취급음식>콩나물국밥</주취급음식>
</Row>
<Row>
<연번>284</연번>
<업소명>삼호복집</업소명>
<영업자성명>서미경</영업자성명>
<소재지_지번_>잠원동 22 - 17</소재지_지번_>
<소재지전화번호>02-542-7296</소재지전화번호>
<업태명>한식</업태명>
<주취급음식>복매운탕</주취급음식>
</Row>
<Row>
<연번>285</연번>
<업소명>마구로센</업소명>
<영업자성명>임순택</영업자성명>
<소재지_지번_>잠원동 22 - 5 지상1층</소재지_지번_>
<소재지전화번호>02-517-5110</소재지전화번호>
<업태명>일식</업태명>
<주취급음식>회정식</주취급음식>
</Row>
<Row>
<연번>286</연번>
<업소명>진대감</업소명>
<영업자성명>김희석</영업자성명>
<소재지_지번_>잠원동 23 - 8 수인빌딩 지상1층</소재지_지번_>
<소재지전화번호>02-543-8858</소재지전화번호>
<업태명>한식</업태명>
<주취급음식>차돌삼합</주취급음식>
</Row>
<Row>
<연번>287</연번>
<업소명>동천홍</업소명>
<영업자성명>전단비</영업자성명>
<소재지_지번_>잠원동 25 - 25 (1층)</소재지_지번_>
<소재지전화번호>02-549-5922</소재지전화번호>
<업태명>중식</업태명>
<주취급음식>짜장</주취급음식>
</Row>
<Row>
<연번>288</연번>
<업소명>공리</업소명>
<영업자성명>김태림</영업자성명>
<소재지_지번_>잠원동 26 - 9 1층, 2층</소재지_지번_>
<소재지전화번호>02-544-3239</소재지전화번호>
<업태명>중식</업태명>
<주취급음식>탕수육</주취급음식>
</Row>
<Row>
<연번>289</연번>
<업소명>(주)프로간장게장</업소명>
<영업자성명>김종윤</영업자성명>
<소재지_지번_>잠원동 27 - 1 (지상1층,2층)</소재지_지번_>
<소재지전화번호>02-543-4126</소재지전화번호>
<업태명>한식</업태명>
<주취급음식>간장게장</주취급음식>
</Row>
<Row>
<연번>290</연번>
<업소명>의정부 평양면옥</업소명>
<영업자성명>박찬석</영업자성명>
<소재지_지번_>잠원동 29 - 23 1,2,3,4층</소재지_지번_>
<소재지전화번호>02-547-6947</소재지전화번호>
<업태명>한식</업태명>
<주취급음식>냉면</주취급음식>
</Row>
<Row>
<연번>291</연번>
<업소명>진동둔횟집</업소명>
<영업자성명>박외숙</영업자성명>
<소재지_지번_>잠원동 36 - 18 지하1층,1층,2층</소재지_지번_>
<소재지전화번호>02-543-3849</소재지전화번호>
<업태명>일식</업태명>
<주취급음식>대구탕</주취급음식>
</Row>
<Row>
<연번>292</연번>
<업소명>봉평고향메밀촌</업소명>
<영업자성명>박정규</영업자성명>
<소재지_지번_>잠원동 39 - 1</소재지_지번_>
<소재지전화번호>02-511-7888</소재지전화번호>
<업태명>한식</업태명>
<주취급음식>막국수</주취급음식>
</Row>
<Row>
<연번>293</연번>
<업소명>세븐스프링스(잠원점)</업소명>
<영업자성명>서정배</영업자성명>
<소재지_지번_>잠원동 65 - 32 1층 101호</소재지_지번_>
<소재지전화번호>02-532-7079</소재지전화번호>
<업태명>뷔페식</업태명>
<주취급음식>뷔페</주취급음식>
</Row>
<Row>
<연번>294</연번>
<업소명>JS가든(잠원점)</업소명>
<영업자성명>정영태</영업자성명>
<소재지_지번_>잠원동 66 - 2</소재지_지번_>
<소재지전화번호>02-595-1221</소재지전화번호>
<업태명>중식</업태명>
<주취급음식>해삼전복볶음</주취급음식>
</Row>
<Row>
<연번>295</연번>
<업소명>반포면옥</업소명>
<영업자성명>소순경</영업자성명>
<소재지_지번_>잠원동 70 , 5호</소재지_지번_>
<소재지전화번호>02-591-4281</소재지전화번호>
<업태명>한식</업태명>
<주취급음식>냉면</주취급음식>
</Row>
</root>
