<?xml version="1.0" encoding="UTF-8"?>
<root>
<header>
<header>연번</header>
<header>_전_업소명</header>
<header>소재지_도로명_</header>
<header>전화번호</header>
<header>면적_mXm_</header>
<header>업태</header>
<header>기준일자</header>
</header>
<Row>
<연번>1</연번>
<_전_업소명>(주)베이징코야</_전_업소명>
<소재지_도로명_>율곡로2길 29-1  지하1층 (수송동)</소재지_도로명_>
<전화번호>02-313-5292</전화번호>
<면적_mXm_>621</면적_mXm_>
<업태>중식</업태>
<기준일자>2019-01-07</기준일자>
</Row>
<Row>
<연번>2</연번>
<_전_업소명>(주)석파랑</_전_업소명>
<소재지_도로명_>자하문로 309  1층 (홍지동)</소재지_도로명_>
<전화번호>02-395-2500</전화번호>
<면적_mXm_>183.42</면적_mXm_>
<업태>한식</업태>
<기준일자>2019-01-07</기준일자>
</Row>
<Row>
<연번>3</연번>
<_전_업소명>가봉루</_전_업소명>
<소재지_도로명_>세종대로23길 3  2.3층 (세종로)</소재지_도로명_>
<전화번호>02-736-8100</전화번호>
<면적_mXm_>97.75</면적_mXm_>
<업태>중식</업태>
<기준일자>2019-01-07</기준일자>
</Row>
<Row>
<연번>4</연번>
<_전_업소명>감촌</_전_업소명>
<소재지_도로명_>종로 19  5층 511호 일부  512호 (종로1가)</소재지_도로명_>
<전화번호>02-733-7035</전화번호>
<면적_mXm_>244.56</면적_mXm_>
<업태>한식</업태>
<기준일자>2019-01-07</기준일자>
</Row>
<Row>
<연번>5</연번>
<_전_업소명>고기의 잔치</_전_업소명>
<소재지_도로명_>자하문로1길 49 (필운동)</소재지_도로명_>
<전화번호>02-730-7826</전화번호>
<면적_mXm_>40.5</면적_mXm_>
<업태>한식</업태>
<기준일자>2019-01-07</기준일자>
</Row>
<Row>
<연번>6</연번>
<_전_업소명>고창선운사풍천장어금정</_전_업소명>
<소재지_도로명_>대학로2길 38 (종로5가)</소재지_도로명_>
<전화번호>02-745-9589</전화번호>
<면적_mXm_>70.17</면적_mXm_>
<업태>한식</업태>
<기준일자>2019-01-07</기준일자>
</Row>
<Row>
<연번>7</연번>
<_전_업소명>궁나라냉면.묵밥</_전_업소명>
<소재지_도로명_>지봉로12길 6  1층 (숭인동)</소재지_도로명_>
<전화번호>02-744-4701</전화번호>
<면적_mXm_>115.5</면적_mXm_>
<업태>한식</업태>
<기준일자>2019-01-07</기준일자>
</Row>
<Row>
<연번>8</연번>
<_전_업소명>금해 복집</_전_업소명>
<소재지_도로명_>진흥로 461  1 2층 (구기동)</소재지_도로명_>
<전화번호>02-395-5656</전화번호>
<면적_mXm_>341.45</면적_mXm_>
<업태>일식</업태>
<기준일자>2019-01-07</기준일자>
</Row>
<Row>
<연번>9</연번>
<_전_업소명>김가네대청마루</_전_업소명>
<소재지_도로명_>인사동4길 17 (경운동)</소재지_도로명_>
<전화번호>02-733-1338</전화번호>
<면적_mXm_>234.66</면적_mXm_>
<업태>한식</업태>
<기준일자>2019-01-07</기준일자>
</Row>
<Row>
<연번>10</연번>
<_전_업소명>나무향기</_전_업소명>
<소재지_도로명_>세종대로23길 47  1층 108호 (당주동)</소재지_도로명_>
<전화번호>02-723-8981</전화번호>
<면적_mXm_>343</면적_mXm_>
<업태>한식</업태>
<기준일자>2019-01-07</기준일자>
</Row>
<Row>
<연번>11</연번>
<_전_업소명>나주곰탕</_전_업소명>
<소재지_도로명_>지봉로 26-1  1층 (숭인동)</소재지_도로명_>
<전화번호>02-778-0554</전화번호>
<면적_mXm_>158.4</면적_mXm_>
<업태>한식</업태>
<기준일자>2019-01-07</기준일자>
</Row>
<Row>
<연번>12</연번>
<_전_업소명>남대문막내횟집</_전_업소명>
<소재지_도로명_>우정국로 4-1 (관철동)</소재지_도로명_>
<전화번호>02-723-0885</전화번호>
<면적_mXm_>91.78</면적_mXm_>
<업태>일식</업태>
<기준일자>2019-01-07</기준일자>
</Row>
<Row>
<연번>13</연번>
<_전_업소명>눈나무집</_전_업소명>
<소재지_도로명_>삼청로 136-1  1 2 3층 (삼청동)</소재지_도로명_>
<전화번호>02-739-6742</전화번호>
<면적_mXm_>103.56</면적_mXm_>
<업태>한식</업태>
<기준일자>2019-01-07</기준일자>
</Row>
<Row>
<연번>14</연번>
<_전_업소명>뉘조</_전_업소명>
<소재지_도로명_>인사동14길 27  1층 (관훈동)</소재지_도로명_>
<전화번호>02-730-9311</전화번호>
<면적_mXm_>95.01</면적_mXm_>
<업태>한식</업태>
<기준일자>2019-01-07</기준일자>
</Row>
<Row>
<연번>15</연번>
<_전_업소명>늘마중</_전_업소명>
<소재지_도로명_>인사동8길 16-1 (관훈동)</소재지_도로명_>
<전화번호>02-730-2985</전화번호>
<면적_mXm_>53.05</면적_mXm_>
<업태>한식</업태>
<기준일자>2019-01-07</기준일자>
</Row>
<Row>
<연번>16</연번>
<_전_업소명>다솔</_전_업소명>
<소재지_도로명_>종로5길 68  지하1층 (수송동)</소재지_도로명_>
<전화번호>02-735-0288</전화번호>
<면적_mXm_>125.9</면적_mXm_>
<업태>한식</업태>
<기준일자>2019-01-07</기준일자>
</Row>
<Row>
<연번>17</연번>
<_전_업소명>대규스시</_전_업소명>
<소재지_도로명_>동숭2길 9 (동숭동)</소재지_도로명_>
<전화번호>02-766-0821</전화번호>
<면적_mXm_>84.26</면적_mXm_>
<업태>일식</업태>
<기준일자>2019-01-07</기준일자>
</Row>
<Row>
<연번>18</연번>
<_전_업소명>대륙</_전_업소명>
<소재지_도로명_>종로 127-2 (종로3가 지하1층)</소재지_도로명_>
<전화번호>02-766-8411</전화번호>
<면적_mXm_>149.74</면적_mXm_>
<업태>중식</업태>
<기준일자>2019-01-07</기준일자>
</Row>
<Row>
<연번>19</연번>
<_전_업소명>대송</_전_업소명>
<소재지_도로명_>자하문로 34 (통의동)</소재지_도로명_>
<전화번호>02-732-0317</전화번호>
<면적_mXm_>164.58</면적_mXm_>
<업태>한식</업태>
<기준일자>2019-01-07</기준일자>
</Row>
<Row>
<연번>20</연번>
<_전_업소명>대평갈비</_전_업소명>
<소재지_도로명_>평창문화로 83  지상2 3층 (평창동)</소재지_도로명_>
<전화번호>02-395-5288</전화번호>
<면적_mXm_>601.55</면적_mXm_>
<업태>한식</업태>
<기준일자>2019-01-07</기준일자>
</Row>
<Row>
<연번>21</연번>
<_전_업소명>더레스토랑</_전_업소명>
<소재지_도로명_>삼청로 54  1 2 3층 (소격동)</소재지_도로명_>
<전화번호>02-735-8441</전화번호>
<면적_mXm_>792.2</면적_mXm_>
<업태>양식</업태>
<기준일자>2019-01-07</기준일자>
</Row>
<Row>
<연번>22</연번>
<_전_업소명>동원참치</_전_업소명>
<소재지_도로명_>인사동7길 37  지하1층 (관훈동)</소재지_도로명_>
<전화번호>02-734-4467</전화번호>
<면적_mXm_>109.5</면적_mXm_>
<업태>일식</업태>
<기준일자>2019-01-07</기준일자>
</Row>
<Row>
<연번>23</연번>
<_전_업소명>된장예술과 술</_전_업소명>
<소재지_도로명_>대학로11길 9-2  1 2층 (명륜4가)</소재지_도로명_>
<전화번호>02-745-4516</전화번호>
<면적_mXm_>150.04</면적_mXm_>
<업태>한식</업태>
<기준일자>2019-01-07</기준일자>
</Row>
<Row>
<연번>24</연번>
<_전_업소명>두레유</_전_업소명>
<소재지_도로명_>평창30길 28 (평창동)</소재지_도로명_>
<전화번호>02-3217-1090</전화번호>
<면적_mXm_>165.8</면적_mXm_>
<업태>한식</업태>
<기준일자>2019-01-07</기준일자>
</Row>
<Row>
<연번>25</연번>
<_전_업소명>들풀</_전_업소명>
<소재지_도로명_>대명1길 24 (명륜4가)</소재지_도로명_>
<전화번호>02-745-9383</전화번호>
<면적_mXm_>73.04</면적_mXm_>
<업태>한식</업태>
<기준일자>2019-01-07</기준일자>
</Row>
<Row>
<연번>26</연번>
<_전_업소명>들풀식당</_전_업소명>
<소재지_도로명_>자하문로 118 (청운동)</소재지_도로명_>
<전화번호>02-720-4323</전화번호>
<면적_mXm_>97.79</면적_mXm_>
<업태>한식</업태>
<기준일자>2019-01-07</기준일자>
</Row>
<Row>
<연번>27</연번>
<_전_업소명>마산아구찜</_전_업소명>
<소재지_도로명_>자하문로 18-1  2층 (통의동)</소재지_도로명_>
<전화번호>02-725-3123</전화번호>
<면적_mXm_>95</면적_mXm_>
<업태>한식</업태>
<기준일자>2019-01-07</기준일자>
</Row>
<Row>
<연번>28</연번>
<_전_업소명>마실</_전_업소명>
<소재지_도로명_>종로 384 (숭인동)</소재지_도로명_>
<전화번호>02-2232-0210</전화번호>
<면적_mXm_>288.81</면적_mXm_>
<업태>한식</업태>
<기준일자>2019-01-07</기준일자>
</Row>
<Row>
<연번>29</연번>
<_전_업소명>만가</_전_업소명>
<소재지_도로명_>사직로 103-19 (필운동 (지상1층))</소재지_도로명_>
<전화번호>02-720-5797</전화번호>
<면적_mXm_>110</면적_mXm_>
<업태>한식</업태>
<기준일자>2019-01-07</기준일자>
</Row>
<Row>
<연번>30</연번>
<_전_업소명>명원숯불갈비</_전_업소명>
<소재지_도로명_>통일로12길 8 (행촌동)</소재지_도로명_>
<전화번호>02-738-4744</전화번호>
<면적_mXm_>108.32</면적_mXm_>
<업태>한식</업태>
<기준일자>2019-01-07</기준일자>
</Row>
<Row>
<연번>31</연번>
<_전_업소명>명작 신의주 찹쌀순대</_전_업소명>
<소재지_도로명_>사직로8길 4 (사직동 풍림스페이스본 202동 지상1층 104호)</소재지_도로명_>
<전화번호>02-737-6464</전화번호>
<면적_mXm_>82.46</면적_mXm_>
<업태>한식</업태>
<기준일자>2019-01-07</기준일자>
</Row>
<Row>
<연번>32</연번>
<_전_업소명>무교동유림낙지</_전_업소명>
<소재지_도로명_>종로 24-8 (서린동)</소재지_도로명_>
<전화번호>02-723-1720</전화번호>
<면적_mXm_>303.2</면적_mXm_>
<업태>한식</업태>
<기준일자>2019-01-07</기준일자>
</Row>
<Row>
<연번>33</연번>
<_전_업소명>무교삼계탕</_전_업소명>
<소재지_도로명_>인사동7길 37 (관훈동)</소재지_도로명_>
<전화번호>02-0734-4635</전화번호>
<면적_mXm_>76.2</면적_mXm_>
<업태>한식</업태>
<기준일자>2019-01-07</기준일자>
</Row>
<Row>
<연번>34</연번>
<_전_업소명>박가네</_전_업소명>
<소재지_도로명_>종로32길 7  2층 (종로5가)</소재지_도로명_>
<전화번호>02-2264-0847</전화번호>
<면적_mXm_>91.8</면적_mXm_>
<업태>한식</업태>
<기준일자>2019-01-07</기준일자>
</Row>
<Row>
<연번>35</연번>
<_전_업소명>박가네빈대떡 2호점</_전_업소명>
<소재지_도로명_>동호로 403-16, 1~2층 (종로5가)</소재지_도로명_>
<전화번호>02-2275-0610</전화번호>
<면적_mXm_>49.17</면적_mXm_>
<업태>한식</업태>
<기준일자>2019-01-07</기준일자>
</Row>
<Row>
<연번>36</연번>
<_전_업소명>박광일 참치 앤 스시</_전_업소명>
<소재지_도로명_>자하문로 26-1, 지상1~지상3층 (통의동)</소재지_도로명_>
<전화번호>02-732-4114</전화번호>
<면적_mXm_>271.37</면적_mXm_>
<업태>일식</업태>
<기준일자>2019-01-07</기준일자>
</Row>
<Row>
<연번>37</연번>
<_전_업소명>박보연 간장게장과삼겹살</_전_업소명>
<소재지_도로명_>종로5길 42-5 (청진동)</소재지_도로명_>
<전화번호>02-725-9729</전화번호>
<면적_mXm_>86</면적_mXm_>
<업태>한식</업태>
<기준일자>2019-01-07</기준일자>
</Row>
<Row>
<연번>38</연번>
<_전_업소명>배수사</_전_업소명>
<소재지_도로명_>삼일대로 440 (낙원동)</소재지_도로명_>
<전화번호>02-764-7762</전화번호>
<면적_mXm_>137.94</면적_mXm_>
<업태>일식</업태>
<기준일자>2019-01-07</기준일자>
</Row>
<Row>
<연번>39</연번>
<_전_업소명>별미삼청수제비</_전_업소명>
<소재지_도로명_>삼청로 101-1 (삼청동)</소재지_도로명_>
<전화번호>02-735-2965</전화번호>
<면적_mXm_>106.4</면적_mXm_>
<업태>한식</업태>
<기준일자>2019-01-07</기준일자>
</Row>
<Row>
<연번>40</연번>
<_전_업소명>병천순대 보쌈 족발</_전_업소명>
<소재지_도로명_>종로14길 23  1~4층 (관철동)</소재지_도로명_>
<전화번호>02-735-0373</전화번호>
<면적_mXm_>219.84</면적_mXm_>
<업태>한식</업태>
<기준일자>2019-01-07</기준일자>
</Row>
<Row>
<연번>41</연번>
<_전_업소명>본고향맛집</_전_업소명>
<소재지_도로명_>지봉로 16 (숭인동 1층)</소재지_도로명_>
<전화번호>02-2234-3492</전화번호>
<면적_mXm_>307.26</면적_mXm_>
<업태>한식</업태>
<기준일자>2019-01-07</기준일자>
</Row>
<Row>
<연번>42</연번>
<_전_업소명>봉평 막국수(인사동점)</_전_업소명>
<소재지_도로명_>율곡로 44-12  1층 (관훈동)</소재지_도로명_>
<전화번호>02-736-4439</전화번호>
<면적_mXm_>77.43</면적_mXm_>
<업태>한식</업태>
<기준일자>2019-01-07</기준일자>
</Row>
<Row>
<연번>43</연번>
<_전_업소명>부산초밥</_전_업소명>
<소재지_도로명_>돈화문로11길 41 (낙원동 2층)</소재지_도로명_>
<전화번호>02-764-7733</전화번호>
<면적_mXm_>167.05</면적_mXm_>
<업태>일식</업태>
<기준일자>2019-01-07</기준일자>
</Row>
<Row>
<연번>44</연번>
<_전_업소명>북악정</_전_업소명>
<소재지_도로명_>세검정로 451  지하1 지상1층 (평창동)</소재지_도로명_>
<전화번호>02-395-1001</전화번호>
<면적_mXm_>266.97</면적_mXm_>
<업태>한식</업태>
<기준일자>2019-01-07</기준일자>
</Row>
<Row>
<연번>45</연번>
<_전_업소명>사동면옥</_전_업소명>
<소재지_도로명_>인사동8길 9 (관훈동)</소재지_도로명_>
<전화번호>02-735-7393</전화번호>
<면적_mXm_>64.95</면적_mXm_>
<업태>한식</업태>
<기준일자>2019-01-07</기준일자>
</Row>
<Row>
<연번>46</연번>
<_전_업소명>삼대 불고기 냉면</_전_업소명>
<소재지_도로명_>수표로 118  1층 (낙원동)</소재지_도로명_>
<전화번호>02-763-0756</전화번호>
<면적_mXm_>81.82</면적_mXm_>
<업태>한식</업태>
<기준일자>2019-01-07</기준일자>
</Row>
<Row>
<연번>47</연번>
<_전_업소명>새마을식당</_전_업소명>
<소재지_도로명_>대학로11길 3  2층 (명륜4가)</소재지_도로명_>
<전화번호>02-3672-7004</전화번호>
<면적_mXm_>91</면적_mXm_>
<업태>한식</업태>
<기준일자>2019-01-07</기준일자>
</Row>
<Row>
<연번>48</연번>
<_전_업소명>서가네옛날민속집1호점</_전_업소명>
<소재지_도로명_>진흥로 469 (구기동)</소재지_도로명_>
<전화번호>02-379-6100</전화번호>
<면적_mXm_>169.8</면적_mXm_>
<업태>한식</업태>
<기준일자>2019-01-07</기준일자>
</Row>
<Row>
<연번>49</연번>
<_전_업소명>석정</_전_업소명>
<소재지_도로명_>대학로12길 10 (동숭동)</소재지_도로명_>
<전화번호>02-744-3970</전화번호>
<면적_mXm_>103.47</면적_mXm_>
<업태>일식</업태>
<기준일자>2019-01-07</기준일자>
</Row>
<Row>
<연번>50</연번>
<_전_업소명>솔밭숯불갈비</_전_업소명>
<소재지_도로명_>삼일대로28길 5 (낙원동)</소재지_도로명_>
<전화번호>02-765-3055</전화번호>
<면적_mXm_>72.94</면적_mXm_>
<업태>한식</업태>
<기준일자>2019-01-07</기준일자>
</Row>
<Row>
<연번>51</연번>
<_전_업소명>송전</_전_업소명>
<소재지_도로명_>종로 14 (서린동)</소재지_도로명_>
<전화번호>02-739-8282</전화번호>
<면적_mXm_>148.12</면적_mXm_>
<업태>일식</업태>
<기준일자>2019-01-07</기준일자>
</Row>
<Row>
<연번>52</연번>
<_전_업소명>송화정</_전_업소명>
<소재지_도로명_>삼봉로 81  지하층 113 114호 (수송동)</소재지_도로명_>
<전화번호>02-732-8252</전화번호>
<면적_mXm_>302.36</면적_mXm_>
<업태>한식</업태>
<기준일자>2019-01-07</기준일자>
</Row>
<Row>
<연번>53</연번>
<_전_업소명>스파게티가있는풍경</_전_업소명>
<소재지_도로명_>새문안로 103-1  2층 (신문로1가)</소재지_도로명_>
<전화번호>02-738-7018</전화번호>
<면적_mXm_>91.24</면적_mXm_>
<업태>양식</업태>
<기준일자>2019-01-07</기준일자>
</Row>
<Row>
<연번>54</연번>
<_전_업소명>신안촌</_전_업소명>
<소재지_도로명_>사직로12길 8 (내자동  153 154-1 155-1 (1층))</소재지_도로명_>
<전화번호>02-725-7744</전화번호>
<면적_mXm_>99.98</면적_mXm_>
<업태>한식</업태>
<기준일자>2019-01-07</기준일자>
</Row>
<Row>
<연번>55</연번>
<_전_업소명>신안촌</_전_업소명>
<소재지_도로명_>경희궁2길 14-4  지층.1.2층 (내수동)</소재지_도로명_>
<전화번호>02-738-9970</전화번호>
<면적_mXm_>283.33</면적_mXm_>
<업태>한식</업태>
<기준일자>2019-01-07</기준일자>
</Row>
<Row>
<연번>56</연번>
<_전_업소명>신정</_전_업소명>
<소재지_도로명_>인사동6길 12 (인사동)</소재지_도로명_>
<전화번호>02-737-7199</전화번호>
<면적_mXm_>102.48</면적_mXm_>
<업태>한식</업태>
<기준일자>2019-01-07</기준일자>
</Row>
<Row>
<연번>57</연번>
<_전_업소명>싱글벙글 복어(종로점)</_전_업소명>
<소재지_도로명_>돈화문로11길 30 (낙원동)</소재지_도로명_>
<전화번호>02-743-0787</전화번호>
<면적_mXm_>158.56</면적_mXm_>
<업태>일식</업태>
<기준일자>2019-01-07</기준일자>
</Row>
<Row>
<연번>58</연번>
<_전_업소명>쌈마니 대학로점</_전_업소명>
<소재지_도로명_>대학로 130 (동숭동)</소재지_도로명_>
<전화번호>02-580-8121</전화번호>
<면적_mXm_>274</면적_mXm_>
<업태>양식</업태>
<기준일자>2019-01-07</기준일자>
</Row>
<Row>
<연번>59</연번>
<_전_업소명>아로이 타이레스토랑</_전_업소명>
<소재지_도로명_>사직로8길 42 (내수동)</소재지_도로명_>
<전화번호>02-2195-4127</전화번호>
<면적_mXm_>94.8</면적_mXm_>
<업태>양식</업태>
<기준일자>2019-01-07</기준일자>
</Row>
<Row>
<연번>60</연번>
<_전_업소명>안동국시</_전_업소명>
<소재지_도로명_>종로16길 13  2층 (관수동)</소재지_도로명_>
<전화번호>02-398-5993</전화번호>
<면적_mXm_>221.82</면적_mXm_>
<업태>한식</업태>
<기준일자>2019-01-07</기준일자>
</Row>
<Row>
<연번>61</연번>
<_전_업소명>양반댁</_전_업소명>
<소재지_도로명_>인사동길 19-18  1층 (인사동)</소재지_도로명_>
<전화번호>02-730-1112</전화번호>
<면적_mXm_>72.49</면적_mXm_>
<업태>한식</업태>
<기준일자>2019-01-07</기준일자>
</Row>
<Row>
<연번>62</연번>
<_전_업소명>양평추어탕</_전_업소명>
<소재지_도로명_>자하문로10길 10-17 (통의동)</소재지_도로명_>
<전화번호>02-723-9549</전화번호>
<면적_mXm_>52.78</면적_mXm_>
<업태>한식</업태>
<기준일자>2019-01-07</기준일자>
</Row>
<Row>
<연번>63</연번>
<_전_업소명>에코랑 속초면옥</_전_업소명>
<소재지_도로명_>사직로8길 42  116~118호 (내수동  광화문시대)</소재지_도로명_>
<전화번호>02-2195-4646</전화번호>
<면적_mXm_>145.78</면적_mXm_>
<업태>한식</업태>
<기준일자>2019-01-07</기준일자>
</Row>
<Row>
<연번>64</연번>
<_전_업소명>에코밥상</_전_업소명>
<소재지_도로명_>사직로 127-14 (적선동)</소재지_도로명_>
<전화번호>02-736-9136</전화번호>
<면적_mXm_>219.2</면적_mXm_>
<업태>한식</업태>
<기준일자>2019-01-07</기준일자>
</Row>
<Row>
<연번>65</연번>
<_전_업소명>영산강</_전_업소명>
<소재지_도로명_>창신길 3 (창신동)</소재지_도로명_>
<전화번호>02-763-9340</전화번호>
<면적_mXm_>45.11</면적_mXm_>
<업태>한식</업태>
<기준일자>2019-01-07</기준일자>
</Row>
<Row>
<연번>66</연번>
<_전_업소명>예전명가 푸드시스템</_전_업소명>
<소재지_도로명_>청계천로 117-19 (관수동 1층)</소재지_도로명_>
<전화번호>02-2271-3155</전화번호>
<면적_mXm_>60</면적_mXm_>
<업태>한식</업태>
<기준일자>2019-01-07</기준일자>
</Row>
<Row>
<연번>67</연번>
<_전_업소명>오두막</_전_업소명>
<소재지_도로명_>새문안로7길 16  1층 (당주동)</소재지_도로명_>
<전화번호>02-734-3371</전화번호>
<면적_mXm_>46.28</면적_mXm_>
<업태>한식</업태>
<기준일자>2019-01-07</기준일자>
</Row>
<Row>
<연번>68</연번>
<_전_업소명>옥정</_전_업소명>
<소재지_도로명_>인사동12길 18  1층 (관훈동)</소재지_도로명_>
<전화번호>02-733-5412</전화번호>
<면적_mXm_>53.02</면적_mXm_>
<업태>한식</업태>
<기준일자>2019-01-07</기준일자>
</Row>
<Row>
<연번>69</연번>
<_전_업소명>옥향루</_전_업소명>
<소재지_도로명_>평창문화로 88  지하1  지상2 3층 (평창동)</소재지_도로명_>
<전화번호>02-3217-0941</전화번호>
<면적_mXm_>678.69</면적_mXm_>
<업태>중식</업태>
<기준일자>2019-01-07</기준일자>
</Row>
<Row>
<연번>70</연번>
<_전_업소명>올리바 가든</_전_업소명>
<소재지_도로명_>자하문로 16 (통의동)</소재지_도로명_>
<전화번호>02-733-3056</전화번호>
<면적_mXm_>286.9</면적_mXm_>
<업태>양식</업태>
<기준일자>2019-01-07</기준일자>
</Row>
<Row>
<연번>71</연번>
<_전_업소명>왕비집 종로점</_전_업소명>
<소재지_도로명_>삼일대로15길 24 (관철동 지상2층~4층)</소재지_도로명_>
<전화번호>02-720-3066</전화번호>
<면적_mXm_>242.4</면적_mXm_>
<업태>한식</업태>
<기준일자>2019-01-07</기준일자>
</Row>
<Row>
<연번>72</연번>
<_전_업소명>용금옥</_전_업소명>
<소재지_도로명_>자하문로 41-2 (통인동)</소재지_도로명_>
<전화번호>02-777-4749</전화번호>
<면적_mXm_>76.78</면적_mXm_>
<업태>한식</업태>
<기준일자>2019-01-07</기준일자>
</Row>
<Row>
<연번>73</연번>
<_전_업소명>은행나무집</_전_업소명>
<소재지_도로명_>수표로 89-12 (관수동)</소재지_도로명_>
<전화번호>02-2265-6649</전화번호>
<면적_mXm_>82.24</면적_mXm_>
<업태>한식</업태>
<기준일자>2019-01-07</기준일자>
</Row>
<Row>
<연번>74</연번>
<_전_업소명>의정부부대찌개 앤 돈까스</_전_업소명>
<소재지_도로명_>우정국로 45-7 (견지동 (지상2층))</소재지_도로명_>
<전화번호>02-734-5552</전화번호>
<면적_mXm_>119.88</면적_mXm_>
<업태>한식</업태>
<기준일자>2019-01-07</기준일자>
</Row>
<Row>
<연번>75</연번>
<_전_업소명>이문 설농탕</_전_업소명>
<소재지_도로명_>우정국로 38-13 (견지동 지상1층)</소재지_도로명_>
<전화번호>02-733-6526</전화번호>
<면적_mXm_>128.26</면적_mXm_>
<업태>한식</업태>
<기준일자>2019-01-07</기준일자>
</Row>
<Row>
<연번>76</연번>
<_전_업소명>이천영양돌솥밥</_전_업소명>
<소재지_도로명_>평창11길 12  지하1층 (평창동)</소재지_도로명_>
<전화번호>02-379-5677</전화번호>
<면적_mXm_>143.17</면적_mXm_>
<업태>한식</업태>
<기준일자>2019-01-07</기준일자>
</Row>
<Row>
<연번>77</연번>
<_전_업소명>인사동두부마을</_전_업소명>
<소재지_도로명_>인사동길 30-12 (관훈동)</소재지_도로명_>
<전화번호>02-735-9996</전화번호>
<면적_mXm_>88.02</면적_mXm_>
<업태>한식</업태>
<기준일자>2019-01-07</기준일자>
</Row>
<Row>
<연번>78</연번>
<_전_업소명>인사동쭈꾸미</_전_업소명>
<소재지_도로명_>인사동길 15-14 (인사동)</소재지_도로명_>
<전화번호>02-720-0608</전화번호>
<면적_mXm_>69.34</면적_mXm_>
<업태>한식</업태>
<기준일자>2019-01-07</기준일자>
</Row>
<Row>
<연번>79</연번>
<_전_업소명>일산칼국수</_전_업소명>
<소재지_도로명_>삼일대로15길 6  1층 (관철동)</소재지_도로명_>
<전화번호>02-733-3131</전화번호>
<면적_mXm_>152.23</면적_mXm_>
<업태>한식</업태>
<기준일자>2019-01-07</기준일자>
</Row>
<Row>
<연번>80</연번>
<_전_업소명>일식 오수사</_전_업소명>
<소재지_도로명_>사직로 130 (적선동 적선현대 지하1층 6호)</소재지_도로명_>
<전화번호>02-926-8303</전화번호>
<면적_mXm_>60</면적_mXm_>
<업태>일식</업태>
<기준일자>2019-01-07</기준일자>
</Row>
<Row>
<연번>81</연번>
<_전_업소명>일품당샤브샤브</_전_업소명>
<소재지_도로명_>세종대로23길 25  1 2층 (당주동)</소재지_도로명_>
<전화번호>02-733-4949</전화번호>
<면적_mXm_>177.64</면적_mXm_>
<업태>한식</업태>
<기준일자>2019-01-07</기준일자>
</Row>
<Row>
<연번>82</연번>
<_전_업소명>전주골갈비</_전_업소명>
<소재지_도로명_>돈화문로5가길 15 (돈의동)</소재지_도로명_>
<전화번호>02-765-2582</전화번호>
<면적_mXm_>86.02</면적_mXm_>
<업태>한식</업태>
<기준일자>2019-01-07</기준일자>
</Row>
<Row>
<연번>83</연번>
<_전_업소명>정선곤드레쌈밥</_전_업소명>
<소재지_도로명_>평창문화로 152, 101,102,103호 (평창동, 평창동 안성타워)</소재지_도로명_>
<전화번호>02-379-8244</전화번호>
<면적_mXm_>115.71</면적_mXm_>
<업태>한식</업태>
<기준일자>2019-01-07</기준일자>
</Row>
<Row>
<연번>84</연번>
<_전_업소명>조마루(신설동점)</_전_업소명>
<소재지_도로명_>난계로29길 37 (숭인동)</소재지_도로명_>
<전화번호>02-0253-4104</전화번호>
<면적_mXm_>90.15</면적_mXm_>
<업태>한식</업태>
<기준일자>2019-01-07</기준일자>
</Row>
<Row>
<연번>85</연번>
<_전_업소명>종로전집</_전_업소명>
<소재지_도로명_>돈화문로11다길 3 (돈의동)</소재지_도로명_>
<전화번호>02-2234-8877</전화번호>
<면적_mXm_>122</면적_mXm_>
<업태>한식</업태>
<기준일자>2019-01-07</기준일자>
</Row>
<Row>
<연번>86</연번>
<_전_업소명>종로진낙지</_전_업소명>
<소재지_도로명_>수표로 122, 1,2층 (낙원동)</소재지_도로명_>
<전화번호>02-742-0621</전화번호>
<면적_mXm_>118.32</면적_mXm_>
<업태>한식</업태>
<기준일자>2019-01-07</기준일자>
</Row>
<Row>
<연번>87</연번>
<_전_업소명>지리산</_전_업소명>
<소재지_도로명_>인사동14길 30  1 2층 (관훈동)</소재지_도로명_>
<전화번호>02-723-4696</전화번호>
<면적_mXm_>131.57</면적_mXm_>
<업태>한식</업태>
<기준일자>2019-01-07</기준일자>
</Row>
<Row>
<연번>88</연번>
<_전_업소명>진고기명가</_전_업소명>
<소재지_도로명_>사직로 103-4 (내자동)</소재지_도로명_>
<전화번호>02-730-5611</전화번호>
<면적_mXm_>76.06</면적_mXm_>
<업태>한식</업태>
<기준일자>2019-01-07</기준일자>
</Row>
<Row>
<연번>89</연번>
<_전_업소명>착한활어장터830</_전_업소명>
<소재지_도로명_>수표로 96 (관수동 지하1층)</소재지_도로명_>
<전화번호>02-2264-0888</전화번호>
<면적_mXm_>1090</면적_mXm_>
<업태>일식</업태>
<기준일자>2019-01-07</기준일자>
</Row>
<Row>
<연번>90</연번>
<_전_업소명>채선당 동묘역점</_전_업소명>
<소재지_도로명_>종로 347  지하1층 113~138호 (숭인동  롯데캐슬상가)</소재지_도로명_>
<전화번호>02-742-2990</전화번호>
<면적_mXm_>224.58</면적_mXm_>
<업태>한식</업태>
<기준일자>2019-01-07</기준일자>
</Row>
<Row>
<연번>91</연번>
<_전_업소명>처마끝 하늘풍경</_전_업소명>
<소재지_도로명_>인사동14길 24-2  1층 (관훈동)</소재지_도로명_>
<전화번호>02-734-3337</전화번호>
<면적_mXm_>137.82</면적_mXm_>
<업태>한식</업태>
<기준일자>2019-01-07</기준일자>
</Row>
<Row>
<연번>92</연번>
<_전_업소명>청계면관</_전_업소명>
<소재지_도로명_>청계천로 63 (관철동 (지상 2층 3층))</소재지_도로명_>
<전화번호>02-779-0709</전화번호>
<면적_mXm_>141.17</면적_mXm_>
<업태>중식</업태>
<기준일자>2019-01-07</기준일자>
</Row>
<Row>
<연번>93</연번>
<_전_업소명>청진옥</_전_업소명>
<소재지_도로명_>종로3길 32  1~4층 (청진동)</소재지_도로명_>
<전화번호>02-737-1690</전화번호>
<면적_mXm_>426.92</면적_mXm_>
<업태>한식</업태>
<기준일자>2019-01-07</기준일자>
</Row>
<Row>
<연번>94</연번>
<_전_업소명>태진복집</_전_업소명>
<소재지_도로명_>자하문로10길 10-24  지상1 2층 (통의동)</소재지_도로명_>
<전화번호>02-733-3730</전화번호>
<면적_mXm_>233.28</면적_mXm_>
<업태>일식</업태>
<기준일자>2019-01-07</기준일자>
</Row>
<Row>
<연번>95</연번>
<_전_업소명>토속촌 삼계탕</_전_업소명>
<소재지_도로명_>자하문로5길 5  지상1층 (체부동  (체부동 86-1 2 3))</소재지_도로명_>
<전화번호>02-737-7444</전화번호>
<면적_mXm_>440.86</면적_mXm_>
<업태>한식</업태>
<기준일자>2019-01-07</기준일자>
</Row>
<Row>
<연번>96</연번>
<_전_업소명>페르시아궁전</_전_업소명>
<소재지_도로명_>성균관로6길 9 (명륜2가)</소재지_도로명_>
<전화번호>02-763-6050</전화번호>
<면적_mXm_>311.86</면적_mXm_>
<업태>양식</업태>
<기준일자>2019-01-07</기준일자>
</Row>
<Row>
<연번>97</연번>
<_전_업소명>평가옥</_전_업소명>
<소재지_도로명_>새문안로5가길 7  1 2층 (내수동)</소재지_도로명_>
<전화번호>02-732-1566</전화번호>
<면적_mXm_>390</면적_mXm_>
<업태>한식</업태>
<기준일자>2019-01-07</기준일자>
</Row>
<Row>
<연번>98</연번>
<_전_업소명>평창동 북악정</_전_업소명>
<소재지_도로명_>평창36길 6  지하 지상1 2층 (평창동)</소재지_도로명_>
<전화번호>02-394-2340</전화번호>
<면적_mXm_>451.81</면적_mXm_>
<업태>한식</업태>
<기준일자>2019-01-07</기준일자>
</Row>
<Row>
<연번>99</연번>
<_전_업소명>풍천손가네민물장어</_전_업소명>
<소재지_도로명_>종로51가길 2-1  1층 (창신동)</소재지_도로명_>
<전화번호>02-3673-0510</전화번호>
<면적_mXm_>107.36</면적_mXm_>
<업태>한식</업태>
<기준일자>2019-01-07</기준일자>
</Row>
<Row>
<연번>100</연번>
<_전_업소명>하나로회관</_전_업소명>
<소재지_도로명_>인사동5길 25 (인사동)</소재지_도로명_>
<전화번호>02-732-7451</전화번호>
<면적_mXm_>296.55</면적_mXm_>
<업태>한식</업태>
<기준일자>2019-01-07</기준일자>
</Row>
<Row>
<연번>101</연번>
<_전_업소명>하누소</_전_업소명>
<소재지_도로명_>삼일대로 428 (낙원동)</소재지_도로명_>
<전화번호>02-739-9990</전화번호>
<면적_mXm_>552.75</면적_mXm_>
<업태>한식</업태>
<기준일자>2019-01-07</기준일자>
</Row>
<Row>
<연번>102</연번>
<_전_업소명>한라의 집</_전_업소명>
<소재지_도로명_>새문안로9길 29-1 (당주동)</소재지_도로명_>
<전화번호>02-737-7484</전화번호>
<면적_mXm_>61.98</면적_mXm_>
<업태>일식</업태>
<기준일자>2019-01-07</기준일자>
</Row>
<Row>
<연번>103</연번>
<_전_업소명>한옥</_전_업소명>
<소재지_도로명_>통일로14길 24 (무악동 1층)</소재지_도로명_>
<전화번호>02-730-1088</전화번호>
<면적_mXm_>112.2</면적_mXm_>
<업태>한식</업태>
<기준일자>2019-01-07</기준일자>
</Row>
<Row>
<연번>104</연번>
<_전_업소명>한일장</_전_업소명>
<소재지_도로명_>수표로 94 (관수동  지하1층~지상1층)</소재지_도로명_>
<전화번호>02-2265-7707</전화번호>
<면적_mXm_>273.16</면적_mXm_>
<업태>한식</업태>
<기준일자>2019-01-07</기준일자>
</Row>
<Row>
<연번>105</연번>
<_전_업소명>할머니두부집</_전_업소명>
<소재지_도로명_>진흥로 439 (구기동)</소재지_도로명_>
<전화번호>02-379-6276</전화번호>
<면적_mXm_>156.54</면적_mXm_>
<업태>한식</업태>
<기준일자>2019-01-07</기준일자>
</Row>
<Row>
<연번>106</연번>
<_전_업소명>함흥곰보냉면</_전_업소명>
<소재지_도로명_>창경궁로 109  401 405호 (인의동)</소재지_도로명_>
<전화번호>02-2273-2833</전화번호>
<면적_mXm_>334.75</면적_mXm_>
<업태>한식</업태>
<기준일자>2019-01-07</기준일자>
</Row>
<Row>
<연번>107</연번>
<_전_업소명>행복한구이세상 연타발</_전_업소명>
<소재지_도로명_>삼일대로15길 19 (관철동 (지하1층 지상1.2층))</소재지_도로명_>
<전화번호>02-720-9263</전화번호>
<면적_mXm_>858.19</면적_mXm_>
<업태>한식</업태>
<기준일자>2019-01-07</기준일자>
</Row>
<Row>
<연번>108</연번>
<_전_업소명>향가</_전_업소명>
<소재지_도로명_>계동길 19-6 (재동)</소재지_도로명_>
<전화번호>02-747-3368</전화번호>
<면적_mXm_>200.65</면적_mXm_>
<업태>한식</업태>
<기준일자>2019-01-07</기준일자>
</Row>
<Row>
<연번>109</연번>
<_전_업소명>향나무세구루</_전_업소명>
<소재지_도로명_>삼청로 100 (삼청동)</소재지_도로명_>
<전화번호>02-720-9524</전화번호>
<면적_mXm_>57.95</면적_mXm_>
<업태>한식</업태>
<기준일자>2019-01-07</기준일자>
</Row>
<Row>
<연번>110</연번>
<_전_업소명>허서방 쭈꾸미</_전_업소명>
<소재지_도로명_>종로 332 (창신동)</소재지_도로명_>
<전화번호>02-764-7706</전화번호>
<면적_mXm_>158.34</면적_mXm_>
<업태>한식</업태>
<기준일자>2019-01-07</기준일자>
</Row>
<Row>
<연번>111</연번>
<_전_업소명>화가연</_전_업소명>
<소재지_도로명_>진흥로 493-5 (신영동 외5필지 (지상3층))</소재지_도로명_>
<전화번호>02-396-5000</전화번호>
<면적_mXm_>238.46</면적_mXm_>
<업태>중식</업태>
<기준일자>2019-01-07</기준일자>
</Row>
<Row>
<연번>112</연번>
<_전_업소명>화동옥</_전_업소명>
<소재지_도로명_>창덕궁1길 40 (계동)</소재지_도로명_>
<전화번호>02-762-5426</전화번호>
<면적_mXm_>220.06</면적_mXm_>
<업태>한식</업태>
<기준일자>2019-01-07</기준일자>
</Row>
<Row>
<연번>113</연번>
<_전_업소명>황칠가 재미애가</_전_업소명>
<소재지_도로명_>자하문로 10 (통의동)</소재지_도로명_>
<전화번호>02-722-1117</전화번호>
<면적_mXm_>109.35</면적_mXm_>
<업태>한식</업태>
<기준일자>2019-01-07</기준일자>
</Row>
<Row>
<연번>114</연번>
<_전_업소명>황학정</_전_업소명>
<소재지_도로명_>자하문로1길 56 (필운동)</소재지_도로명_>
<전화번호>02-723-6793</전화번호>
<면적_mXm_>59.5</면적_mXm_>
<업태>한식</업태>
<기준일자>2019-01-07</기준일자>
</Row>
<Row>
<연번>115</연번>
<_전_업소명>훌리오</_전_업소명>
<소재지_도로명_>청계천로 73  3층 (관철동)</소재지_도로명_>
<전화번호>02-730-5324</전화번호>
<면적_mXm_>231.65</면적_mXm_>
<업태>양식</업태>
<기준일자>2019-01-07</기준일자>
</Row>
</root>
