{
  "ep" : {
    "column" : {
      "c001" : "업소명",
      "c002" : "소재지 지번주소",
      "c003" : "소재지 도로명주소",
      "c004" : "업태",
      "c005" : "주된음식",
      "c006" : "전화번호"
    },
    "list" : [ {
      "c001" : "장충당 녹번점",
      "c002" : "",
      "c003" : "은평구 은평로 221-1, 1층 (녹번동)",
      "c004" : "한식",
      "c005" : "족발",
      "c006" : "02-383-7772"
    }, {
      "c001" : "강용구 족발보쌈",
      "c002" : "",
      "c003" : "은평구 불광로 37-4, 1층 (불광동)",
      "c004" : "한식",
      "c005" : "족발",
      "c006" : "02-388-0984"
    }, {
      "c001" : "밥맛나는세상 불광역점",
      "c002" : "",
      "c003" : "은평구 통일로 722, 1층 (불광동)",
      "c004" : "한식",
      "c005" : "직화제육덮밥",
      "c006" : "02-353-2834"
    }, {
      "c001" : "원조 강영숙 봉평산골메밀촌",
      "c002" : "",
      "c003" : "은평구 은평로 32-1 (신사동, 1층)",
      "c004" : "한식",
      "c005" : "메밀막국수",
      "c006" : "02-303-6543"
    }, {
      "c001" : "뚜띠쿠치나(응암점)",
      "c002" : "",
      "c003" : "은평구 증산로 465, 1층 (신사동)",
      "c004" : "경양식",
      "c005" : "피자, 파스타",
      "c006" : "02-302-5676"
    }, {
      "c001" : "합정오리농장(응암점)",
      "c002" : "",
      "c003" : "은평구 증산로23길 27, 2층 (신사동)",
      "c004" : "한식",
      "c005" : "오리백숙",
      "c006" : "02-303-5833"
    }, {
      "c001" : "무안갯벌낙지",
      "c002" : "",
      "c003" : "은평구 진흥로 11, 1,2층 (역촌동)",
      "c004" : "한식",
      "c005" : "낙지전골",
      "c006" : "02-359-4017"
    }, {
      "c001" : "장충당 역촌점",
      "c002" : "",
      "c003" : "은평구 진흥로 33, 지상1층 (역촌동)",
      "c004" : "한식",
      "c005" : "족발",
      "c006" : "02-389-7771"
    }, {
      "c001" : "효면옥",
      "c002" : "",
      "c003" : "은평구 증산로 429, 2층 (신사동)",
      "c004" : "한식",
      "c005" : "냉면",
      "c006" : "02-303-7300"
    }, {
      "c001" : "스시쇼부",
      "c002" : "",
      "c003" : "은평구 은평로13길 11-9, 1층 (응암동)",
      "c004" : "일식",
      "c005" : "회, 초밥",
      "c006" : "02-386-0045"
    }, {
      "c001" : "황금호수오리농장",
      "c002" : "",
      "c003" : "은평구 은평로9길 7, 1층 (응암동)",
      "c004" : "한식",
      "c005" : "오리",
      "c006" : "02-388-0064"
    }, {
      "c001" : "토리광",
      "c002" : "",
      "c003" : "은평구 응암로11길 14, 1층 (응암동)",
      "c004" : "일식",
      "c005" : "꼬치",
      "c006" : "02-302-9163"
    }, {
      "c001" : "불낙쭈",
      "c002" : "",
      "c003" : "은평구 통일로 863-21, 1동 1층 (갈현동)",
      "c004" : "한식",
      "c005" : "낙지, 쭈꾸미",
      "c006" : "02-386-6005"
    }, {
      "c001" : "동해루",
      "c002" : "",
      "c003" : "은평구 은평터널로 64 (수색동, 대림한숲타운아파트상가 제4호,제5호)",
      "c004" : "중국식",
      "c005" : "중화요리",
      "c006" : "02-375-0313"
    }, {
      "c001" : "은평양촌리",
      "c002" : "",
      "c003" : "은평구 은평로 141 (응암동, 1층,2층,3층,4층)",
      "c004" : "한식",
      "c005" : "고기",
      "c006" : "02-3157-8592"
    }, {
      "c001" : "동경(주) 롯데몰 은평지점",
      "c002" : "",
      "c003" : "은평구 통일로 1050 (진관동, 롯데몰 은평점 4층16호)",
      "c004" : "한식",
      "c005" : "쌈정식, 갈비탕",
      "c006" : "02-6975-5420"
    }, {
      "c001" : "캘리포니아피자키친 롯데몰 은평점",
      "c002" : "",
      "c003" : "은평구 통일로 1050 (진관동, 롯데몰 은평점 4층31호)",
      "c004" : "경양식",
      "c005" : "피자, 파스타",
      "c006" : "02-6975-5430"
    }, {
      "c001" : "경성수산",
      "c002" : "",
      "c003" : "은평구 통일로 1050 (진관동, 롯데몰 은평점4층22호)",
      "c004" : "일식",
      "c005" : "해산물",
      "c006" : "02-6975-5400"
    }, {
      "c001" : "소담촌",
      "c002" : "",
      "c003" : "은평구 서오릉로 145 (구산동, 외5필지 상원빌딩 3층 )",
      "c004" : "한식",
      "c005" : "월남쌈샤브",
      "c006" : "02-356-8668"
    }, {
      "c001" : "맛손",
      "c002" : "",
      "c003" : "은평구 응암로 262 (응암동, 외3필지 응암하이빌 지하1층 )",
      "c004" : "한식",
      "c005" : "한식 뷔페",
      "c006" : "02-308-7768"
    }, {
      "c001" : "안용준 우렁추어탕",
      "c002" : "",
      "c003" : "은평구 응암로 366, 101동 1층 S2,3,4호 (녹번동, 해주드림빌)",
      "c004" : "한식",
      "c005" : "추어탕",
      "c006" : "02-355-2666"
    }, {
      "c001" : "쁠라뒤쥬르",
      "c002" : "",
      "c003" : "은평구 대서문길 5 (진관동, 1,2층)",
      "c004" : "경양식",
      "c005" : "스테이크",
      "c006" : "02-383-8320"
    }, {
      "c001" : "HUGA(휴가)",
      "c002" : "",
      "c003" : "은평구 진관2로 19, 3층 306,307,308,309,310,311호 (진관동, 휴먼프라자)",
      "c004" : "기타",
      "c005" : "커피, 빵, 피자, 파스타",
      "c006" : "02-352-7400"
    }, {
      "c001" : "세븐차이나",
      "c002" : "",
      "c003" : "은평구 북한산로 242 (진관동, 1,2층)",
      "c004" : "중국식",
      "c005" : "탕수육, 짜장면",
      "c006" : "02-381-7811"
    }, {
      "c001" : "본래순대",
      "c002" : "",
      "c003" : "은평구 은평로 193, 2층 (녹번동)",
      "c004" : "한식",
      "c005" : "순대국",
      "c006" : "02-388-3052"
    }, {
      "c001" : "파티엔뷔페",
      "c002" : "",
      "c003" : "은평구 진관2로 19 (진관동, 휴먼프라자 6층)",
      "c004" : "뷔페식",
      "c005" : "한식, 일식, 중식 등",
      "c006" : "02-355-0030"
    }, {
      "c001" : "우시장 정육식당 은평",
      "c002" : "",
      "c003" : "은평구 서오릉로 110 (대조동, 지상)",
      "c004" : "한식",
      "c005" : "고기",
      "c006" : "02-383-7789"
    }, {
      "c001" : "은평한우곱창",
      "c002" : "",
      "c003" : "은평구 진흥로 23, 1층 (역촌동)",
      "c004" : "한식",
      "c005" : "소곱창",
      "c006" : "02-3152-6297"
    }, {
      "c001" : "연일식",
      "c002" : "",
      "c003" : "은평구 연서로3길 44 (역촌동, 1층)",
      "c004" : "일식",
      "c005" : "매운탕",
      "c006" : "02-383-3938"
    }, {
      "c001" : "홍샌집",
      "c002" : "",
      "c003" : "은평구 은평로 167 (응암동, 2층)",
      "c004" : "한식",
      "c005" : "간장게장, 코다리",
      "c006" : "02-356-5889"
    }, {
      "c001" : "우정갈비",
      "c002" : "",
      "c003" : "은평구 증산서길 79, 상가동 1층 101호 (증산동)",
      "c004" : "한식",
      "c005" : "돼지갈비",
      "c006" : "02-304-5526"
    }, {
      "c001" : "이얼싼",
      "c002" : "",
      "c003" : "은평구 진관3로 22, 1층 101호 (진관동, 이로운프라자)",
      "c004" : "중국식",
      "c005" : "자장면",
      "c006" : "02-353-7999"
    }, {
      "c001" : "병천순대국 왕족발",
      "c002" : "",
      "c003" : "은평구 연서로9길 28 (구산동, 1층)",
      "c004" : "한식",
      "c005" : "병천순대국, 왕족발",
      "c006" : "02-354-4920"
    }, {
      "c001" : "상하이 문",
      "c002" : "",
      "c003" : "은평구 응암로 247, 1층 (응암동)",
      "c004" : "중국식",
      "c005" : "자장면",
      "c006" : "02-355-3533"
    }, {
      "c001" : "오참치",
      "c002" : "",
      "c003" : "은평구 서오릉로 243 (구산동)",
      "c004" : "일식",
      "c005" : "참치",
      "c006" : "02-357-5959"
    }, {
      "c001" : "동해바다",
      "c002" : "",
      "c003" : "은평구 연서로 207 (갈현동)",
      "c004" : "일식",
      "c005" : "일식",
      "c006" : "02-352-9333"
    }, {
      "c001" : "항아리",
      "c002" : "",
      "c003" : "은평구 통일로66길 4-11 (불광동, 1층)",
      "c004" : "한식",
      "c005" : "홍어찜",
      "c006" : "02-383-0881"
    }, {
      "c001" : "백년백세전통삼계탕",
      "c002" : "",
      "c003" : "은평구 은평로 205-5 (녹번동)",
      "c004" : "한식",
      "c005" : "삼계탕",
      "c006" : "02-388-9700"
    }, {
      "c001" : "거구성",
      "c002" : "",
      "c003" : "은평구 은평터널로 128-2, 1층 (신사동)",
      "c004" : "중국식",
      "c005" : "짜장면",
      "c006" : "02-373-7999"
    }, {
      "c001" : "진곰 숯불갈비",
      "c002" : "",
      "c003" : "은평구 증산로 345, 1,2층 (증산동)",
      "c004" : "한식",
      "c005" : "설렁탕",
      "c006" : "02-307-9195"
    }, {
      "c001" : "명가 쌈밥",
      "c002" : "",
      "c003" : "은평구 불광로 40-2 (불광동, 지상1층)",
      "c004" : "한식",
      "c005" : "오리",
      "c006" : "02-388-3977"
    }, {
      "c001" : "새만포면옥",
      "c002" : "",
      "c003" : "은평구 연서로 171 (갈현동, 지상1,2층)",
      "c004" : "한식",
      "c005" : "냉면",
      "c006" : "02-389-3917"
    }, {
      "c001" : "남흥골 삼호가든",
      "c002" : "",
      "c003" : "은평구 수색로 233, 지상1층 (수색동)",
      "c004" : "한식",
      "c005" : "육류",
      "c006" : "02-307-4226"
    }, {
      "c001" : "해송일식",
      "c002" : "",
      "c003" : "은평구 은평로13길 11-6 (녹번동)",
      "c004" : "일식",
      "c005" : "광어회",
      "c006" : "02-358-1242"
    }, {
      "c001" : "동굴과화로구이",
      "c002" : "",
      "c003" : "은평구 은평로 185, 2층 (녹번동)",
      "c004" : "한식",
      "c005" : "돼지갈비",
      "c006" : "02-353-8592"
    }, {
      "c001" : "뽕잎냉면샤브샤브칼국수",
      "c002" : "",
      "c003" : "은평구 은평로 205-1, 1층 (녹번동)",
      "c004" : "한식",
      "c005" : "냉면",
      "c006" : "02-358-5866"
    }, {
      "c001" : "삼대족발 연신내점",
      "c002" : "",
      "c003" : "은평구 연서로29길 14-18, 1,2층 (갈현동)",
      "c004" : "한식",
      "c005" : "족발",
      "c006" : "02-355-9229"
    }, {
      "c001" : "고산면옥",
      "c002" : "",
      "c003" : "은평구 연서로 257 (불광동, 34호)",
      "c004" : "한식",
      "c005" : "냉면",
      "c006" : "02-385-7775"
    }, {
      "c001" : "다리원",
      "c002" : "",
      "c003" : "은평구 증산서길 135, 1층동 (증산동)",
      "c004" : "중국식",
      "c005" : "중국집",
      "c006" : "02-376-0604"
    }, {
      "c001" : "공화춘",
      "c002" : "",
      "c003" : "은평구 연서로 304 (불광동, 1,2층)",
      "c004" : "중국식",
      "c005" : "짬뽕",
      "c006" : "02-352-7710"
    }, {
      "c001" : "속초 붉은 대게",
      "c002" : "",
      "c003" : "은평구 연서로 154 (대조동)",
      "c004" : "한식",
      "c005" : "대게",
      "c006" : "02-352-3311"
    }, {
      "c001" : "정동진수산",
      "c002" : "",
      "c003" : "은평구 연서로 98-1 (역촌동)",
      "c004" : "일식",
      "c005" : "광어회",
      "c006" : "02-383-5411"
    }, {
      "c001" : "만선",
      "c002" : "",
      "c003" : "은평구 진흥로 201 (불광동, 지상1,2층)",
      "c004" : "일식",
      "c005" : "일식",
      "c006" : "02-355-8891"
    }, {
      "c001" : "소문난간이횟집",
      "c002" : "",
      "c003" : "은평구 응암로9길 11, 1층 (응암동)",
      "c004" : "일식",
      "c005" : "활어회",
      "c006" : "02-302-4974"
    }, {
      "c001" : "평양초계탕 막국수",
      "c002" : "",
      "c003" : "은평구 북한산로 281-15, 1층 (진관동)",
      "c004" : "한식",
      "c005" : "초계탕",
      "c006" : "02-388-2977"
    }, {
      "c001" : "은평감자국",
      "c002" : "",
      "c003" : "은평구 응암로 287 (응암동)",
      "c004" : "한식",
      "c005" : "감자국",
      "c006" : "02-389-4458"
    }, {
      "c001" : "보들이쭈꾸미",
      "c002" : "",
      "c003" : "은평구 은평로 46, 1층 (신사동)",
      "c004" : "한식",
      "c005" : "쭈꾸미",
      "c006" : "02-376-3588"
    }, {
      "c001" : "향정푸드 도투리",
      "c002" : "",
      "c003" : "은평구 증산로 303 (증산동, 태광아파트 105호)",
      "c004" : "한식",
      "c005" : "도토리묵",
      "c006" : "02-374-3202"
    }, {
      "c001" : "은행나무샤브",
      "c002" : "",
      "c003" : "은평구 연서로 183-4, 1,2층 (갈현동)",
      "c004" : "한식",
      "c005" : "샤브샤브",
      "c006" : "02-353-8628"
    }, {
      "c001" : "(원)할머니보쌈 응암점",
      "c002" : "",
      "c003" : "은평구 응암로 253, 1층 (응암동)",
      "c004" : "한식",
      "c005" : "보쌈",
      "c006" : "02-355-3101"
    }, {
      "c001" : "한국피자헛 증산역2호점",
      "c002" : "",
      "c003" : "은평구 증산로 253, 1층 (증산동)",
      "c004" : "기타",
      "c005" : "피자",
      "c006" : "02-375-4075"
    }, {
      "c001" : "씨제이푸드빌(주) 빕스 불광역점",
      "c002" : "",
      "c003" : "은평구 통일로 760, 지상2층 (불광동)",
      "c004" : "뷔페식",
      "c005" : "한식,양식",
      "c006" : "02-358 -8997"
    }, {
      "c001" : "금바위감자탕",
      "c002" : "",
      "c003" : "은평구 증산로 353, 1층 (증산동)",
      "c004" : "한식",
      "c005" : "감자탕",
      "c006" : "02-372-3161"
    }, {
      "c001" : "일품(一品)간장게장",
      "c002" : "",
      "c003" : "은평구 진흥로 125 (대조동, 1,2층)",
      "c004" : "한식",
      "c005" : "간장게장.돌솥밥",
      "c006" : "02-388-2299"
    }, {
      "c001" : "마산종가아구찜",
      "c002" : "",
      "c003" : "은평구 연서로 166, 1층 (대조동)",
      "c004" : "한식",
      "c005" : "아구찜",
      "c006" : "02-388-1333"
    }, {
      "c001" : "불광동 황소곱창구이",
      "c002" : "",
      "c003" : "은평구 진흥로 141, 1층 (대조동)",
      "c004" : "한식",
      "c005" : "곱창구이",
      "c006" : "02-385-2642"
    }, {
      "c001" : "채선당 구산점",
      "c002" : "",
      "c003" : "은평구 연서로 106, 1층 (역촌동)",
      "c004" : "한식",
      "c005" : "샤브샤브",
      "c006" : "02-389-0550"
    }, {
      "c001" : "지호한방삼계탕",
      "c002" : "",
      "c003" : "은평구 서오릉로 222, 2층 (갈현동)",
      "c004" : "한식",
      "c005" : "삼계탕",
      "c006" : "02-355-2110"
    }, {
      "c001" : "불광설 주식회사",
      "c002" : "",
      "c003" : "은평구 통일로66길 5, 1,2층 (불광동)",
      "c004" : "한식",
      "c005" : "참치",
      "c006" : "02-358-0059"
    }, {
      "c001" : "연신내 회 수산",
      "c002" : "",
      "c003" : "은평구 통일로83길 6-5, 지상1층 (갈현동)",
      "c004" : "일식",
      "c005" : "활어회",
      "c006" : "02-358-0088"
    }, {
      "c001" : "능원식당",
      "c002" : "",
      "c003" : "은평구 통일로89길 6-10, 1층 (갈현동)",
      "c004" : "한식",
      "c005" : "된장찌개",
      "c006" : "02-352-5202"
    }, {
      "c001" : "대한수산",
      "c002" : "",
      "c003" : "은평구 서오릉로 18, 1층 (녹번동)",
      "c004" : "일식",
      "c005" : "쭈꾸미 낙지",
      "c006" : "02-353-5759"
    }, {
      "c001" : "경복궁 녹번점",
      "c002" : "",
      "c003" : "은평구 서오릉로 4, 지상1,2,3층 (녹번동)",
      "c004" : "한식",
      "c005" : "고기",
      "c006" : "02-352-2008"
    }, {
      "c001" : "통나무집",
      "c002" : "",
      "c003" : "은평구 진흥로19길 6, 1~3층 (불광동)",
      "c004" : "한식",
      "c005" : "오리고기",
      "c006" : "02-382-6626"
    }, {
      "c001" : "도원",
      "c002" : "",
      "c003" : "은평구 통일로65길 13 (대조동, 1~2층)",
      "c004" : "중국식",
      "c005" : "중식코스",
      "c006" : "02-353-1544"
    }, {
      "c001" : "짚터",
      "c002" : "",
      "c003" : "은평구 갈현로 212, 1층 (갈현동)",
      "c004" : "한식",
      "c005" : "삼겹살",
      "c006" : "02-356-2113"
    }, {
      "c001" : "장어가",
      "c002" : "",
      "c003" : "은평구 진흥로 144, 1층 (녹번동)",
      "c004" : "일식",
      "c005" : "장어구이",
      "c006" : "02-389-6361"
    }, {
      "c001" : "초유향",
      "c002" : "",
      "c003" : "은평구 은평로13길 11-12 (녹번동, 2,3층)",
      "c004" : "중국식",
      "c005" : "자장면",
      "c006" : "02-383-5724"
    }, {
      "c001" : "봉평메밀막국수 &amp; 대관령가는길",
      "c002" : "",
      "c003" : "은평구 응암로 263, 105호 (응암동)",
      "c004" : "한식",
      "c005" : "한식코스",
      "c006" : "02-387-8898"
    }, {
      "c001" : "전주식당",
      "c002" : "",
      "c003" : "은평구 대서문길 15-7 (진관동,지상1~2층, 지하1층)",
      "c004" : "한식",
      "c005" : "갈비",
      "c006" : "02-355-3300"
    }, {
      "c001" : "산들애 보리밥",
      "c002" : "",
      "c003" : "은평구 대서문길 43-16 (진관동,지상1,2층)",
      "c004" : "한식",
      "c005" : "보리밥",
      "c006" : "02-385-2212"
    }, {
      "c001" : "북한산 닭명가",
      "c002" : "",
      "c003" : "은평구 대서문길 31 (진관동,외1필지(지상1층~2층))",
      "c004" : "한식",
      "c005" : "한정식.닭갈비",
      "c006" : "02-387-1178"
    }, {
      "c001" : "착한낙지",
      "c002" : "",
      "c003" : "은평구 연서로 322, 1,2층 (불광동)",
      "c004" : "한식",
      "c005" : "낙지",
      "c006" : "02-353-8113"
    }, {
      "c001" : "옛골토성",
      "c002" : "",
      "c003" : "은평구 대서문길 45-7 (진관동,(외1필지, 1층,2층,3층))",
      "c004" : "한식",
      "c005" : "오리훈제",
      "c006" : "02-385-3064"
    }, {
      "c001" : "만석장",
      "c002" : "",
      "c003" : "은평구 대서문길 43-10 (진관동, 1층.2층)",
      "c004" : "한식",
      "c005" : "두부",
      "c006" : "02-385-2093"
    }, {
      "c001" : "통나무집",
      "c002" : "",
      "c003" : "은평구 진흥로19길 8, 1,2,3층 (불광동)",
      "c004" : "한식",
      "c005" : "오리,닭",
      "c006" : "02-356-5533"
    }, {
      "c001" : "마루샤브",
      "c002" : "",
      "c003" : "은평구 연서로 165, 2층 (갈현동)",
      "c004" : "한식",
      "c005" : "샤브샤브",
      "c006" : "02-353-6566"
    }, {
      "c001" : "황칠나라 강강수올래",
      "c002" : "",
      "c003" : "은평구 서오릉로 145, 2층 (구산동)",
      "c004" : "한식",
      "c005" : "갈비",
      "c006" : "02-384-8592"
    }, {
      "c001" : "송추가마골",
      "c002" : "",
      "c003" : "은평구 북한산로 276, 2층 (진관동)",
      "c004" : "한식",
      "c005" : "고기,냉면",
      "c006" : "02-371-0022"
    }, {
      "c001" : "엉터리생고기 연신내점",
      "c002" : "",
      "c003" : "은평구 통일로83길 6-10 (갈현동,1,2층)",
      "c004" : "한식",
      "c005" : "소고기,돼지고기",
      "c006" : "02-383-3993"
    }, {
      "c001" : "주식회사 파티유",
      "c002" : "",
      "c003" : "은평구 통일로 856, 4층 (불광동)",
      "c004" : "뷔페식",
      "c005" : "뷔페",
      "c006" : "02-383-8355"
    }, {
      "c001" : "원할머니 보쌈(녹번점)",
      "c002" : "",
      "c003" : "은평구 은평로 170 (응암동, 상현빌딩 204호)",
      "c004" : "한식",
      "c005" : "보쌈",
      "c006" : "02-358-5355"
    }, {
      "c001" : "스시쇼부",
      "c002" : "",
      "c003" : "은평구 은평로11길 12-24 (응암동, 1층)",
      "c004" : "일식",
      "c005" : "초밥",
      "c006" : "02-385-0045"
    }, {
      "c001" : "소담촌",
      "c002" : "",
      "c003" : "은평구 수색로 191 (증산동, 두빌 2층)",
      "c004" : "한식",
      "c005" : "샤브샤브",
      "c006" : "02-308-0052"
    }, {
      "c001" : "야래향",
      "c002" : "",
      "c003" : "은평구 통일로 1010 (진관동, B106,B107)",
      "c004" : "중국식",
      "c005" : "자장면, 탕수육",
      "c006" : "02-752-3201"
    }, {
      "c001" : "코코샤브 은평본점",
      "c002" : "",
      "c003" : "은평구 은평로 170 (응암동, 3필지 2층 205호)",
      "c004" : "한식",
      "c005" : "샤브샤브,월남쌈",
      "c006" : "02-386-9500"
    }, {
      "c001" : "삿뽀로녹번점 (주)엔타스시스템",
      "c002" : "",
      "c003" : "은평구 서오릉로 4 (녹번동, 3층)",
      "c004" : "일식",
      "c005" : "회",
      "c006" : "02-337-7758"
    }, {
      "c001" : "만진루",
      "c002" : "",
      "c003" : "은평구 응암로 307-1 (응암동, 1층)",
      "c004" : "중국식",
      "c005" : "중식코스",
      "c006" : "02-359-8209"
    }, {
      "c001" : "한우천국 역촌역점",
      "c002" : "",
      "c003" : "은평구 진흥로 99 (역촌동, 외1필지 1,2층)",
      "c004" : "한식",
      "c005" : "등심구이, 갈비탕",
      "c006" : "02-389-1592"
    }, {
      "c001" : "북한산 아구랑 명태랑",
      "c002" : "",
      "c003" : "은평구 대서문길 13-11 (진관동, 1층)",
      "c004" : "한식",
      "c005" : "아구탕",
      "c006" : "02-358-9511"
    } ]
  }
}