<?xml version="1.0" encoding="UTF-8"?>
<root>
<header>
<header>시도명</header>
<header>시군구명</header>
<header>업태</header>
<header>주메뉴</header>
<header>업소명</header>
<header>주소</header>
<header>전화번호</header>
</header>
<Row>
<시도명>경기도</시도명>
<시군구명>남양주시</시군구명>
<업태>한식</업태>
<주메뉴>등심. 삼겹살</주메뉴>
<업소명>대성옥</업소명>
<주소>경기도 남양주시 금곡로 44-1 (금곡동)</주소>
<전화번호>031-592-6688</전화번호>
</Row>
<Row>
<시도명>경기도</시도명>
<시군구명>남양주시</시군구명>
<업태>한식</업태>
<주메뉴>삼겹살</주메뉴>
<업소명>구이가 덕소점</업소명>
<주소>경기도 남양주시 와부읍 덕소로 119</주소>
<전화번호>031-576-9292</전화번호>
</Row>
<Row>
<시도명>경기도</시도명>
<시군구명>남양주시</시군구명>
<업태>한식</업태>
<주메뉴>구이류</주메뉴>
<업소명>장우가든</업소명>
<주소>경기도 남양주시 진접읍 금강로 1586 (.  19)</주소>
<전화번호>031-572-3493</전화번호>
</Row>
<Row>
<시도명>경기도</시도명>
<시군구명>남양주시</시군구명>
<업태>한식</업태>
<주메뉴>솥밥한정식</주메뉴>
<업소명>사랑방</업소명>
<주소>경기도 남양주시 진접읍 광릉수목원로 179-29</주소>
<전화번호>031-527-7241</전화번호>
</Row>
<Row>
<시도명>경기도</시도명>
<시군구명>남양주시</시군구명>
<업태>한식</업태>
<주메뉴>장어구이</주메뉴>
<업소명>종가집</업소명>
<주소>경기도 남양주시 조안면 북한강로 856</주소>
<전화번호>031-576-1101</전화번호>
</Row>
<Row>
<시도명>경기도</시도명>
<시군구명>남양주시</시군구명>
<업태>한식</업태>
<주메뉴>구이류. 한정식</주메뉴>
<업소명>(주)더늘봄</업소명>
<주소>경기도 남양주시 진접읍 금강로 1845</주소>
<전화번호>031-572-4447</전화번호>
</Row>
<Row>
<시도명>경기도</시도명>
<시군구명>남양주시</시군구명>
<업태>한식</업태>
<주메뉴>한정식</주메뉴>
<업소명>소리마을</업소명>
<주소>경기도 남양주시 화도읍 북한강로 1474</주소>
<전화번호>031-559-6563</전화번호>
</Row>
<Row>
<시도명>경기도</시도명>
<시군구명>남양주시</시군구명>
<업태>한식</업태>
<주메뉴>매운탕</주메뉴>
<업소명>범바위식당</업소명>
<주소>경기도 남양주시 화도읍 북한강로 1672</주소>
<전화번호>031-591-1485</전화번호>
</Row>
<Row>
<시도명>경기도</시도명>
<시군구명>남양주시</시군구명>
<업태>한식</업태>
<주메뉴>생선구이</주메뉴>
<업소명>바람과구름</업소명>
<주소>경기도 남양주시 화도읍 북한강로 1502</주소>
<전화번호>031-559-8878</전화번호>
</Row>
<Row>
<시도명>경기도</시도명>
<시군구명>남양주시</시군구명>
<업태>한식</업태>
<주메뉴>전복 한정식</주메뉴>
<업소명>석화</업소명>
<주소>경기도 남양주시 화도읍 묵현로 91</주소>
<전화번호>031-591-8287</전화번호>
</Row>
<Row>
<시도명>경기도</시도명>
<시군구명>남양주시</시군구명>
<업태>한식</업태>
<주메뉴>매운탕. 장어구이. 백숙</주메뉴>
<업소명>느티나무가든</업소명>
<주소>경기도 남양주시 강변북로632번길 26 (수석동. 외3필지)</주소>
<전화번호>031-555-8833</전화번호>
</Row>
<Row>
<시도명>경기도</시도명>
<시군구명>남양주시</시군구명>
<업태>기타</업태>
<주메뉴>닭백숙</주메뉴>
<업소명>고센씨암닭</업소명>
<주소>경기도 남양주시 와부읍 수레로640번길 70</주소>
<전화번호>031-576-0707</전화번호>
</Row>
<Row>
<시도명>경기도</시도명>
<시군구명>남양주시</시군구명>
<업태>한식</업태>
<주메뉴>영양돌솥밥</주메뉴>
<업소명>매봉골</업소명>
<주소>경기도 남양주시 화도읍 북한강로 1362</주소>
<전화번호>031-591-5641</전화번호>
</Row>
<Row>
<시도명>경기도</시도명>
<시군구명>남양주시</시군구명>
<업태>한식</업태>
<주메뉴>곰탕</주메뉴>
<업소명>배나무골순한우꼬리곰탕집</업소명>
<주소>경기도 남양주시 와부읍 글개울로63번길 17</주소>
<전화번호>031-576-0417</전화번호>
</Row>
<Row>
<시도명>경기도</시도명>
<시군구명>남양주시</시군구명>
<업태>일식</업태>
<주메뉴>참치</주메뉴>
<업소명>사조참치남양지점</업소명>
<주소>경기도 남양주시 경춘로 1287 (평내동. 우성빌딩 3층 301호)</주소>
<전화번호>031-591-1445</전화번호>
</Row>
<Row>
<시도명>경기도</시도명>
<시군구명>남양주시</시군구명>
<업태>한식</업태>
<주메뉴>청국장</주메뉴>
<업소명>원조 너와집 청국장</업소명>
<주소>경기도 남양주시 화도읍 북한강로 1538</주소>
<전화번호>031-591-4917</전화번호>
</Row>
<Row>
<시도명>경기도</시도명>
<시군구명>남양주시</시군구명>
<업태>한식</업태>
<주메뉴>면류</주메뉴>
<업소명>다시면가(본점)</업소명>
<주소>경기도 남양주시 화도읍 경춘로 2348</주소>
<전화번호>031-594-1388</전화번호>
</Row>
<Row>
<시도명>경기도</시도명>
<시군구명>남양주시</시군구명>
<업태>한식</업태>
<주메뉴>돼지갈비</주메뉴>
<업소명>진짜맛있는집</업소명>
<주소>경기도 남양주시 오남읍 진건오남로 556.  1층</주소>
<전화번호>031-575-7002</전화번호>
</Row>
<Row>
<시도명>경기도</시도명>
<시군구명>남양주시</시군구명>
<업태>한식</업태>
<주메뉴>수제비</주메뉴>
<업소명>삼청골 명가 더 수제비</업소명>
<주소>경기도 남양주시 조안면 북한강로 856-31</주소>
<전화번호>031-576-0603</전화번호>
</Row>
<Row>
<시도명>경기도</시도명>
<시군구명>남양주시</시군구명>
<업태>한식</업태>
<주메뉴>아구찜. 바다가재. 해물짐</주메뉴>
<업소명>안채</업소명>
<주소>경기도 남양주시 강변북로632번길 31 (수석동)</주소>
<전화번호>031-555-2848</전화번호>
</Row>
<Row>
<시도명>경기도</시도명>
<시군구명>남양주시</시군구명>
<업태>일식</업태>
<주메뉴>송어회. 송어매운탕</주메뉴>
<업소명>수사골송어</업소명>
<주소>경기도 남양주시 오남읍 진건오남로708번길 53 (제1동. 제2동)</주소>
<전화번호>031-575-6888</전화번호>
</Row>
<Row>
<시도명>경기도</시도명>
<시군구명>남양주시</시군구명>
<업태>한식</업태>
<주메뉴>숯불갈비</주메뉴>
<업소명>한마당숯불갈비</업소명>
<주소>경기도 남양주시 진건읍 사릉로446번길 27-1</주소>
<전화번호>031-573-8693</전화번호>
</Row>
<Row>
<시도명>경기도</시도명>
<시군구명>남양주시</시군구명>
<업태>한식</업태>
<주메뉴>돌솥밥</주메뉴>
<업소명>광릉돌솥밥</업소명>
<주소>경기도 남양주시 진접읍 금강로1845번길 1</주소>
<전화번호>031-527-3334</전화번호>
</Row>
<Row>
<시도명>경기도</시도명>
<시군구명>남양주시</시군구명>
<업태>한식</업태>
<주메뉴>냉면. 만두. 불고기</주메뉴>
<업소명>개성면옥</업소명>
<주소>경기도 남양주시 경춘로 934 (금곡동)</주소>
<전화번호>031-591-4843</전화번호>
</Row>
<Row>
<시도명>경기도</시도명>
<시군구명>남양주시</시군구명>
<업태>한식</업태>
<주메뉴>매운탕. 장어구이</주메뉴>
<업소명>토방촌</업소명>
<주소>경기도 남양주시 강변북로632번길 17 (수석동)</주소>
<전화번호>031-555-5292</전화번호>
</Row>
<Row>
<시도명>경기도</시도명>
<시군구명>남양주시</시군구명>
<업태>한식</업태>
<주메뉴>도토리</주메뉴>
<업소명>다람쥐마을한정식</업소명>
<주소>경기도 남양주시 와부읍 석실로317번길 58</주소>
<전화번호>031-577-4847</전화번호>
</Row>
<Row>
<시도명>경기도</시도명>
<시군구명>남양주시</시군구명>
<업태>한식</업태>
<주메뉴>초당순두부. 짬뽕순두부</주메뉴>
<업소명>강릉짬뽕순두부</업소명>
<주소>경기도 남양주시 와부읍 경강로926번길 85</주소>
<전화번호>031-576-0141</전화번호>
</Row>
<Row>
<시도명>경기도</시도명>
<시군구명>남양주시</시군구명>
<업태>한식</업태>
<주메뉴>등심. 왕생갈비</주메뉴>
<업소명>이정갈비</업소명>
<주소>경기도 남양주시 오남읍 진건오남로 923</주소>
<전화번호>031-575-1325</전화번호>
</Row>
<Row>
<시도명>경기도</시도명>
<시군구명>남양주시</시군구명>
<업태>한식</업태>
<주메뉴>한정식</주메뉴>
<업소명>고향가는길</업소명>
<주소>경기도 남양주시 강변북로 716 (수석동)</주소>
<전화번호>031-556-3389</전화번호>
</Row>
<Row>
<시도명>경기도</시도명>
<시군구명>남양주시</시군구명>
<업태>한식</업태>
<주메뉴>한정식</주메뉴>
<업소명>초대</업소명>
<주소>경기도 남양주시 강변북로632번길 6-45 (수석동. . 185)</주소>
<전화번호>031-557-7318</전화번호>
</Row>
<Row>
<시도명>경기도</시도명>
<시군구명>남양주시</시군구명>
<업태>한식</업태>
<주메뉴>오리구이</주메뉴>
<업소명>(주)푸드팩토리</업소명>
<주소>경기도 남양주시 와부읍 경강로 896-2</주소>
<전화번호>031-576-0130</전화번호>
</Row>
<Row>
<시도명>경기도</시도명>
<시군구명>남양주시</시군구명>
<업태>한식</업태>
<주메뉴>한정식</주메뉴>
<업소명>한옥맛집</업소명>
<주소>경기도 남양주시 화도읍 북한강로 1402</주소>
<전화번호>031-592-1230</전화번호>
</Row>
<Row>
<시도명>경기도</시도명>
<시군구명>남양주시</시군구명>
<업태>양식</업태>
<주메뉴>스테이크</주메뉴>
<업소명>봉카페</업소명>
<주소>경기도 남양주시 천마산로 110 (호평동)</주소>
<전화번호>031-591-6161</전화번호>
</Row>
<Row>
<시도명>경기도</시도명>
<시군구명>남양주시</시군구명>
<업태>기타</업태>
<주메뉴>비빔국수</주메뉴>
<업소명>시가올</업소명>
<주소>경기도 남양주시 고산로 196 (삼패동)</주소>
<전화번호>031-576-7100</전화번호>
</Row>
<Row>
<시도명>경기도</시도명>
<시군구명>남양주시</시군구명>
<업태>한식</업태>
<주메뉴>소고기. 돼지고기 구이류</주메뉴>
<업소명>최씨본가참숯화로구이</업소명>
<주소>경기도 남양주시 진접읍 장현로 66</주소>
<전화번호>031-575-8592</전화번호>
</Row>
<Row>
<시도명>경기도</시도명>
<시군구명>남양주시</시군구명>
<업태>한식</업태>
<주메뉴>불고기</주메뉴>
<업소명>주식회사 광릉불고기</업소명>
<주소>경기도 남양주시 진접읍 광릉내로82번길 40-1</주소>
<전화번호>031-527-6631</전화번호>
</Row>
<Row>
<시도명>경기도</시도명>
<시군구명>남양주시</시군구명>
<업태>한식</업태>
<주메뉴>냉면</주메뉴>
<업소명>개성면옥</업소명>
<주소>경기도 남양주시 와부읍 덕소로 59</주소>
<전화번호>031-576-7474</전화번호>
</Row>
<Row>
<시도명>경기도</시도명>
<시군구명>남양주시</시군구명>
<업태>한식</업태>
<주메뉴>해장국</주메뉴>
<업소명>양평뚝배기해장국</업소명>
<주소>경기도 남양주시 화도읍 북한강로 1462</주소>
<전화번호>031-559-1501</전화번호>
</Row>
<Row>
<시도명>경기도</시도명>
<시군구명>남양주시</시군구명>
<업태>한식</업태>
<주메뉴>뽕나무동충하초삼계탕. 영양솥밥정식</주메뉴>
<업소명>큰대문집</업소명>
<주소>경기도 남양주시 진접읍 광릉수목원로 179-19</주소>
<전화번호>031-527-7235</전화번호>
</Row>
<Row>
<시도명>경기도</시도명>
<시군구명>남양주시</시군구명>
<업태>양식</업태>
<주메뉴>안심구이. 해물스파게티</주메뉴>
<업소명>엘&amp;엠</업소명>
<주소>경기도 남양주시 와부읍 경강로 832</주소>
<전화번호>031-577-3200</전화번호>
</Row>
<Row>
<시도명>경기도</시도명>
<시군구명>남양주시</시군구명>
<업태>한식</업태>
<주메뉴>갈비류</주메뉴>
<업소명>수인씨의마당</업소명>
<주소>경기도 남양주시 덕릉로 1115-49 (별내동)</주소>
<전화번호>031-573-0980</전화번호>
</Row>
<Row>
<시도명>경기도</시도명>
<시군구명>남양주시</시군구명>
<업태>양식</업태>
<주메뉴>파스타</주메뉴>
<업소명>(주)프라움레스토랑</업소명>
<주소>경기도 남양주시 와부읍 경강로 756</주소>
<전화번호>031-272-7000</전화번호>
</Row>
<Row>
<시도명>경기도</시도명>
<시군구명>남양주시</시군구명>
<업태>일식</업태>
<주메뉴>회</주메뉴>
<업소명>삼다도</업소명>
<주소>경기도 남양주시 진접읍 봉현로13번길 18</주소>
<전화번호>031-571-3306</전화번호>
</Row>
<Row>
<시도명>경기도</시도명>
<시군구명>남양주시</시군구명>
<업태>한식</업태>
<주메뉴>한정식. 팥죽</주메뉴>
<업소명>바위와소나무</업소명>
<주소>경기도 남양주시 순화궁로 474 (별내동)</주소>
<전화번호>031-529-1235</전화번호>
</Row>
<Row>
<시도명>경기도</시도명>
<시군구명>남양주시</시군구명>
<업태>한식</업태>
<주메뉴>보리밥</주메뉴>
<업소명>와뚠지</업소명>
<주소>경기도 남양주시 화도읍 비룡로 326</주소>
<전화번호>031-593-4942</전화번호>
</Row>
<Row>
<시도명>경기도</시도명>
<시군구명>남양주시</시군구명>
<업태>한식</업태>
<주메뉴>닭갈비</주메뉴>
<업소명>춘천본가닭갈비</업소명>
<주소>경기도 남양주시 화도읍 먹갓로28번길 5</주소>
<전화번호>031-594-7295</전화번호>
</Row>
<Row>
<시도명>경기도</시도명>
<시군구명>남양주시</시군구명>
<업태>한식</업태>
<주메뉴>칼국수</주메뉴>
<업소명>등촌샤브마석점칼국수</업소명>
<주소>경기도 남양주시 화도읍 마석우리 372-6</주소>
<전화번호>031-511-7810</전화번호>
</Row>
<Row>
<시도명>경기도</시도명>
<시군구명>남양주시</시군구명>
<업태>한식</업태>
<주메뉴>곰탕</주메뉴>
<업소명>해마루</업소명>
<주소>경기도 남양주시 와부읍 수레로 347</주소>
<전화번호>031-521-2080</전화번호>
</Row>
<Row>
<시도명>경기도</시도명>
<시군구명>남양주시</시군구명>
<업태>한식</업태>
<주메뉴>소갈비. 돼지갈비. 게장</주메뉴>
<업소명>산과들가든</업소명>
<주소>경기도 남양주시 와부읍 궁촌로 35</주소>
<전화번호>031-577-9123</전화번호>
</Row>
<Row>
<시도명>경기도</시도명>
<시군구명>남양주시</시군구명>
<업태>한식</업태>
<주메뉴>구이류</주메뉴>
<업소명>30년전통옥수돼지숯불갈비</업소명>
<주소>경기도 남양주시 와부읍 수레로1번길 7</주소>
<전화번호>031-521-9292</전화번호>
</Row>
<Row>
<시도명>경기도</시도명>
<시군구명>남양주시</시군구명>
<업태>중식</업태>
<주메뉴>중식</주메뉴>
<업소명>회빈</업소명>
<주소>경기도 남양주시 도농로 29.  207.  213호 (도농동.  부영프라자)</주소>
<전화번호>031-567-8255</전화번호>
</Row>
<Row>
<시도명>경기도</시도명>
<시군구명>남양주시</시군구명>
<업태>한식</업태>
<주메뉴>능이버섯불고기</주메뉴>
<업소명>이대감버섯생고기</업소명>
<주소>경기도 남양주시 진건읍 진건오남로 229</주소>
<전화번호>031-527-7434</전화번호>
</Row>
<Row>
<시도명>경기도</시도명>
<시군구명>남양주시</시군구명>
<업태>한식</업태>
<주메뉴>국밥. 등심모듬</주메뉴>
<업소명>(주)우렁찬한우명품</업소명>
<주소>경기도 남양주시 고산로 180-1 (삼패동)</주소>
<전화번호>031-577-8833</전화번호>
</Row>
<Row>
<시도명>경기도</시도명>
<시군구명>남양주시</시군구명>
<업태>양식</업태>
<주메뉴>스테이크. 돈까스</주메뉴>
<업소명>쟈스민</업소명>
<주소>경기도 남양주시 오남읍 팔현로 91</주소>
<전화번호>031-527-2772</전화번호>
</Row>
<Row>
<시도명>경기도</시도명>
<시군구명>남양주시</시군구명>
<업태>한식</업태>
<주메뉴>육개장</주메뉴>
<업소명>육대장</업소명>
<주소>경기도 남양주시 진접읍 금강로 1545 (1층)</주소>
<전화번호>031-528-5740</전화번호>
</Row>
<Row>
<시도명>경기도</시도명>
<시군구명>남양주시</시군구명>
<업태>한식</업태>
<주메뉴>유기농가마솥밥</주메뉴>
<업소명>더만족해(The 만족해)</업소명>
<주소>경기도 남양주시 평내로29번길 41.  206호 (평내동.  메인프라자)</주소>
<전화번호>031-593-7885</전화번호>
</Row>
<Row>
<시도명>경기도</시도명>
<시군구명>남양주시</시군구명>
<업태>한식</업태>
<주메뉴>두부요리</주메뉴>
<업소명>두부마을</업소명>
<주소>경기도 남양주시 평내로 13 (평내동)</주소>
<전화번호>031-559-2698</전화번호>
</Row>
<Row>
<시도명>경기도</시도명>
<시군구명>남양주시</시군구명>
<업태>한식</업태>
<주메뉴>유기농쌈밥. 구이류</주메뉴>
<업소명>배갈비.  태릉배갈비</업소명>
<주소>경기도 남양주시 경춘로 1023 (금곡동)</주소>
<전화번호>031-559-8588</전화번호>
</Row>
<Row>
<시도명>경기도</시도명>
<시군구명>남양주시</시군구명>
<업태>한식</업태>
<주메뉴>보리밥</주메뉴>
<업소명>외할머니집(남양주점)</업소명>
<주소>경기도 남양주시 경춘로 765 (일패동)</주소>
<전화번호>031-595-2303</전화번호>
</Row>
<Row>
<시도명>경기도</시도명>
<시군구명>남양주시</시군구명>
<업태>한식</업태>
<주메뉴>코다리찜</주메뉴>
<업소명>자성화맛집코다리조림전문점</업소명>
<주소>경기도 남양주시 진접읍 금강로 1821.  1층</주소>
<전화번호>031-573-9592</전화번호>
</Row>
<Row>
<시도명>경기도</시도명>
<시군구명>남양주시</시군구명>
<업태>한식</업태>
<주메뉴>추어탕</주메뉴>
<업소명>논골추어탕</업소명>
<주소>경기도 남양주시 화도읍 묵현로 66-22</주소>
<전화번호>031-591-5988</전화번호>
</Row>
<Row>
<시도명>경기도</시도명>
<시군구명>남양주시</시군구명>
<업태>한식</업태>
<주메뉴>닭갈비</주메뉴>
<업소명>닭이봉진미춘천닭갈비</업소명>
<주소>경기도 남양주시 늘을2로 26 (호평동. 메인시네마타워210호)</주소>
<전화번호>031-559-9417</전화번호>
</Row>
<Row>
<시도명>경기도</시도명>
<시군구명>남양주시</시군구명>
<업태>한식</업태>
<주메뉴>구이류</주메뉴>
<업소명>한마루</업소명>
<주소>경기도 남양주시 화도읍 마석로17번길 35-11</주소>
<전화번호>031-591-6400</전화번호>
</Row>
<Row>
<시도명>경기도</시도명>
<시군구명>남양주시</시군구명>
<업태>한식</업태>
<주메뉴>돼지왕갈비</주메뉴>
<업소명>마지촌덕소점</업소명>
<주소>경기도 남양주시 와부읍 석실로 185-17</주소>
<전화번호>031-567-8333</전화번호>
</Row>
<Row>
<시도명>경기도</시도명>
<시군구명>남양주시</시군구명>
<업태>한식</업태>
<주메뉴>샤브샤브</주메뉴>
<업소명>쌈촌(평내점)</업소명>
<주소>경기도 남양주시 평내로29번길 49.  207. 208호 (평내동.  엠투프라자)</주소>
<전화번호>031-511-7991</전화번호>
</Row>
<Row>
<시도명>경기도</시도명>
<시군구명>남양주시</시군구명>
<업태>양식</업태>
<주메뉴>양식</주메뉴>
<업소명>가든갤러리</업소명>
<주소>경기도 남양주시 강변북로632번길 57-28 (수석동)</주소>
<전화번호>031-566-7777</전화번호>
</Row>
<Row>
<시도명>경기도</시도명>
<시군구명>남양주시</시군구명>
<업태>한식</업태>
<주메뉴>갈비</주메뉴>
<업소명>아리랑갈비</업소명>
<주소>경기도 남양주시 의안로240번길 1-1 (평내동)</주소>
<전화번호>031-511-3777</전화번호>
</Row>
<Row>
<시도명>경기도</시도명>
<시군구명>남양주시</시군구명>
<업태>한식</업태>
<주메뉴>칼국수</주메뉴>
<업소명>최고집칼국수</업소명>
<주소>경기도 남양주시 경춘로 414-10 (도농동)</주소>
<전화번호>031-553-7080</전화번호>
</Row>
<Row>
<시도명>경기도</시도명>
<시군구명>남양주시</시군구명>
<업태>한식</업태>
<주메뉴>갈비탕</주메뉴>
<업소명>곽만근갈비탕(평내점)</업소명>
<주소>경기도 남양주시 경춘로1350번길 36 (평내동)</주소>
<전화번호>031-595-0282</전화번호>
</Row>
<Row>
<시도명>경기도</시도명>
<시군구명>남양주시</시군구명>
<업태>한식</업태>
<주메뉴>돼지갈비</주메뉴>
<업소명>풍경</업소명>
<주소>경기도 남양주시 와부읍 수레로 162 (1252-20)</주소>
<전화번호>031-576-1678</전화번호>
</Row>
<Row>
<시도명>경기도</시도명>
<시군구명>남양주시</시군구명>
<업태>한식</업태>
<주메뉴>한정. 갑오징어</주메뉴>
<업소명>옹기종기</업소명>
<주소>경기도 남양주시 와부읍 수레로 191</주소>
<전화번호>031-576-5588</전화번호>
</Row>
<Row>
<시도명>경기도</시도명>
<시군구명>남양주시</시군구명>
<업태>한식</업태>
<주메뉴>오리구리장작구이. 산꼼장어</주메뉴>
<업소명>압소담</업소명>
<주소>경기도 남양주시 강변북로632번길 13 (수석동)</주소>
<전화번호>031-528-5290</전화번호>
</Row>
<Row>
<시도명>경기도</시도명>
<시군구명>남양주시</시군구명>
<업태>한식</업태>
<주메뉴>삼계탕</주메뉴>
<업소명>웅추한방삼계탕동구밖과수원집</업소명>
<주소>경기도 남양주시 홍유릉로325번길 19 (금곡동. 외1필지)</주소>
<전화번호>031-592-5656</전화번호>
</Row>
<Row>
<시도명>경기도</시도명>
<시군구명>남양주시</시군구명>
<업태>한식</업태>
<주메뉴>구이류</주메뉴>
<업소명>두꺼비</업소명>
<주소>경기도 남양주시 와부읍 월문천로173번길 8</주소>
<전화번호>031-576-5104</전화번호>
</Row>
<Row>
<시도명>경기도</시도명>
<시군구명>남양주시</시군구명>
<업태>한식</업태>
<주메뉴>능이버섯백숙. 삼계탕</주메뉴>
<업소명>나능이</업소명>
<주소>경기도 남양주시 경춘로1015번길 3 (금곡동. 외2필지)</주소>
<전화번호>031-593-2881</전화번호>
</Row>
<Row>
<시도명>경기도</시도명>
<시군구명>남양주시</시군구명>
<업태>한식</업태>
<주메뉴>갈비탕</주메뉴>
<업소명>곽만근갈비탕(덕소점)</업소명>
<주소>경기도 남양주시 와부읍 덕소로97번길 25</주소>
<전화번호>031-521-5615</전화번호>
</Row>
<Row>
<시도명>경기도</시도명>
<시군구명>남양주시</시군구명>
<업태>한식</업태>
<주메뉴>곤드레밥</주메뉴>
<업소명>고운님오셨네</업소명>
<주소>경기도 남양주시 와부읍 수레로 457</주소>
<전화번호>031-577-2070</전화번호>
</Row>
<Row>
<시도명>경기도</시도명>
<시군구명>남양주시</시군구명>
<업태>한식</업태>
<주메뉴>능이버섯백숙</주메뉴>
<업소명>굴뚝능이버섯백숙</업소명>
<주소>경기도 남양주시 호평로46번안길 8-4.  1층 (호평동)</주소>
<전화번호>031-554-3311</전화번호>
</Row>
<Row>
<시도명>경기도</시도명>
<시군구명>남양주시</시군구명>
<업태>양식</업태>
<주메뉴>돈까스</주메뉴>
<업소명>돈까스클럽</업소명>
<주소>경기도 남양주시 고산로 196-1 (삼패동)</주소>
<전화번호>031-521-3739</전화번호>
</Row>
<Row>
<시도명>경기도</시도명>
<시군구명>남양주시</시군구명>
<업태>한식</업태>
<주메뉴>구이류</주메뉴>
<업소명>한다리 이향갈비</업소명>
<주소>경기도 남양주시 진접읍 양진로1020번길 36 (외1필지 1층)</주소>
<전화번호>031-571-4455</전화번호>
</Row>
<Row>
<시도명>경기도</시도명>
<시군구명>남양주시</시군구명>
<업태>한식</업태>
<주메뉴>삼겹살</주메뉴>
<업소명>꿀꿀이삼형제</업소명>
<주소>경기도 남양주시 진접읍 해밀예당3로 61 (중앙프라자 201호)</주소>
<전화번호>031-528-6002</전화번호>
</Row>
<Row>
<시도명>경기도</시도명>
<시군구명>남양주시</시군구명>
<업태>한식</업태>
<주메뉴>백숙</주메뉴>
<업소명>참능이</업소명>
<주소>경기도 남양주시 늘을1로 282 (호평동)</주소>
<전화번호>031-592-0560</전화번호>
</Row>
<Row>
<시도명>경기도</시도명>
<시군구명>남양주시</시군구명>
<업태>한식</업태>
<주메뉴>오리구이</주메뉴>
<업소명>마음의고향</업소명>
<주소>경기도 남양주시 와부읍 궁촌로 167-7 (외1필지)</주소>
<전화번호>031-577-6303</전화번호>
</Row>
<Row>
<시도명>경기도</시도명>
<시군구명>남양주시</시군구명>
<업태>한식</업태>
<주메뉴>쌈밥</주메뉴>
<업소명>풀향기쌈밥</업소명>
<주소>경기도 남양주시 화도읍 경춘로 2118</주소>
<전화번호>031-591-4835</전화번호>
</Row>
<Row>
<시도명>경기도</시도명>
<시군구명>남양주시</시군구명>
<업태>한식</업태>
<주메뉴>칼국수</주메뉴>
<업소명>강가네칼국수</업소명>
<주소>경기도 남양주시 화도읍 수레로 1171-5</주소>
<전화번호>031-593-5311</전화번호>
</Row>
<Row>
<시도명>경기도</시도명>
<시군구명>남양주시</시군구명>
<업태>한식</업태>
<주메뉴>갈비</주메뉴>
<업소명>평창갈비(평내점)</업소명>
<주소>경기도 남양주시 늘을1로16번길 15 (호평동. (1.2.3층))</주소>
<전화번호>031-594-9944</전화번호>
</Row>
<Row>
<시도명>경기도</시도명>
<시군구명>남양주시</시군구명>
<업태>양식</업태>
<주메뉴>돈까스</주메뉴>
<업소명>돈까스클럽</업소명>
<주소>경기도 남양주시 화도읍 답내리 186</주소>
<전화번호>031-594-7157</전화번호>
</Row>
<Row>
<시도명>경기도</시도명>
<시군구명>남양주시</시군구명>
<업태>한식</업태>
<주메뉴>닭갈비</주메뉴>
<업소명>춘천골닭갈비</업소명>
<주소>경기도 남양주시 도농로 24 (도농동. 부영애시앙상가동 사랑관156호)</주소>
<전화번호>031-562-4609</전화번호>
</Row>
<Row>
<시도명>경기도</시도명>
<시군구명>남양주시</시군구명>
<업태>한식</업태>
<주메뉴>버섯불고기</주메뉴>
<업소명>버섯샤브나라</업소명>
<주소>경기도 남양주시 진접읍 장현로 167 (2층)</주소>
<전화번호>031-528-8979</전화번호>
</Row>
<Row>
<시도명>경기도</시도명>
<시군구명>남양주시</시군구명>
<업태>한식</업태>
<주메뉴>샤브샤브</주메뉴>
<업소명>남북통일</업소명>
<주소>경기도 남양주시 진접읍 부평로 33-31 ((1층))</주소>
<전화번호>031-528-3727</전화번호>
</Row>
<Row>
<시도명>경기도</시도명>
<시군구명>남양주시</시군구명>
<업태>한식</업태>
<주메뉴>갈비류</주메뉴>
<업소명>수목원숯불오리</업소명>
<주소>경기도 남양주시 진접읍 광릉수목원로 150-13</주소>
<전화번호>031-553-7000</전화번호>
</Row>
<Row>
<시도명>경기도</시도명>
<시군구명>남양주시</시군구명>
<업태>한식</업태>
<주메뉴>두부전골</주메뉴>
<업소명>은행나무가든</업소명>
<주소>경기도 남양주시 수동면 축령산로 212-5 (외 1필지 1층)</주소>
<전화번호>031-553-8200</전화번호>
</Row>
<Row>
<시도명>경기도</시도명>
<시군구명>남양주시</시군구명>
<업태>한식</업태>
<주메뉴>흑돈생삼겹살. 가마솥해장국</주메뉴>
<업소명>백봉꿀갈비</업소명>
<주소>경기도 남양주시 와부읍 수레로 533-18</주소>
<전화번호>031-576-5868</전화번호>
</Row>
<Row>
<시도명>경기도</시도명>
<시군구명>남양주시</시군구명>
<업태>양식</업태>
<주메뉴>스파게티. 스테이크</주메뉴>
<업소명>가든갤러리 호평점</업소명>
<주소>경기도 남양주시 천마산로 2.  2층 (호평동)</주소>
<전화번호>031-559-3884</전화번호>
</Row>
<Row>
<시도명>경기도</시도명>
<시군구명>남양주시</시군구명>
<업태>한식</업태>
<주메뉴>설렁탕</주메뉴>
<업소명>감미옥 설렁탕</업소명>
<주소>경기도 남양주시 진접읍 금강로 1609 (외4필지)</주소>
<전화번호>031-575-2482</전화번호>
</Row>
<Row>
<시도명>경기도</시도명>
<시군구명>남양주시</시군구명>
<업태>한식</업태>
<주메뉴>구이류</주메뉴>
<업소명>아라한</업소명>
<주소>경기도 남양주시 진건읍 양진로 396-1.  1층</주소>
<전화번호>031-573-5742</전화번호>
</Row>
<Row>
<시도명>경기도</시도명>
<시군구명>남양주시</시군구명>
<업태>한식</업태>
<주메뉴>구이류</주메뉴>
<업소명>광릉정육식당</업소명>
<주소>경기도 남양주시 진접읍 금강로 1597 (제2동(1층))</주소>
<전화번호>031-529-9988</전화번호>
</Row>
<Row>
<시도명>경기도</시도명>
<시군구명>남양주시</시군구명>
<업태>한식</업태>
<주메뉴>생선구이</주메뉴>
<업소명>주문진 생선구이찌개</업소명>
<주소>경기도 남양주시 오남읍 양지로 56</주소>
<전화번호>031-528-9250</전화번호>
</Row>
<Row>
<시도명>경기도</시도명>
<시군구명>남양주시</시군구명>
<업태>한식</업태>
<주메뉴>갈비탕</주메뉴>
<업소명>곽만근갈비탕오남점</업소명>
<주소>경기도 남양주시 오남읍 진건오남로 566.  제1동 105호 (오남상가)</주소>
<전화번호>031-575-6898</전화번호>
</Row>
<Row>
<시도명>경기도</시도명>
<시군구명>남양주시</시군구명>
<업태>한식</업태>
<주메뉴>구이류</주메뉴>
<업소명>흑돈연가</업소명>
<주소>경기도 남양주시 오남읍 진건오남로 566.  2동 1층 (오남상가)</주소>
<전화번호>031-574-9282</전화번호>
</Row>
<Row>
<시도명>경기도</시도명>
<시군구명>남양주시</시군구명>
<업태>한식</업태>
<주메뉴>만두전골</주메뉴>
<업소명>동강의 향기</업소명>
<주소>경기도 남양주시 강변북로632번길 27-7 (수석동)</주소>
<전화번호>031-528-0833</전화번호>
</Row>
<Row>
<시도명>경기도</시도명>
<시군구명>남양주시</시군구명>
<업태>뷔페식</업태>
<주메뉴>뷔페</주메뉴>
<업소명>파티엘하우스</업소명>
<주소>경기도 남양주시 도농로 29.  8층 (도농동.  부영프라자)</주소>
<전화번호>031-554-5058</전화번호>
</Row>
<Row>
<시도명>경기도</시도명>
<시군구명>남양주시</시군구명>
<업태>한식</업태>
<주메뉴>삼겹살</주메뉴>
<업소명>부뚜막솥뚜껑삼겹살</업소명>
<주소>경기도 남양주시 화도읍 녹촌로64번길 39</주소>
<전화번호>031-559-4233</전화번호>
</Row>
<Row>
<시도명>경기도</시도명>
<시군구명>남양주시</시군구명>
<업태>일식</업태>
<주메뉴>참치</주메뉴>
<업소명>금도참치</업소명>
<주소>경기도 남양주시 진접읍 진건오남로 1022 (1.2층)</주소>
<전화번호>031-571-3690</전화번호>
</Row>
<Row>
<시도명>경기도</시도명>
<시군구명>남양주시</시군구명>
<업태>한식</업태>
<주메뉴>감자탕</주메뉴>
<업소명>조마루감자탕</업소명>
<주소>경기도 남양주시 별내중앙로 55.  1동 201호 (별내동.  예스프라자갤럭시 주건축물)</주소>
<전화번호>031-573-2005</전화번호>
</Row>
<Row>
<시도명>경기도</시도명>
<시군구명>남양주시</시군구명>
<업태>한식</업태>
<주메뉴>뼈다귀해장국</주메뉴>
<업소명>원조뼈다귀</업소명>
<주소>경기도 남양주시 덕송2로6번길 16-22.  1층 (별내동)</주소>
<전화번호>031-528-5709</전화번호>
</Row>
<Row>
<시도명>경기도</시도명>
<시군구명>남양주시</시군구명>
<업태>한식</업태>
<주메뉴>삼겹살구이</주메뉴>
<업소명>한돈한우생고기</업소명>
<주소>경기도 남양주시 경춘로1256번길 9.  115. 116. 117호 (평내동.  오렌지웰빙타워)</주소>
<전화번호>031-593-3318</전화번호>
</Row>
<Row>
<시도명>경기도</시도명>
<시군구명>남양주시</시군구명>
<업태>한식</업태>
<주메뉴>해장국</주메뉴>
<업소명>서울해장국</업소명>
<주소>경기도 남양주시 화도읍 비룡로 382</주소>
<전화번호>031-593-5090</전화번호>
</Row>
<Row>
<시도명>경기도</시도명>
<시군구명>남양주시</시군구명>
<업태>한식</업태>
<주메뉴>설농탕</주메뉴>
<업소명>별내옥설농탕</업소명>
<주소>경기도 남양주시 송산로 294-7 (별내동)</주소>
<전화번호>031-528-6582</전화번호>
</Row>
<Row>
<시도명>경기도</시도명>
<시군구명>남양주시</시군구명>
<업태>한식</업태>
<주메뉴>낙지</주메뉴>
<업소명>낙지자랑</업소명>
<주소>경기도 남양주시 경춘로 1333-1 (평내동)</주소>
<전화번호>031-595-5413</전화번호>
</Row>
<Row>
<시도명>경기도</시도명>
<시군구명>남양주시</시군구명>
<업태>한식</업태>
<주메뉴>곰탕</주메뉴>
<업소명>창조가든</업소명>
<주소>경기도 남양주시 퇴계원면 퇴계원로199번길 15</주소>
<전화번호>031-575-0937</전화번호>
</Row>
<Row>
<시도명>경기도</시도명>
<시군구명>남양주시</시군구명>
<업태>한식</업태>
<주메뉴>순대국</주메뉴>
<업소명>마석아바이순대</업소명>
<주소>경기도 남양주시 화도읍 비룡로 219.  1층</주소>
<전화번호>031-593-9978</전화번호>
</Row>
<Row>
<시도명>경기도</시도명>
<시군구명>남양주시</시군구명>
<업태>중식</업태>
<주메뉴>짜장면. 짬뽕</주메뉴>
<업소명>만리장성</업소명>
<주소>경기도 남양주시 진건읍 진건오남로 1</주소>
<전화번호>031-573-2006</전화번호>
</Row>
<Row>
<시도명>경기도</시도명>
<시군구명>남양주시</시군구명>
<업태>한식</업태>
<주메뉴>아구찜</주메뉴>
<업소명>해운대</업소명>
<주소>경기도 남양주시 별내5로23번길 14 (별내동)</주소>
<전화번호>031-572-2307</전화번호>
</Row>
<Row>
<시도명>경기도</시도명>
<시군구명>남양주시</시군구명>
<업태>한식</업태>
<주메뉴>해장국</주메뉴>
<업소명>별내해장국</업소명>
<주소>경기도 남양주시 두물로27번길 33 (별내동)</주소>
<전화번호>031-527-3909</전화번호>
</Row>
<Row>
<시도명>경기도</시도명>
<시군구명>남양주시</시군구명>
<업태>중식</업태>
<주메뉴>짜장. 짬뽕</주메뉴>
<업소명>고구려짬뽕10101남양주점</업소명>
<주소>경기도 남양주시 진접읍 금강로 1551</주소>
<전화번호>031-573-0733</전화번호>
</Row>
<Row>
<시도명>경기도</시도명>
<시군구명>남양주시</시군구명>
<업태>한식</업태>
<주메뉴>콩요리정식</주메뉴>
<업소명>일심본가콩요리</업소명>
<주소>경기도 남양주시 와부읍 경강로926번길 8-21.  1층</주소>
<전화번호>031-576-3733</전화번호>
</Row>
<Row>
<시도명>경기도</시도명>
<시군구명>남양주시</시군구명>
<업태>일식</업태>
<주메뉴>회</주메뉴>
<업소명>행복한바다</업소명>
<주소>경기도 남양주시 화도읍 비룡로141번길 6</주소>
<전화번호>031-511-9966</전화번호>
</Row>
<Row>
<시도명>경기도</시도명>
<시군구명>남양주시</시군구명>
<업태>양식</업태>
<주메뉴>함박스테이크. 스파게티</주메뉴>
<업소명>로드함박</업소명>
<주소>경기도 남양주시 진접읍 금강로 1551.  2층</주소>
<전화번호>031-571-7754</전화번호>
</Row>
<Row>
<시도명>경기도</시도명>
<시군구명>남양주시</시군구명>
<업태>한식</업태>
<주메뉴>돼지갈비</주메뉴>
<업소명>갈비명가풍경</업소명>
<주소>경기도 남양주시 화도읍 경춘로 1896-8</주소>
<전화번호>031-593-6878</전화번호>
</Row>
<Row>
<시도명>경기도</시도명>
<시군구명>남양주시</시군구명>
<업태>한식</업태>
<주메뉴>샤브샤브</주메뉴>
<업소명>꽃마름월남쌈샤브샤브까페</업소명>
<주소>경기도 남양주시 화도읍 맷돌로 36</주소>
<전화번호>031-593-3939</전화번호>
</Row>
<Row>
<시도명>경기도</시도명>
<시군구명>남양주시</시군구명>
<업태>한식</업태>
<주메뉴>육계장</주메뉴>
<업소명>육대장별내점</업소명>
<주소>경기도 남양주시 불암로109번길 4-18 (별내동.  프라임타워 101. 102. 103. 104호)</주소>
<전화번호>031-529-8448</전화번호>
</Row>
<Row>
<시도명>경기도</시도명>
<시군구명>남양주시</시군구명>
<업태>뷔페식</업태>
<주메뉴>뷔페</주메뉴>
<업소명>마루샤브도농/구리점</업소명>
<주소>경기도 남양주시 경춘로 426.  1층 (도농동)</주소>
<전화번호>013-551-8080</전화번호>
</Row>
<Row>
<시도명>경기도</시도명>
<시군구명>남양주시</시군구명>
<업태>뷔페식</업태>
<주메뉴>뷔페</주메뉴>
<업소명>오월뷔페</업소명>
<주소>경기도 남양주시 화도읍 경춘로 1896-8.  2층 (오월빌딩 2동)</주소>
<전화번호>031-511-6668</전화번호>
</Row>
<Row>
<시도명>경기도</시도명>
<시군구명>남양주시</시군구명>
<업태>한식</업태>
<주메뉴>소머리국밥</주메뉴>
<업소명>주식가</업소명>
<주소>경기도 남양주시 퇴계원면 경춘북로520번길 4.  1층</주소>
<전화번호>031-571-6616</전화번호>
</Row>
<Row>
<시도명>경기도</시도명>
<시군구명>남양주시</시군구명>
<업태>한식</업태>
<주메뉴>구이류</주메뉴>
<업소명>엔케이(NK) 웰빙가든</업소명>
<주소>경기도 남양주시 와부읍 덕소로 353-89</주소>
<전화번호>031-521-7334</전화번호>
</Row>
<Row>
<시도명>경기도</시도명>
<시군구명>남양주시</시군구명>
<업태>한식</업태>
<주메뉴>돼지갈비</주메뉴>
<업소명>해마루숯불갈비</업소명>
<주소>경기도 남양주시 진접읍 봉현로13번길 16.  가동 1층 (좌측1호. 2호. 3호)</주소>
<전화번호>031-527-2934</전화번호>
</Row>
<Row>
<시도명>경기도</시도명>
<시군구명>남양주시</시군구명>
<업태>한식</업태>
<주메뉴>갈비류</주메뉴>
<업소명>덕고개갈비</업소명>
<주소>경기도 남양주시 진접읍 경복대로 420.  2층</주소>
<전화번호>031-575-8173</전화번호>
</Row>
<Row>
<시도명>경기도</시도명>
<시군구명>남양주시</시군구명>
<업태>중식</업태>
<주메뉴>짬뽕. 탕수육</주메뉴>
<업소명>수타의제왕</업소명>
<주소>경기도 남양주시 오남읍 진건오남로 570.  1층</주소>
<전화번호>031-571-5980</전화번호>
</Row>
<Row>
<시도명>경기도</시도명>
<시군구명>남양주시</시군구명>
<업태>한식</업태>
<주메뉴>갈비탕</주메뉴>
<업소명>남양주축협한우명가</업소명>
<주소>경기도 남양주시 화도읍 창현로 47-1.  2층</주소>
<전화번호>031-511-8892</전화번호>
</Row>
<Row>
<시도명>경기도</시도명>
<시군구명>남양주시</시군구명>
<업태>한식</업태>
<주메뉴>함흥냉면</주메뉴>
<업소명>별앤(&amp;)</업소명>
<주소>경기도 남양주시 두물로39번길 49.  1층 (별내동)</주소>
<전화번호>031-529-1211</전화번호>
</Row>
<Row>
<시도명>경기도</시도명>
<시군구명>남양주시</시군구명>
<업태>한식</업태>
<주메뉴>약초닭백숙</주메뉴>
<업소명>심마니산약초백숙</업소명>
<주소>경기도 남양주시 와부읍 도심길 32-96</주소>
<전화번호>031-576-6000</전화번호>
</Row>
<Row>
<시도명>경기도</시도명>
<시군구명>남양주시</시군구명>
<업태>양식</업태>
<주메뉴>돈까스</주메뉴>
<업소명>돈까스클럽(진접점)</업소명>
<주소>경기도 남양주시 진접읍 해밀예당1로 8-12.  1층</주소>
<전화번호>031-528-7028</전화번호>
</Row>
<Row>
<시도명>경기도</시도명>
<시군구명>남양주시</시군구명>
<업태>뷔페식</업태>
<주메뉴>뷔페</주메뉴>
<업소명>주)가인채덕소점</업소명>
<주소>경기도 남양주시 와부읍 월문천로 33.  2층 (롯데마트덕소점)</주소>
<전화번호>031-521-5491</전화번호>
</Row>
<Row>
<시도명>경기도</시도명>
<시군구명>남양주시</시군구명>
<업태>한식</업태>
<주메뉴>해물닭찜. 매운갈비찜</주메뉴>
<업소명>칠오구의집</업소명>
<주소>경기도 남양주시 두물로39번길 36.  1층 (별내동)</주소>
<전화번호>031-573-1759</전화번호>
</Row>
<Row>
<시도명>경기도</시도명>
<시군구명>남양주시</시군구명>
<업태>뷔페식</업태>
<주메뉴>뷔페</주메뉴>
<업소명>쿠우쿠우평내호평점</업소명>
<주소>경기도 남양주시 늘을2로 32.  801호. 802호 (호평동.  호평프라자)</주소>
<전화번호>031-511-6275</전화번호>
</Row>
<Row>
<시도명>경기도</시도명>
<시군구명>남양주시</시군구명>
<업태>뷔페식</업태>
<주메뉴>뷔페</주메뉴>
<업소명>가인채 진접점</업소명>
<주소>경기도 남양주시 진접읍 금강로 1447 (홈플러스진접점 지하1층 일부)</주소>
<전화번호>031-573-8030</전화번호>
</Row>
<Row>
<시도명>경기도</시도명>
<시군구명>남양주시</시군구명>
<업태>한식</업태>
<주메뉴>한우등심</주메뉴>
<업소명>고기의잔치 별내점</업소명>
<주소>경기도 남양주시 두물로27번길 37.  1층 102.103호 (별내동.  초원타워)</주소>
<전화번호>031-571-3888</전화번호>
</Row>
<Row>
<시도명>경기도</시도명>
<시군구명>남양주시</시군구명>
<업태>한식</업태>
<주메뉴>해물탕. 아구찜</주메뉴>
<업소명>생생해물찜(진접점)</업소명>
<주소>경기도 남양주시 진접읍 해밀예당1로190번길 28-11</주소>
<전화번호>031-574-2837</전화번호>
</Row>
<Row>
<시도명>경기도</시도명>
<시군구명>남양주시</시군구명>
<업태>한식</업태>
<주메뉴>족발</주메뉴>
<업소명>청와삼대</업소명>
<주소>경기도 남양주시 불암로 25-17.  1층 (별내동)</주소>
<전화번호>031-528-0338</전화번호>
</Row>
<Row>
<시도명>경기도</시도명>
<시군구명>남양주시</시군구명>
<업태>한식</업태>
<주메뉴>돼지갈비. 등심</주메뉴>
<업소명>평창갈비</업소명>
<주소>경기도 남양주시 의안로 215.  1. 2. 3. 4층 (평내동)</주소>
<전화번호>031-592-4501</전화번호>
</Row>
<Row>
<시도명>경기도</시도명>
<시군구명>남양주시</시군구명>
<업태>한식</업태>
<주메뉴>이야기정식</주메뉴>
<업소명>청원</업소명>
<주소>경기도 남양주시 화도읍 경춘로 1773.  1층</주소>
<전화번호>031-511-8879</전화번호>
</Row>
<Row>
<시도명>경기도</시도명>
<시군구명>남양주시</시군구명>
<업태>한식</업태>
<주메뉴>소갈비살</주메뉴>
<업소명>(주)우당</업소명>
<주소>경기도 남양주시 진접읍 장현로 167.  가동 (1층전부)</주소>
<전화번호>031-574-9293</전화번호>
</Row>
<Row>
<시도명>경기도</시도명>
<시군구명>남양주시</시군구명>
<업태>한식</업태>
<주메뉴>추어탕</주메뉴>
<업소명>추오정남원추어탕</업소명>
<주소>경기도 남양주시 화도읍 묵현로 1</주소>
<전화번호>031-559-0074</전화번호>
</Row>
<Row>
<시도명>경기도</시도명>
<시군구명>남양주시</시군구명>
<업태>양식</업태>
<주메뉴>양식</주메뉴>
<업소명>쉐프의하늘정원</업소명>
<주소>경기도 남양주시 와부읍 경강로849번길 19</주소>
<전화번호>031-521-7777</전화번호>
</Row>
<Row>
<시도명>경기도</시도명>
<시군구명>남양주시</시군구명>
<업태>한식</업태>
<주메뉴>족발. 보쌈</주메뉴>
<업소명>개미들의백년족발소라속쭈꾸미</업소명>
<주소>경기도 남양주시 호평로35번길 19.  1층 (호평동)</주소>
<전화번호>031-559-6868</전화번호>
</Row>
<Row>
<시도명>경기도</시도명>
<시군구명>남양주시</시군구명>
<업태>한식</업태>
<주메뉴>쌈밥정식. 보쌈정식</주메뉴>
<업소명>푸드를사랑하는사람들의 낙원</업소명>
<주소>경기도 남양주시 진접읍 금강로1576번길 7.  1층 102. 103호</주소>
<전화번호>031-593-2881</전화번호>
</Row>
<Row>
<시도명>경기도</시도명>
<시군구명>남양주시</시군구명>
<업태>한식</업태>
<주메뉴>곤드레밥. 청국장</주메뉴>
<업소명>산채향기</업소명>
<주소>경기도 남양주시 불암로 317.  1층.  2층 (별내동)</주소>
<전화번호>031-528-8155</전화번호>
</Row>
<Row>
<시도명>경기도</시도명>
<시군구명>남양주시</시군구명>
<업태>한식</업태>
<주메뉴>보쌈. 족발</주메뉴>
<업소명>박경규항아리보쌈덕소점</업소명>
<주소>경기도 남양주시 와부읍 수레로116번길 40</주소>
<전화번호>031-521-5400</전화번호>
</Row>
<Row>
<시도명>경기도</시도명>
<시군구명>남양주시</시군구명>
<업태>한식</업태>
<주메뉴>숯불고기</주메뉴>
<업소명>금산포숯불고기</업소명>
<주소>경기도 남양주시 진접읍 해밀예당1로235번길 7.  1층</주소>
<전화번호>031-529-1901</전화번호>
</Row>
<Row>
<시도명>경기도</시도명>
<시군구명>남양주시</시군구명>
<업태>한식</업태>
<주메뉴>삼겹살. 돼지갈비</주메뉴>
<업소명>마루벌돌구이</업소명>
<주소>경기도 남양주시 화도읍 비룡로 145.  1층</주소>
<전화번호>031-511-9226</전화번호>
</Row>
<Row>
<시도명>경기도</시도명>
<시군구명>남양주시</시군구명>
<업태>한식</업태>
<주메뉴>등심. 돼지갈비</주메뉴>
<업소명>석정</업소명>
<주소>경기도 남양주시 화도읍 수레로 1105-41.  1층</주소>
<전화번호>031-595-9233</전화번호>
</Row>
<Row>
<시도명>경기도</시도명>
<시군구명>남양주시</시군구명>
<업태>한식</업태>
<주메뉴>한우구이</주메뉴>
<업소명>뚜레</업소명>
<주소>경기도 남양주시 화도읍 마치로 315</주소>
<전화번호>031-593-8980</전화번호>
</Row>
<Row>
<시도명>경기도</시도명>
<시군구명>남양주시</시군구명>
<업태>뷔페식</업태>
<주메뉴>뷔페</주메뉴>
<업소명>쿠우쿠우 별내직영점</업소명>
<주소>경기도 남양주시 별내중앙로 34 (별내동.  로뎀타워9층 일부)</주소>
<전화번호>031-574-6274</전화번호>
</Row>
<Row>
<시도명>경기도</시도명>
<시군구명>남양주시</시군구명>
<업태>한식</업태>
<주메뉴>갈비구이</주메뉴>
<업소명>수원성</업소명>
<주소>경기도 남양주시 송산로339번길 40.  1층 (별내동)</주소>
<전화번호>031-552-3355</전화번호>
</Row>
<Row>
<시도명>경기도</시도명>
<시군구명>남양주시</시군구명>
<업태>한식</업태>
<주메뉴>육개장</주메뉴>
<업소명>이화수전통육개장(다산신도시점)</업소명>
<주소>경기도 남양주시 미금로65번길 21 (도농동)</주소>
<전화번호>031-567-8700</전화번호>
</Row>
<Row>
<시도명>경기도</시도명>
<시군구명>남양주시</시군구명>
<업태>한식</업태>
<주메뉴>나능이버섯백숙</주메뉴>
<업소명>나능이버섯백숙</업소명>
<주소>경기도 남양주시 양정로 5.  1동 (일패동)</주소>
<전화번호>031-594-9959</전화번호>
</Row>
<Row>
<시도명>경기도</시도명>
<시군구명>남양주시</시군구명>
<업태>한식</업태>
<주메뉴>오리구이</주메뉴>
<업소명>하루덕</업소명>
<주소>경기도 남양주시 진접읍 장현천로76번길 4.  1층</주소>
<전화번호>031-572-9252</전화번호>
</Row>
<Row>
<시도명>경기도</시도명>
<시군구명>남양주시</시군구명>
<업태>한식</업태>
<주메뉴>돼지갈비</주메뉴>
<업소명>맷돌36숯불갈비</업소명>
<주소>경기도 남양주시 화도읍 맷돌로 36</주소>
<전화번호>031-593-1511</전화번호>
</Row>
</root>
