<?xml version="1.0" encoding="UTF-8"?>
<root>
<header>
<header>구분</header>
<header>지정일자</header>
<header>최신재지정일자</header>
<header>업소명</header>
<header>소재지_도로명_</header>
<header>소재지_지번_</header>
<header>소재지전화번호</header>
<header>주된음식</header>
<header>면적</header>
<header>행정동</header>
</header>
<Row>
<구분>재지정</구분>
<지정일자>2003-07-21</지정일자>
<최신재지정일자>2016-07-12</최신재지정일자>
<업소명>송죽</업소명>
<소재지_도로명_>경기도 용인시 처인구 양지면 양지로143번길 5-9</소재지_도로명_>
<소재지_지번_>경기도 용인시 처인구 양지면 양지리 627 - 7</소재지_지번_>
<소재지전화번호>031-338-3775</소재지전화번호>
<주된음식>갈비,등심,돼지갈비</주된음식>
<면적>119.82</면적>
<행정동>처인구 양지면</행정동>
</Row>
<Row>
<구분>재지정</구분>
<지정일자>2001-10-10</지정일자>
<최신재지정일자>2016-07-12</최신재지정일자>
<업소명>백암제일식당</업소명>
<소재지_도로명_>경기도 용인시 처인구 백암면 백암로201번길 11 (1층)</소재지_도로명_>
<소재지_지번_>경기도 용인시 처인구 백암면 백암리 449 - 2 1층</소재지_지번_>
<소재지전화번호>031-332-4608</소재지전화번호>
<주된음식>순대국</주된음식>
<면적>102.01</면적>
<행정동>처인구 백암면</행정동>
</Row>
<Row>
<구분>재지정</구분>
<지정일자>2000-07-15</지정일자>
<최신재지정일자>2016-07-12</최신재지정일자>
<업소명>중앙식당</업소명>
<소재지_도로명_>경기도 용인시 처인구 백암면 근창로 13</소재지_도로명_>
<소재지_지번_>경기도 용인시 처인구 백암면 백암리 447 - 10</소재지_지번_>
<소재지전화번호>031-333-7750</소재지전화번호>
<주된음식>순대국</주된음식>
<면적>91</면적>
<행정동>처인구 백암면</행정동>
</Row>
<Row>
<구분>재지정</구분>
<지정일자>2002-04-10</지정일자>
<최신재지정일자>2018-11-12</최신재지정일자>
<업소명>푸주옥</업소명>
<소재지_도로명_>경기도 용인시 처인구 중부대로1392번길 18-8 (김량장동)</소재지_도로명_>
<소재지_지번_>경기도 용인시 처인구 김량장동 359 - 2</소재지_지번_>
<소재지전화번호>031-335-3808</소재지전화번호>
<주된음식>도가니탕</주된음식>
<면적>190.75</면적>
<행정동>처인구 중앙동</행정동>
</Row>
<Row>
<구분>재지정</구분>
<지정일자>2003-01-24</지정일자>
<최신재지정일자>2016-07-12</최신재지정일자>
<업소명>옛터</업소명>
<소재지_도로명_>경기도 용인시 처인구 모현읍 능원로132번길 9</소재지_도로명_>
<소재지_지번_>경기도 용인시 처인구 모현읍 능원리 376</소재지_지번_>
<소재지전화번호>031-339-6630</소재지전화번호>
<주된음식>등심,안창살</주된음식>
<면적>380.06</면적>
<행정동>처인구 모현읍</행정동>
</Row>
<Row>
<구분>재지정</구분>
<지정일자>2012-08-30</지정일자>
<최신재지정일자>2018-11-12</최신재지정일자>
<업소명>대성부대고기식당</업소명>
<소재지_도로명_>경기도 용인시 처인구 금령로90번길 3-6, 1,2층 (김량장동, 외2필지)</소재지_도로명_>
<소재지_지번_>경기도 용인시 처인구 김량장동 87 - 5 1,2층 외2필지</소재지_지번_>
<소재지전화번호>031-335-3486</소재지전화번호>
<주된음식>부대찌개</주된음식>
<면적>327.4</면적>
<행정동>처인구 중앙동</행정동>
</Row>
<Row>
<구분>재지정</구분>
<지정일자>1996-07-20</지정일자>
<최신재지정일자>2018-11-12</최신재지정일자>
<업소명>장수집</업소명>
<소재지_도로명_>경기도 용인시 처인구 이동읍 경기동로1024번길 54</소재지_도로명_>
<소재지_지번_>경기도 용인시 처인구 이동읍 어비리 209 - 1</소재지_지번_>
<소재지전화번호>031-336-7304</소재지전화번호>
<주된음식>붕어찜</주된음식>
<면적>121.26</면적>
<행정동>처인구 이동읍</행정동>
</Row>
<Row>
<구분>재지정</구분>
<지정일자>1996-07-20</지정일자>
<최신재지정일자>2016-07-12</최신재지정일자>
<업소명>고박사냉면</업소명>
<소재지_도로명_>경기도 용인시 처인구 양지면 중부대로 1934-2</소재지_도로명_>
<소재지_지번_>경기도 용인시 처인구 양지면 송문리 151</소재지_지번_>
<소재지전화번호>031-332-1423</소재지전화번호>
<주된음식>냉면</주된음식>
<면적>395.09</면적>
<행정동>처인구 양지면</행정동>
</Row>
<Row>
<구분>재지정</구분>
<지정일자>1996-07-20</지정일자>
<최신재지정일자>2018-11-12</최신재지정일자>
<업소명>한가람</업소명>
<소재지_도로명_>경기도 용인시 처인구 포곡읍 에버랜드로 199</소재지_도로명_>
<소재지_지번_>경기도 용인시 처인구 포곡읍 가실리 148</소재지_지번_>
<소재지전화번호>031-320-8264</소재지전화번호>
<주된음식>한식</주된음식>
<면적>735</면적>
<행정동>처인구 포곡읍</행정동>
</Row>
<Row>
<구분>재지정</구분>
<지정일자>2003-07-21</지정일자>
<최신재지정일자>2016-07-12</최신재지정일자>
<업소명>풍미정식당</업소명>
<소재지_도로명_>경기도 용인시 처인구 모현읍 능원로 72</소재지_도로명_>
<소재지_지번_>경기도 용인시 처인구 모현읍 능원리 327</소재지_지번_>
<소재지전화번호>031-339-3139</소재지전화번호>
<주된음식>백숙</주된음식>
<면적>188.08</면적>
<행정동>처인구 모현읍</행정동>
</Row>
<Row>
<구분>재지정</구분>
<지정일자>2011-12-29</지정일자>
<최신재지정일자>2016-07-12</최신재지정일자>
<업소명>우림개발(주)용인상휴게소(한식)</업소명>
<소재지_도로명_>경기도 용인시 처인구 주북로 66-16 (고림동)</소재지_도로명_>
<소재지_지번_>경기도 용인시 처인구 고림동 89</소재지_지번_>
<소재지전화번호>031-339-3660</소재지전화번호>
<주된음식>우동, 한정식</주된음식>
<면적>289.86</면적>
<행정동>처인구 유림동</행정동>
</Row>
<Row>
<구분>재지정</구분>
<지정일자>2011-12-29</지정일자>
<최신재지정일자>2016-07-12</최신재지정일자>
<업소명>우림개발(주)용인하휴게소(한식)</업소명>
<소재지_도로명_>경기도 용인시 처인구 주북로94번길 30-1 (고림동)</소재지_도로명_>
<소재지_지번_>경기도 용인시 처인구 고림동 11</소재지_지번_>
<소재지전화번호>031-339-3663</소재지전화번호>
<주된음식>우동,한정식</주된음식>
<면적>283.13</면적>
<행정동>처인구 유림동</행정동>
</Row>
<Row>
<구분>재지정</구분>
<지정일자>1998-02-04</지정일자>
<최신재지정일자>2018-11-12</최신재지정일자>
<업소명>뜰안애</업소명>
<소재지_도로명_>경기도 용인시 처인구 이동읍 백옥대로 805-18</소재지_도로명_>
<소재지_지번_>경기도 용인시 처인구 이동읍 천리 515 - 2</소재지_지번_>
<소재지전화번호>031-334-7493</소재지전화번호>
<주된음식>갈비, 정식</주된음식>
<면적>416</면적>
<행정동>처인구 이동읍</행정동>
</Row>
<Row>
<구분>재지정</구분>
<지정일자>1999-09-30</지정일자>
<최신재지정일자>2018-11-12</최신재지정일자>
<업소명>뜨락</업소명>
<소재지_도로명_>경기도 용인시 처인구 이동읍 이원로 209</소재지_도로명_>
<소재지_지번_>경기도 용인시 처인구 이동읍 묵리 751 - 5</소재지_지번_>
<소재지전화번호>031-334-7755</소재지전화번호>
<주된음식>영양밥</주된음식>
<면적>188.06</면적>
<행정동>처인구 이동읍</행정동>
</Row>
<Row>
<구분>재지정</구분>
<지정일자>2001-03-19</지정일자>
<최신재지정일자>2018-04-03</최신재지정일자>
<업소명>돈가네옛날김치돼지찌개 백암점</업소명>
<소재지_도로명_>경기도 용인시 처인구 백암면 백암로 175</소재지_도로명_>
<소재지_지번_>경기도 용인시 처인구 백암면 백암리 501</소재지_지번_>
<소재지전화번호>031-332-4023</소재지전화번호>
<주된음식>김치찌개, 삼겹살 등</주된음식>
<면적>112.45</면적>
<행정동>처인구 백암면</행정동>
</Row>
<Row>
<구분>재지정</구분>
<지정일자>2002-04-10</지정일자>
<최신재지정일자>2016-07-12</최신재지정일자>
<업소명>(주)신촌댁식품</업소명>
<소재지_도로명_>경기도 용인시 처인구 원삼면 죽양대로 1774 (2층)</소재지_도로명_>
<소재지_지번_>경기도 용인시 처인구 원삼면 맹리 559 - 5 2층</소재지_지번_>
<소재지전화번호>031-339-3737</소재지전화번호>
<주된음식>설렁탕</주된음식>
<면적>282.72</면적>
<행정동>처인구 원삼면</행정동>
</Row>
<Row>
<구분>재지정</구분>
<지정일자>2007-06-19</지정일자>
<최신재지정일자>2018-11-12</최신재지정일자>
<업소명>한우정</업소명>
<소재지_도로명_>경기도 용인시 처인구 중부대로1676번길 12 (마평동)</소재지_도로명_>
<소재지_지번_>경기도 용인시 처인구 마평동 249 - 2</소재지_지번_>
<소재지전화번호>031-335-4425</소재지전화번호>
<주된음식>등심,갈비살</주된음식>
<면적>66.13</면적>
<행정동>처인구 동부동</행정동>
</Row>
<Row>
<구분>재지정</구분>
<지정일자>2003-07-21</지정일자>
<최신재지정일자>2018-11-12</최신재지정일자>
<업소명>두부고을</업소명>
<소재지_도로명_>경기도 용인시 처인구 남사면 경기동로 13</소재지_도로명_>
<소재지_지번_>경기도 용인시 처인구 남사면 통삼리 634 - 7</소재지_지번_>
<소재지전화번호>031-333-5767</소재지전화번호>
<주된음식>두부정식</주된음식>
<면적>176.83</면적>
<행정동>처인구 남사면</행정동>
</Row>
<Row>
<구분>재지정</구분>
<지정일자>1998-02-04</지정일자>
<최신재지정일자>2016-07-12</최신재지정일자>
<업소명>청룡</업소명>
<소재지_도로명_>경기도 용인시 처인구 원삼면 보개원삼로 1624</소재지_도로명_>
<소재지_지번_>경기도 용인시 처인구 원삼면 죽능리 236</소재지_지번_>
<소재지전화번호>031-334-9258</소재지전화번호>
<주된음식>자라요리</주된음식>
<면적>134.52</면적>
<행정동>처인구 원삼면</행정동>
</Row>
<Row>
<구분>재지정</구분>
<지정일자>1999-09-30</지정일자>
<최신재지정일자>2018-11-12</최신재지정일자>
<업소명>알파인레스토랑(Alpine Food Fair)</업소명>
<소재지_도로명_>경기도 용인시 처인구 포곡읍 에버랜드로 199</소재지_도로명_>
<소재지_지번_>경기도 용인시 처인구 포곡읍 전대리 157 - 20</소재지_지번_>
<소재지전화번호>031-320-8267</소재지전화번호>
<주된음식>스파게티</주된음식>
<면적>1861.01</면적>
<행정동>처인구 포곡읍</행정동>
</Row>
<Row>
<구분>재지정</구분>
<지정일자>1999-09-30</지정일자>
<최신재지정일자>2018-11-12</최신재지정일자>
<업소명>오리엔탈 레스토랑(ORIENTAL Restaurant)</업소명>
<소재지_도로명_>경기도 용인시 처인구 포곡읍 에버랜드로 199</소재지_도로명_>
<소재지_지번_>경기도 용인시 처인구 포곡읍 전대리 519 - 19</소재지_지번_>
<소재지전화번호>031-330-3142</소재지전화번호>
<주된음식>국수</주된음식>
<면적>1142.52</면적>
<행정동>처인구 포곡읍</행정동>
</Row>
<Row>
<구분>재지정</구분>
<지정일자>2002-04-10</지정일자>
<최신재지정일자>2016-01-29</최신재지정일자>
<업소명>본가장수촌</업소명>
<소재지_도로명_>경기도 용인시 처인구 모현읍 능원로 31</소재지_도로명_>
<소재지_지번_>경기도 용인시 처인구 모현읍 능원리 264</소재지_지번_>
<소재지전화번호>031-337-2888</소재지전화번호>
<주된음식>백숙</주된음식>
<면적>145.58</면적>
<행정동>처인구 모현읍</행정동>
</Row>
<Row>
<구분>재지정</구분>
<지정일자>2005-07-18</지정일자>
<최신재지정일자>2016-07-12</최신재지정일자>
<업소명>외할머니집(용인점)</업소명>
<소재지_도로명_>경기도 용인시 처인구 모현읍 오포로 97-1</소재지_도로명_>
<소재지_지번_>경기도 용인시 처인구 모현읍 능원리 16 - 3</소재지_지번_>
<소재지전화번호>031-339-8849</소재지전화번호>
<주된음식>한정식</주된음식>
<면적>190</면적>
<행정동>처인구 모현읍</행정동>
</Row>
<Row>
<구분>재지정</구분>
<지정일자>2001-10-10</지정일자>
<최신재지정일자>2018-11-12</최신재지정일자>
<업소명>맛고을</업소명>
<소재지_도로명_>경기도 용인시 처인구 이동읍 이원로 201</소재지_도로명_>
<소재지_지번_>경기도 용인시 처인구 이동읍 묵리 897 - 1</소재지_지번_>
<소재지전화번호>031-333-5075</소재지전화번호>
<주된음식>생선구이</주된음식>
<면적>171.48</면적>
<행정동>처인구 이동읍</행정동>
</Row>
<Row>
<구분>재지정</구분>
<지정일자>2012-08-30</지정일자>
<최신재지정일자>2016-07-12</최신재지정일자>
<업소명>행복한마당</업소명>
<소재지_도로명_>경기도 용인시 처인구 양지면 중부대로 2065-9</소재지_도로명_>
<소재지_지번_>경기도 용인시 처인구 양지면 양지리 790 - 3</소재지_지번_>
<소재지전화번호>031-321-7800</소재지전화번호>
<주된음식>한정식</주된음식>
<면적>192.79</면적>
<행정동>처인구 양지면</행정동>
</Row>
<Row>
<구분>지정</구분>
<지정일자>2017-12-21</지정일자>
<최신재지정일자>2017-12-21</최신재지정일자>
<업소명>호가(Hogar)</업소명>
<소재지_도로명_>경기도 용인시 처인구 포곡읍 성산로 670 (1층)</소재지_도로명_>
<소재지_지번_>경기도 용인시 처인구 포곡읍 전대리 340 1층</소재지_지번_>
<소재지전화번호>031-338-2728</소재지전화번호>
<주된음식>불고기</주된음식>
<면적>99</면적>
<행정동>처인구 포곡읍</행정동>
</Row>
<Row>
<구분>재지정</구분>
<지정일자>1998-02-04</지정일자>
<최신재지정일자>2016-07-12</최신재지정일자>
<업소명>주식회사시골농장가든</업소명>
<소재지_도로명_>경기도 용인시 처인구 양지면 한터로 690</소재지_도로명_>
<소재지_지번_>경기도 용인시 처인구 양지면 대대리 765</소재지_지번_>
<소재지전화번호>031-339-6600</소재지전화번호>
<주된음식>오리백숙</주된음식>
<면적>199.8</면적>
<행정동>처인구 양지면</행정동>
</Row>
<Row>
<구분>재지정</구분>
<지정일자>2002-04-10</지정일자>
<최신재지정일자>2016-07-12</최신재지정일자>
<업소명>자작나무이야기</업소명>
<소재지_도로명_>경기도 용인시 처인구 양지면 대대로 302</소재지_도로명_>
<소재지_지번_>경기도 용인시 처인구 양지면 대대리 20</소재지_지번_>
<소재지전화번호>031-332-3928</소재지전화번호>
<주된음식>돈까스, 스테이크, 황태정식</주된음식>
<면적>185.76</면적>
<행정동>처인구 양지면</행정동>
</Row>
<Row>
<구분>재지정</구분>
<지정일자>2002-04-10</지정일자>
<최신재지정일자>2016-03-08</최신재지정일자>
<업소명>약산흑염소</업소명>
<소재지_도로명_>경기도 용인시 처인구 양지면 남평로 106-1 (1층)</소재지_도로명_>
<소재지_지번_>경기도 용인시 처인구 양지면 남곡리 102 - 1 1층</소재지_지번_>
<소재지전화번호>031-338-5155</소재지전화번호>
<주된음식>염소탕,전골</주된음식>
<면적>162</면적>
<행정동>처인구 양지면</행정동>
</Row>
<Row>
<구분>재지정</구분>
<지정일자>2000-07-15</지정일자>
<최신재지정일자>2018-11-12</최신재지정일자>
<업소명>늘봄공원</업소명>
<소재지_도로명_>경기도 용인시 처인구 이동읍 백옥대로 500</소재지_도로명_>
<소재지_지번_>경기도 용인시 처인구 이동읍 덕성리 584 - 15</소재지_지번_>
<소재지전화번호>031-333-2990</소재지전화번호>
<주된음식>등심</주된음식>
<면적>128.42</면적>
<행정동>처인구 이동읍</행정동>
</Row>
<Row>
<구분>재지정</구분>
<지정일자>2002-04-10</지정일자>
<최신재지정일자>2018-11-12</최신재지정일자>
<업소명>주식회사엠스윙(포시즌)</업소명>
<소재지_도로명_>경기도 용인시 처인구 백옥대로 1311 (유방동)</소재지_도로명_>
<소재지_지번_>경기도 용인시 처인구 유방동 107 - 3</소재지_지번_>
<소재지전화번호>031-322-4588</소재지전화번호>
<주된음식>자장면, 짬뽕</주된음식>
<면적>836.61</면적>
<행정동>처인구 유림동</행정동>
</Row>
<Row>
<구분>재지정</구분>
<지정일자>2002-04-10</지정일자>
<최신재지정일자>2016-07-12</최신재지정일자>
<업소명>대원생고기전문점</업소명>
<소재지_도로명_>경기도 용인시 처인구 용문로 82 (역북동,(지층,1층,2층))</소재지_도로명_>
<소재지_지번_>경기도 용인시 처인구 역북동 482 (지층,1층,2층)</소재지_지번_>
<소재지전화번호>031-337-2770</소재지전화번호>
<주된음식>등심,삼겹살</주된음식>
<면적>307.15</면적>
<행정동>처인구 역삼동</행정동>
</Row>
<Row>
<구분>재지정</구분>
<지정일자>2004-06-24</지정일자>
<최신재지정일자>2016-07-12</최신재지정일자>
<업소명>무안막갈비</업소명>
<소재지_도로명_>경기도 용인시 처인구 모현읍 백옥대로2186번길 11</소재지_도로명_>
<소재지_지번_>경기도 용인시 처인구 모현읍 갈담리 393 - 10</소재지_지번_>
<소재지전화번호>031-322-3492</소재지전화번호>
<주된음식>갈비</주된음식>
<면적>134.25</면적>
<행정동>처인구 모현읍</행정동>
</Row>
<Row>
<구분>재지정</구분>
<지정일자>2003-01-24</지정일자>
<최신재지정일자>2018-11-12</최신재지정일자>
<업소명>황순옥옛날감자탕</업소명>
<소재지_도로명_>경기도 용인시 처인구 포곡읍 전대로 24</소재지_도로명_>
<소재지_지번_>경기도 용인시 처인구 포곡읍 전대리 130 - 1</소재지_지번_>
<소재지전화번호>031-322-0405</소재지전화번호>
<주된음식>한방감자탕</주된음식>
<면적>72.25</면적>
<행정동>처인구 포곡읍</행정동>
</Row>
<Row>
<구분>재지정</구분>
<지정일자>2011-07-25</지정일자>
<최신재지정일자>2019-04-03</최신재지정일자>
<업소명>돈까스클럽용인시청점</업소명>
<소재지_도로명_>경기도 용인시 처인구 중부대로 1116 (삼가동,1층)</소재지_도로명_>
<소재지_지번_>경기도 용인시 처인구 삼가동 195 - 16 1층</소재지_지번_>
<소재지전화번호>031-335-7322</소재지전화번호>
<주된음식>돈까스</주된음식>
<면적>321.5</면적>
<행정동>처인구 역삼동</행정동>
</Row>
<Row>
<구분>재지정</구분>
<지정일자>2004-06-24</지정일자>
<최신재지정일자>2017-11-12</최신재지정일자>
<업소명>궁촌</업소명>
<소재지_도로명_>경기도 용인시 처인구 지삼로 475 (삼가동)</소재지_도로명_>
<소재지_지번_>경기도 용인시 처인구 삼가동 392</소재지_지번_>
<소재지전화번호>031-321-0523</소재지전화번호>
<주된음식>한정식</주된음식>
<면적>101.18</면적>
<행정동>처인구 역삼동</행정동>
</Row>
<Row>
<구분>재지정</구분>
<지정일자>2004-06-24</지정일자>
<최신재지정일자>2016-07-12</최신재지정일자>
<업소명>교동두부</업소명>
<소재지_도로명_>경기도 용인시 처인구 양지면 양대로 37</소재지_도로명_>
<소재지_지번_>경기도 용인시 처인구 양지면 양지리 451 - 1</소재지_지번_>
<소재지전화번호>031-321-3332</소재지전화번호>
<주된음식>한정식, 두부</주된음식>
<면적>104.73</면적>
<행정동>처인구 양지면</행정동>
</Row>
<Row>
<구분>재지정</구분>
<지정일자>2005-07-18</지정일자>
<최신재지정일자>2018-11-12</최신재지정일자>
<업소명>학마루</업소명>
<소재지_도로명_>경기도 용인시 처인구 용인대학로 96 (역북동)</소재지_도로명_>
<소재지_지번_>경기도 용인시 처인구 역북동 551 - 9</소재지_지번_>
<소재지전화번호>031-321-1201</소재지전화번호>
<주된음식>닭볶음탕,백숙</주된음식>
<면적>167.89</면적>
<행정동>처인구 역삼동</행정동>
</Row>
<Row>
<구분>재지정</구분>
<지정일자>2008-01-07</지정일자>
<최신재지정일자>2018-10-08</최신재지정일자>
<업소명>대가해신탕</업소명>
<소재지_도로명_>경기도 용인시 처인구 이동읍 이원로 219</소재지_도로명_>
<소재지_지번_>경기도 용인시 처인구 이동읍 묵리 739 - 6</소재지_지번_>
<소재지전화번호>031-332-2913</소재지전화번호>
<주된음식>민물매운탕, 참게매운탕</주된음식>
<면적>116.79</면적>
<행정동>처인구 이동읍</행정동>
</Row>
<Row>
<구분>재지정</구분>
<지정일자>2012-08-30</지정일자>
<최신재지정일자>2018-11-12</최신재지정일자>
<업소명>솔밭</업소명>
<소재지_도로명_>경기도 용인시 처인구 이동읍 경기동로675번길 7 (외 1필지)</소재지_도로명_>
<소재지_지번_>경기도 용인시 처인구 이동읍 송전리 750 외 1필지</소재지_지번_>
<소재지전화번호>031-323-3392</소재지전화번호>
<주된음식>흑돼지,오리</주된음식>
<면적>169.93</면적>
<행정동>처인구 이동읍</행정동>
</Row>
<Row>
<구분>지정</구분>
<지정일자>2018-11-01</지정일자>
<최신재지정일자>2018-11-01</최신재지정일자>
<업소명>눈꽃참치</업소명>
<소재지_도로명_>경기도 용인시 처인구 금령로71번길 9, 2층 (김량장동)</소재지_도로명_>
<소재지_지번_>경기도 용인시 처인구 김량장동 254 - 364 신라빌딩, 2층</소재지_지번_>
<소재지전화번호>031-321-5234</소재지전화번호>
<주된음식>참치회</주된음식>
<면적>141.09</면적>
<행정동>처인구 중앙동</행정동>
</Row>
<Row>
<구분>재지정</구분>
<지정일자>2008-01-07</지정일자>
<최신재지정일자>2018-11-12</최신재지정일자>
<업소명>도둑골화로구이</업소명>
<소재지_도로명_>경기도 용인시 처인구 포곡읍 포곡로117번길 23, 1,2층</소재지_도로명_>
<소재지_지번_>경기도 용인시 처인구 포곡읍 둔전리 167 - 2 1,2층</소재지_지번_>
<소재지전화번호>031-322-5292</소재지전화번호>
<주된음식>돼지갈비</주된음식>
<면적>224.81</면적>
<행정동>처인구 포곡읍</행정동>
</Row>
<Row>
<구분>재지정</구분>
<지정일자>2009-09-11</지정일자>
<최신재지정일자>2018-11-12</최신재지정일자>
<업소명>본수원갈비(용인점)</업소명>
<소재지_도로명_>경기도 용인시 처인구 중부대로 1387 (김량장동, 1층, 2층 일부, 3층)</소재지_도로명_>
<소재지_지번_>경기도 용인시 처인구 김량장동 329 - 7 1층, 2층 일부, 3층</소재지_지번_>
<소재지전화번호>031-338-8434</소재지전화번호>
<주된음식>갈비</주된음식>
<면적>1016.36</면적>
<행정동>처인구 중앙동</행정동>
</Row>
<Row>
<구분>재지정</구분>
<지정일자>2012-08-30</지정일자>
<최신재지정일자>2018-11-12</최신재지정일자>
<업소명>횡성한우타운&amp;오리전문점</업소명>
<소재지_도로명_>경기도 용인시 처인구 남사면 통삼로 507</소재지_도로명_>
<소재지_지번_>경기도 용인시 처인구 남사면 통삼리 607</소재지_지번_>
<소재지전화번호>031-338-9922</소재지전화번호>
<주된음식>한우모듬</주된음식>
<면적>313.25</면적>
<행정동>처인구 남사면</행정동>
</Row>
<Row>
<구분>재지정</구분>
<지정일자>2012-08-30</지정일자>
<최신재지정일자>2018-11-12</최신재지정일자>
<업소명>들꽃</업소명>
<소재지_도로명_>경기도 용인시 처인구 이동읍 백자로156번길 19</소재지_도로명_>
<소재지_지번_>경기도 용인시 처인구 이동읍 서리 626</소재지_지번_>
<소재지전화번호>031-321-1122</소재지전화번호>
<주된음식>한정식</주된음식>
<면적>180.82</면적>
<행정동>처인구 이동읍</행정동>
</Row>
<Row>
<구분>재지정</구분>
<지정일자>2010-06-22</지정일자>
<최신재지정일자>2018-11-12</최신재지정일자>
<업소명>봉화한약우가든</업소명>
<소재지_도로명_>경기도 용인시 처인구 경안천로 14 (마평동,외2필지2층)</소재지_도로명_>
<소재지_지번_>경기도 용인시 처인구 마평동 892 외2필지2층</소재지_지번_>
<소재지전화번호>031-321-7898</소재지전화번호>
<주된음식>등심, 갈매기살</주된음식>
<면적>252.52</면적>
<행정동>처인구 동부동</행정동>
</Row>
<Row>
<구분>재지정</구분>
<지정일자>2011-07-25</지정일자>
<최신재지정일자>2018-11-12</최신재지정일자>
<업소명>삼보추어탕</업소명>
<소재지_도로명_>경기도 용인시 처인구 중부대로 1116 (삼가동,외1필지 지1층)</소재지_도로명_>
<소재지_지번_>경기도 용인시 처인구 삼가동 195 - 16 외1필지 지1층</소재지_지번_>
<소재지전화번호>031-334-5580</소재지전화번호>
<주된음식>추어탕</주된음식>
<면적>277.42</면적>
<행정동>처인구 역삼동</행정동>
</Row>
<Row>
<구분>지정</구분>
<지정일자>2017-12-21</지정일자>
<최신재지정일자>2017-12-21</최신재지정일자>
<업소명>신촌설렁탕</업소명>
<소재지_도로명_>경기도 용인시 처인구 포곡읍 성산로692번길 16, 1층 (외3필지)</소재지_도로명_>
<소재지_지번_>경기도 용인시 처인구 포곡읍 전대리 325 - 7 외3필지 1층</소재지_지번_>
<소재지전화번호>031-321-4480</소재지전화번호>
<주된음식>설렁탕</주된음식>
<면적>95.86</면적>
<행정동>처인구 포곡읍</행정동>
</Row>
<Row>
<구분>재지정</구분>
<지정일자>2011-12-29</지정일자>
<최신재지정일자>2018-11-12</최신재지정일자>
<업소명>칡냉면전문점 설봄</업소명>
<소재지_도로명_>경기도 용인시 처인구 명지로 317 (남동,외1필지 2층)</소재지_도로명_>
<소재지_지번_>경기도 용인시 처인구 남동 618 - 1 외1필지 2층</소재지_지번_>
<소재지전화번호>031-322-9993</소재지전화번호>
<주된음식>칡냉명, 만두국</주된음식>
<면적>275.45</면적>
<행정동>처인구 중앙동</행정동>
</Row>
<Row>
<구분>재지정</구분>
<지정일자>2012-08-30</지정일자>
<최신재지정일자>2018-11-12</최신재지정일자>
<업소명>터</업소명>
<소재지_도로명_>경기도 용인시 처인구 이동읍 백자로156번길 23 (외2필지 1층)</소재지_도로명_>
<소재지_지번_>경기도 용인시 처인구 이동읍 서리 627 외2필지 1층</소재지_지번_>
<소재지전화번호>031-338-3823</소재지전화번호>
<주된음식>한정식</주된음식>
<면적>113.18</면적>
<행정동>처인구 이동읍</행정동>
</Row>
<Row>
<구분>지정</구분>
<지정일자>2017-12-21</지정일자>
<최신재지정일자>2017-12-21</최신재지정일자>
<업소명>(주)갈비명가소들녘</업소명>
<소재지_도로명_>경기도 용인시 처인구 양지면 양지로 242, 1,2층 (외1필지)</소재지_도로명_>
<소재지_지번_>경기도 용인시 처인구 양지면 양지리 186 - 1 1,2층 외1필지</소재지_지번_>
<소재지전화번호>031-322-3922</소재지전화번호>
<주된음식>갈비</주된음식>
<면적>951.6</면적>
<행정동>처인구 양지면</행정동>
</Row>
<Row>
<구분>재지정</구분>
<지정일자>2015-04-30</지정일자>
<최신재지정일자>2018-11-12</최신재지정일자>
<업소명>김남희한우</업소명>
<소재지_도로명_>경기도 용인시 처인구 용인대학로 98, 2층 (역북동)</소재지_도로명_>
<소재지_지번_>경기도 용인시 처인구 역북동 551 - 28 2층</소재지_지번_>
<소재지전화번호/>
<주된음식>갈비탕, 육회비빔밥</주된음식>
<면적>137.16</면적>
<행정동>처인구 역삼동</행정동>
</Row>
<Row>
<구분>재지정</구분>
<지정일자>2017-01-09</지정일자>
<최신재지정일자>2018-11-12</최신재지정일자>
<업소명>이향가든</업소명>
<소재지_도로명_>경기도 용인시 처인구 지삼로 508 (삼가동)</소재지_도로명_>
<소재지_지번_>경기도 용인시 처인구 삼가동 323 - 1</소재지_지번_>
<소재지전화번호>031-322-2917</소재지전화번호>
<주된음식>백숙,삼계탕</주된음식>
<면적>165.6</면적>
<행정동>처인구 역삼동</행정동>
</Row>
<Row>
<구분>재지정</구분>
<지정일자>2015-04-30</지정일자>
<최신재지정일자>2018-11-12</최신재지정일자>
<업소명>대덕골보쌈칼국수</업소명>
<소재지_도로명_>경기도 용인시 처인구 금령로71번길 16 (김량장동)</소재지_도로명_>
<소재지_지번_>경기도 용인시 처인구 김량장동 254 - 369 외1필지</소재지_지번_>
<소재지전화번호>031-335-0201</소재지전화번호>
<주된음식>보쌈, 칼국수</주된음식>
<면적>213</면적>
<행정동>처인구 중앙동</행정동>
</Row>
<Row>
<구분>재지정</구분>
<지정일자>2015-10-02</지정일자>
<최신재지정일자>2018-11-12</최신재지정일자>
<업소명>쌈천리</업소명>
<소재지_도로명_>경기도 용인시 처인구 이동읍 이원로 6</소재지_도로명_>
<소재지_지번_>경기도 용인시 처인구 이동읍 천리 252 - 7</소재지_지번_>
<소재지전화번호>031-334-3839</소재지전화번호>
<주된음식>쌈정식</주된음식>
<면적>154.38</면적>
<행정동>처인구 이동읍</행정동>
</Row>
<Row>
<구분>지정</구분>
<지정일자>2016-09-26</지정일자>
<최신재지정일자>2016-09-26</최신재지정일자>
<업소명>메이홍</업소명>
<소재지_도로명_>경기도 용인시 처인구 양지면 한터로 690 (A동 1~2층, C동, D동, E동, F동, G동, H동, I동, J동)</소재지_도로명_>
<소재지_지번_>경기도 용인시 처인구 양지면 대대리 765 A동 1~2층, C동, D동, E동, F동, G동, H동, I동, J동</소재지_지번_>
<소재지전화번호/>
<주된음식>짜장면, 짬뽕</주된음식>
<면적>475.29</면적>
<행정동>처인구 양지면</행정동>
</Row>
<Row>
<구분>지정</구분>
<지정일자>2017-12-21</지정일자>
<최신재지정일자>2017-12-21</최신재지정일자>
<업소명>본가왕뼈감자탕</업소명>
<소재지_도로명_>경기도 용인시 처인구 중부대로 1403 (김량장동, 1층 일부, 외1필지)</소재지_도로명_>
<소재지_지번_>경기도 용인시 처인구 김량장동 336 - 10 1층 일부, 외1필지</소재지_지번_>
<소재지전화번호/>
<주된음식>감자탕</주된음식>
<면적>389.4</면적>
<행정동>처인구 중앙동</행정동>
</Row>
<Row>
<구분>지정</구분>
<지정일자>2017-12-21</지정일자>
<최신재지정일자>2017-12-21</최신재지정일자>
<업소명>명가</업소명>
<소재지_도로명_>경기도 용인시 처인구 포곡읍 포곡로272번길 19-6 (1층, 외1필지)</소재지_도로명_>
<소재지_지번_>경기도 용인시 처인구 포곡읍 삼계리 544 - 1 1층, 외1필지</소재지_지번_>
<소재지전화번호/>
<주된음식>코다리찜</주된음식>
<면적>181.44</면적>
<행정동>처인구 포곡읍</행정동>
</Row>
<Row>
<구분>지정</구분>
<지정일자>2017-12-21</지정일자>
<최신재지정일자>2017-12-21</최신재지정일자>
<업소명>송정누룽지백숙</업소명>
<소재지_도로명_>경기도 용인시 처인구 포곡읍 에버랜드로 74 (1층 일부, 외1필지)</소재지_도로명_>
<소재지_지번_>경기도 용인시 처인구 포곡읍 전대리 102 - 2 1층 일부, 외1필지</소재지_지번_>
<소재지전화번호>031-336-0294</소재지전화번호>
<주된음식>누룽지백숙</주된음식>
<면적>288</면적>
<행정동>처인구 포곡읍</행정동>
</Row>
<Row>
<구분>지정</구분>
<지정일자>2018-11-01</지정일자>
<최신재지정일자>2018-11-01</최신재지정일자>
<업소명>내린천민물매운탕</업소명>
<소재지_도로명_>경기도 용인시 처인구 백령로 2-1, 1층 (유방동)</소재지_도로명_>
<소재지_지번_>경기도 용인시 처인구 유방동 641</소재지_지번_>
<소재지전화번호>031-338-1088</소재지전화번호>
<주된음식>매운탕 등</주된음식>
<면적>146.14</면적>
<행정동>처인구 유림동</행정동>
</Row>
<Row>
<구분>지정</구분>
<지정일자>2018-11-01</지정일자>
<최신재지정일자>2018-11-01</최신재지정일자>
<업소명>대가원(용인점)</업소명>
<소재지_도로명_>경기도 용인시 처인구 이동읍 백옥대로 861, 1층</소재지_도로명_>
<소재지_지번_>경기도 용인시 처인구 이동읍 천리 506 - 5 1층</소재지_지번_>
<소재지전화번호/>
<주된음식>한우등심, 갈비탕, 냉면 등</주된음식>
<면적>432</면적>
<행정동>처인구 이동읍</행정동>
</Row>
<Row>
<구분>지정</구분>
<지정일자>2018-11-01</지정일자>
<최신재지정일자>2018-11-01</최신재지정일자>
<업소명>아함흥냉면</업소명>
<소재지_도로명_>경기도 용인시 처인구 명지로55번길 17-1, 1층 (역북동)</소재지_도로명_>
<소재지_지번_>경기도 용인시 처인구 역북동 586 - 9 1층 일부</소재지_지번_>
<소재지전화번호>031-335-7712</소재지전화번호>
<주된음식>냉면, 갈비탕 등</주된음식>
<면적>179.27</면적>
<행정동>처인구 역삼동</행정동>
</Row>
<Row>
<구분>지정</구분>
<지정일자>2018-11-01</지정일자>
<최신재지정일자>2018-11-01</최신재지정일자>
<업소명>해원일식</업소명>
<소재지_도로명_>경기도 용인시 처인구 낙은로 138, 1층 (역북동)</소재지_도로명_>
<소재지_지번_>경기도 용인시 처인구 역북동 214 - 3 1층</소재지_지번_>
<소재지전화번호>031-336-7717</소재지전화번호>
<주된음식>생선회, 매운탕 등</주된음식>
<면적>154.08</면적>
<행정동>처인구 역삼동</행정동>
</Row>
<Row>
<구분>재지정</구분>
<지정일자>2013-08-01</지정일자>
<최신재지정일자>2018-11-12</최신재지정일자>
<업소명>로타리가든</업소명>
<소재지_도로명_>경기도 용인시 기흥구 백남준로 47 (상갈동,(1,2층))</소재지_도로명_>
<소재지_지번_>경기도 용인시 기흥구 상갈동 143 - 1 (1,2층)</소재지_지번_>
<소재지전화번호>031-285-5030</소재지전화번호>
<주된음식>소갈비</주된음식>
<면적>407.56</면적>
<행정동>기흥구 상갈동</행정동>
</Row>
<Row>
<구분>재지정</구분>
<지정일자>1999-09-30</지정일자>
<최신재지정일자>2018-11-12</최신재지정일자>
<업소명>옛고향촌</업소명>
<소재지_도로명_>경기도 용인시 기흥구 갈천로7번길 63-4 (신갈동)</소재지_도로명_>
<소재지_지번_>경기도 용인시 기흥구 신갈동 69 - 12</소재지_지번_>
<소재지전화번호>031-283-7788</소재지전화번호>
<주된음식>우거지갈비탕</주된음식>
<면적>231</면적>
<행정동>기흥구 신갈동</행정동>
</Row>
<Row>
<구분>재지정</구분>
<지정일자>2011-12-20</지정일자>
<최신재지정일자>2016-07-12</최신재지정일자>
<업소명>농우본수원갈비</업소명>
<소재지_도로명_>경기도 용인시 기흥구 흥덕4로15번길 8 (영덕동, 지층,1층,2층)</소재지_도로명_>
<소재지_지번_>경기도 용인시 기흥구 영덕동 1105 - 3 지층,1층,2층</소재지_지번_>
<소재지전화번호>031-283-0771</소재지전화번호>
<주된음식>숯불소갈비</주된음식>
<면적>1202.11</면적>
<행정동>기흥구 영덕동</행정동>
</Row>
<Row>
<구분>재지정</구분>
<지정일자>2004-06-24</지정일자>
<최신재지정일자>2018-11-12</최신재지정일자>
<업소명>기흥민물장어</업소명>
<소재지_도로명_>경기도 용인시 기흥구 기흥단지로24번길 2 (고매동)</소재지_도로명_>
<소재지_지번_>경기도 용인시 기흥구 고매동 525 - 19</소재지_지번_>
<소재지전화번호>031-286-9717</소재지전화번호>
<주된음식>장어구이</주된음식>
<면적>260.75</면적>
<행정동>기흥구 기흥동</행정동>
</Row>
<Row>
<구분>재지정</구분>
<지정일자>2013-08-01</지정일자>
<최신재지정일자>2016-07-12</최신재지정일자>
<업소명>태광골프장클럽하우스식당</업소명>
<소재지_도로명_>경기도 용인시 기흥구 흥덕4로 77 (영덕동)</소재지_도로명_>
<소재지_지번_>경기도 용인시 기흥구 영덕동 258 - 2</소재지_지번_>
<소재지전화번호>070-8189-6033</소재지전화번호>
<주된음식>갈비탕</주된음식>
<면적>1204</면적>
<행정동>기흥구 영덕동</행정동>
</Row>
<Row>
<구분>재지정</구분>
<지정일자>2011-08-01</지정일자>
<최신재지정일자>2018-11-12</최신재지정일자>
<업소명>주식회사 인앤아웃(1)</업소명>
<소재지_도로명_>경기도 용인시 기흥구 공세로 173 (공세동,외18필지)</소재지_도로명_>
<소재지_지번_>경기도 용인시 기흥구 공세동 260 - 1 외18필지</소재지_지번_>
<소재지전화번호>031-286-5001</소재지전화번호>
<주된음식>국밥,전주비빔밥</주된음식>
<면적>339.94</면적>
<행정동>기흥구 기흥동</행정동>
</Row>
<Row>
<구분>재지정</구분>
<지정일자>2011-12-20</지정일자>
<최신재지정일자>2018-11-12</최신재지정일자>
<업소명>소박사</업소명>
<소재지_도로명_>경기도 용인시 기흥구 기흥로14번길 2-10 (구갈동)</소재지_도로명_>
<소재지_지번_>경기도 용인시 기흥구 구갈동 374 - 8</소재지_지번_>
<소재지전화번호/>
<주된음식>생갈비 양념갈비</주된음식>
<면적>101.79</면적>
<행정동>기흥구 구갈동</행정동>
</Row>
<Row>
<구분>재지정</구분>
<지정일자>2005-07-18</지정일자>
<최신재지정일자>2018-04-19</최신재지정일자>
<업소명>한고집 용인신갈점</업소명>
<소재지_도로명_>경기도 용인시 기흥구 신갈로68번길 22 (신갈동)</소재지_도로명_>
<소재지_지번_>경기도 용인시 기흥구 신갈동 53 - 9</소재지_지번_>
<소재지전화번호>031-284-8989</소재지전화번호>
<주된음식>밀복, 까치복국 등</주된음식>
<면적>111.6</면적>
<행정동>기흥구 신갈동</행정동>
</Row>
<Row>
<구분>재지정</구분>
<지정일자>2011-08-01</지정일자>
<최신재지정일자>2018-11-12</최신재지정일자>
<업소명>나주집</업소명>
<소재지_도로명_>경기도 용인시 기흥구 기흥로14번길 10-12 (구갈동)</소재지_도로명_>
<소재지_지번_>경기도 용인시 기흥구 구갈동 374 - 18</소재지_지번_>
<소재지전화번호>031-282-7877</소재지전화번호>
<주된음식>제비추리,등심</주된음식>
<면적>74.88</면적>
<행정동>기흥구 구갈동</행정동>
</Row>
<Row>
<구분>재지정</구분>
<지정일자>2006-06-30</지정일자>
<최신재지정일자>2018-11-12</최신재지정일자>
<업소명>신갈복집</업소명>
<소재지_도로명_>경기도 용인시 기흥구 신구로12번길 31 (구갈동)</소재지_도로명_>
<소재지_지번_>경기도 용인시 기흥구 구갈동 541 - 5</소재지_지번_>
<소재지전화번호>031-282-3144</소재지전화번호>
<주된음식>복지리</주된음식>
<면적>120.54</면적>
<행정동>기흥구 구갈동</행정동>
</Row>
<Row>
<구분>재지정</구분>
<지정일자>2005-07-18</지정일자>
<최신재지정일자>2018-11-12</최신재지정일자>
<업소명>화덕위에고등어</업소명>
<소재지_도로명_>경기도 용인시 기흥구 용구대로 2181 (신갈동)</소재지_도로명_>
<소재지_지번_>경기도 용인시 기흥구 신갈동 388 - 287</소재지_지번_>
<소재지전화번호>031-282-2967</소재지전화번호>
<주된음식>버섯전골</주된음식>
<면적>386.69</면적>
<행정동>기흥구 신갈동</행정동>
</Row>
<Row>
<구분>재지정</구분>
<지정일자>2007-11-30</지정일자>
<최신재지정일자>2018-11-12</최신재지정일자>
<업소명>서울녹각삼계탕</업소명>
<소재지_도로명_>경기도 용인시 기흥구 갈천로 76 (상갈동,1층)</소재지_도로명_>
<소재지_지번_>경기도 용인시 기흥구 상갈동 101 - 12 1층</소재지_지번_>
<소재지전화번호>031-285-3475</소재지전화번호>
<주된음식>삼계탕</주된음식>
<면적>75.83</면적>
<행정동>기흥구 상갈동</행정동>
</Row>
<Row>
<구분>재지정</구분>
<지정일자>1999-09-30</지정일자>
<최신재지정일자>2018-11-12</최신재지정일자>
<업소명>주식회사인앤아웃(2)한식전문점</업소명>
<소재지_도로명_>경기도 용인시 기흥구 공세로 173 (공세동,외18필지)</소재지_도로명_>
<소재지_지번_>경기도 용인시 기흥구 공세동 260 - 1 외18필지</소재지_지번_>
<소재지전화번호>031-286-5001</소재지전화번호>
<주된음식>향천우동</주된음식>
<면적>248.72</면적>
<행정동>기흥구 기흥동</행정동>
</Row>
<Row>
<구분>재지정</구분>
<지정일자>2003-01-24</지정일자>
<최신재지정일자>2018-11-12</최신재지정일자>
<업소명>춘향골할매 추어탕</업소명>
<소재지_도로명_>경기도 용인시 기흥구 구성로 82 (언남동)</소재지_도로명_>
<소재지_지번_>경기도 용인시 기흥구 언남동 354 - 2</소재지_지번_>
<소재지전화번호>031-284-0228</소재지전화번호>
<주된음식>추어탕.숙회</주된음식>
<면적>151.15</면적>
<행정동>기흥구 구성동</행정동>
</Row>
<Row>
<구분>재지정</구분>
<지정일자>2011-12-20</지정일자>
<최신재지정일자>2018-11-12</최신재지정일자>
<업소명>가마명가</업소명>
<소재지_도로명_>경기도 용인시 기흥구 용구대로2469번길 38 (보정동)</소재지_도로명_>
<소재지_지번_>경기도 용인시 기흥구 보정동 1288 - 2</소재지_지번_>
<소재지전화번호>031-265-9236</소재지전화번호>
<주된음식>솥밥정식, 갈비</주된음식>
<면적>387.24</면적>
<행정동>기흥구 보정동</행정동>
</Row>
<Row>
<구분>재지정</구분>
<지정일자>2009-11-30</지정일자>
<최신재지정일자>2016-07-12</최신재지정일자>
<업소명>박터진흥부네</업소명>
<소재지_도로명_>경기도 용인시 기흥구 청명산로 136 (영덕동)</소재지_도로명_>
<소재지_지번_>경기도 용인시 기흥구 영덕동 132</소재지_지번_>
<소재지전화번호>031-273-5293</소재지전화번호>
<주된음식>한정식</주된음식>
<면적>273.62</면적>
<행정동>기흥구 영덕동</행정동>
</Row>
<Row>
<구분>재지정</구분>
<지정일자>2011-12-20</지정일자>
<최신재지정일자>2016-08-08</최신재지정일자>
<업소명>풍천갈비(신갈점)</업소명>
<소재지_도로명_>경기도 용인시 기흥구 신구로12번길 35 (구갈동)</소재지_도로명_>
<소재지_지번_>경기도 용인시 기흥구 구갈동 541 - 2</소재지_지번_>
<소재지전화번호>031-284-2696</소재지전화번호>
<주된음식>갈비</주된음식>
<면적>329.13</면적>
<행정동>기흥구 구갈동</행정동>
</Row>
<Row>
<구분>재지정</구분>
<지정일자>2001-10-10</지정일자>
<최신재지정일자>2018-11-12</최신재지정일자>
<업소명>우리랑</업소명>
<소재지_도로명_>경기도 용인시 기흥구 기흥단지로 115 (고매동)</소재지_도로명_>
<소재지_지번_>경기도 용인시 기흥구 고매동 377 - 52</소재지_지번_>
<소재지전화번호>031-285-9292</소재지전화번호>
<주된음식>등심</주된음식>
<면적>579.98</면적>
<행정동>기흥구 기흥동</행정동>
</Row>
<Row>
<구분>재지정</구분>
<지정일자>2007-06-19</지정일자>
<최신재지정일자>2018-11-12</최신재지정일자>
<업소명>사또가든</업소명>
<소재지_도로명_>경기도 용인시 기흥구 기흥단지로 89 (고매동)</소재지_도로명_>
<소재지_지번_>경기도 용인시 기흥구 고매동 409 - 8</소재지_지번_>
<소재지전화번호>031-285-6865</소재지전화번호>
<주된음식>갈비,등심</주된음식>
<면적>305.85</면적>
<행정동>기흥구 기흥동</행정동>
</Row>
<Row>
<구분>재지정</구분>
<지정일자>2007-06-19</지정일자>
<최신재지정일자>2018-11-12</최신재지정일자>
<업소명>강너머</업소명>
<소재지_도로명_>경기도 용인시 기흥구 기흥로14번길 10-6 (구갈동)</소재지_도로명_>
<소재지_지번_>경기도 용인시 기흥구 구갈동 374 - 15</소재지_지번_>
<소재지전화번호>031-286-6440</소재지전화번호>
<주된음식>홍어</주된음식>
<면적>108.24</면적>
<행정동>기흥구 구갈동</행정동>
</Row>
<Row>
<구분>재지정</구분>
<지정일자>2004-06-24</지정일자>
<최신재지정일자>2018-11-12</최신재지정일자>
<업소명>불타는청춘</업소명>
<소재지_도로명_>경기도 용인시 기흥구 마북로59번길 2-1 (마북동)</소재지_도로명_>
<소재지_지번_>경기도 용인시 기흥구 마북동 282</소재지_지번_>
<소재지전화번호>031-284-9774</소재지전화번호>
<주된음식>닭요리</주된음식>
<면적>192.88</면적>
<행정동>기흥구 마북동</행정동>
</Row>
<Row>
<구분>재지정</구분>
<지정일자>2006-06-30</지정일자>
<최신재지정일자>2018-11-12</최신재지정일자>
<업소명>서해회바다</업소명>
<소재지_도로명_>경기도 용인시 기흥구 갈천로 90 (상갈동,1층,2층)</소재지_도로명_>
<소재지_지번_>경기도 용인시 기흥구 상갈동 123 - 12 1층,2층</소재지_지번_>
<소재지전화번호>031-284-8811</소재지전화번호>
<주된음식>광어,우럭</주된음식>
<면적>437.23</면적>
<행정동>기흥구 상갈동</행정동>
</Row>
<Row>
<구분>재지정</구분>
<지정일자>2008-11-25</지정일자>
<최신재지정일자>2016-07-12</최신재지정일자>
<업소명>우송가든</업소명>
<소재지_도로명_>경기도 용인시 기흥구 언동로71번길 5 (청덕동,외1 A)</소재지_도로명_>
<소재지_지번_>경기도 용인시 기흥구 청덕동 392 - 1 외1 A</소재지_지번_>
<소재지전화번호>031-284-2767</소재지전화번호>
<주된음식>한우생등심</주된음식>
<면적>192.5</면적>
<행정동>기흥구 구성동</행정동>
</Row>
<Row>
<구분>재지정</구분>
<지정일자>2006-06-30</지정일자>
<최신재지정일자>2018-04-19</최신재지정일자>
<업소명>물레방아</업소명>
<소재지_도로명_>경기도 용인시 기흥구 지삼로250번길 27 (지곡동)</소재지_도로명_>
<소재지_지번_>경기도 용인시 기흥구 지곡동 75 - 1</소재지_지번_>
<소재지전화번호>031-287-2448</소재지전화번호>
<주된음식>닭백숙</주된음식>
<면적>449.3</면적>
<행정동>기흥구 상갈동</행정동>
</Row>
<Row>
<구분>재지정</구분>
<지정일자>2005-07-18</지정일자>
<최신재지정일자>2015-07-22</최신재지정일자>
<업소명>송학</업소명>
<소재지_도로명_>경기도 용인시 기흥구 구성로 179-11 (언남동,(1동))</소재지_도로명_>
<소재지_지번_>경기도 용인시 기흥구 언남동 146 - 1 (1동)</소재지_지번_>
<소재지전화번호>031-284-3359</소재지전화번호>
<주된음식>복요리</주된음식>
<면적>175.86</면적>
<행정동>기흥구 구성동</행정동>
</Row>
<Row>
<구분>재지정</구분>
<지정일자>2005-07-18</지정일자>
<최신재지정일자>2018-10-08</최신재지정일자>
<업소명>용인전통순대국</업소명>
<소재지_도로명_>경기도 용인시 기흥구 언동로 7 (언남동)</소재지_도로명_>
<소재지_지번_>경기도 용인시 기흥구 언남동 174 - 6</소재지_지번_>
<소재지전화번호>031-283-1243</소재지전화번호>
<주된음식>순대국</주된음식>
<면적>180</면적>
<행정동>기흥구 구성동</행정동>
</Row>
<Row>
<구분>재지정</구분>
<지정일자>2006-06-30</지정일자>
<최신재지정일자>2016-07-12</최신재지정일자>
<업소명>홍도해물탕</업소명>
<소재지_도로명_>경기도 용인시 기흥구 민속촌로11번길 7, 2층 (보라동)</소재지_도로명_>
<소재지_지번_>경기도 용인시 기흥구 보라동 394 2층</소재지_지번_>
<소재지전화번호>031-285-6337</소재지전화번호>
<주된음식>해물탕,해물찜</주된음식>
<면적>225.61</면적>
<행정동>기흥구 상갈동</행정동>
</Row>
<Row>
<구분>재지정</구분>
<지정일자>2014-05-19</지정일자>
<최신재지정일자>2018-11-12</최신재지정일자>
<업소명>한성가든</업소명>
<소재지_도로명_>경기도 용인시 기흥구 구교동로 170 (마북동,외2필지)</소재지_도로명_>
<소재지_지번_>경기도 용인시 기흥구 마북동 176 - 1 외2필지</소재지_지번_>
<소재지전화번호>031-284-4664</소재지전화번호>
<주된음식>등심,삼겹살</주된음식>
<면적>420.62</면적>
<행정동>기흥구 마북동</행정동>
</Row>
<Row>
<구분>재지정</구분>
<지정일자>2014-05-19</지정일자>
<최신재지정일자>2018-11-12</최신재지정일자>
<업소명>세꼬시마을</업소명>
<소재지_도로명_>경기도 용인시 기흥구 죽전로43번길 11-5 (보정동)</소재지_도로명_>
<소재지_지번_>경기도 용인시 기흥구 보정동 1206 - 7</소재지_지번_>
<소재지전화번호>031-898-0908</소재지전화번호>
<주된음식>세꼬시,활어회</주된음식>
<면적>134.96</면적>
<행정동>기흥구 보정동</행정동>
</Row>
<Row>
<구분>재지정</구분>
<지정일자>2007-06-19</지정일자>
<최신재지정일자>2018-11-12</최신재지정일자>
<업소명>(주)한국관</업소명>
<소재지_도로명_>경기도 용인시 기흥구 기흥단지로 8 (고매동,외1필지)</소재지_도로명_>
<소재지_지번_>경기도 용인시 기흥구 고매동 413 - 27 외1필지</소재지_지번_>
<소재지전화번호>031-275-6100</소재지전화번호>
<주된음식>갈비,등심</주된음식>
<면적>1614.16</면적>
<행정동>기흥구 기흥동</행정동>
</Row>
<Row>
<구분>재지정</구분>
<지정일자>2007-06-19</지정일자>
<최신재지정일자>2018-11-12</최신재지정일자>
<업소명>도원</업소명>
<소재지_도로명_>경기도 용인시 기흥구 용구대로 1859, 2층 (하갈동)</소재지_도로명_>
<소재지_지번_>경기도 용인시 기흥구 하갈동 143 - 4 2층</소재지_지번_>
<소재지전화번호>031-283-7227</소재지전화번호>
<주된음식>자장,짬뽕</주된음식>
<면적>459.58</면적>
<행정동>기흥구 영덕동</행정동>
</Row>
<Row>
<구분>재지정</구분>
<지정일자>2007-11-30</지정일자>
<최신재지정일자>2018-11-12</최신재지정일자>
<업소명>다원</업소명>
<소재지_도로명_>경기도 용인시 기흥구 마북로 119-4 (마북동)</소재지_도로명_>
<소재지_지번_>경기도 용인시 기흥구 마북동 237 - 2</소재지_지번_>
<소재지전화번호>031-284-2276</소재지전화번호>
<주된음식>한정식</주된음식>
<면적>218</면적>
<행정동>기흥구 마북동</행정동>
</Row>
<Row>
<구분>재지정</구분>
<지정일자>2007-06-19</지정일자>
<최신재지정일자>2016-07-12</최신재지정일자>
<업소명>주문진해물</업소명>
<소재지_도로명_>경기도 용인시 기흥구 민속촌로 37 (보라동, 본관1층, 별관1층)</소재지_도로명_>
<소재지_지번_>경기도 용인시 기흥구 보라동 410 - 2 본관1층, 별관1층</소재지_지번_>
<소재지전화번호>031-282-5353</소재지전화번호>
<주된음식>해물찜,해물탕</주된음식>
<면적>283.49</면적>
<행정동>기흥구 상갈동</행정동>
</Row>
<Row>
<구분>재지정</구분>
<지정일자>2008-11-25</지정일자>
<최신재지정일자>2016-07-12</최신재지정일자>
<업소명>호박촌</업소명>
<소재지_도로명_>경기도 용인시 기흥구 중부대로773번길 7 (상하동,1층)</소재지_도로명_>
<소재지_지번_>경기도 용인시 기흥구 상하동 250 - 4 1층</소재지_지번_>
<소재지전화번호>031-283-0708</소재지전화번호>
<주된음식>오리훈제</주된음식>
<면적>70.22</면적>
<행정동>기흥구 상하동</행정동>
</Row>
<Row>
<구분>재지정</구분>
<지정일자>2009-11-30</지정일자>
<최신재지정일자>2018-11-12</최신재지정일자>
<업소명>남원골추어탕과나주곰탕</업소명>
<소재지_도로명_>경기도 용인시 기흥구 중부대로 563 (구갈동,명문메디칼프라자 101,102호)</소재지_도로명_>
<소재지_지번_>경기도 용인시 기흥구 구갈동 581 - 2 명문메디칼프라자 101,102호</소재지_지번_>
<소재지전화번호>031-282-0499</소재지전화번호>
<주된음식>추어탕,곰탕</주된음식>
<면적>197.6</면적>
<행정동>기흥구 구갈동</행정동>
</Row>
<Row>
<구분>재지정</구분>
<지정일자>2013-08-01</지정일자>
<최신재지정일자>2018-11-12</최신재지정일자>
<업소명>소문난 대구왕뽈찜</업소명>
<소재지_도로명_>경기도 용인시 기흥구 죽전로 39 (보정동, 에스제이타워 201호)</소재지_도로명_>
<소재지_지번_>경기도 용인시 기흥구 보정동 1207 - 3</소재지_지번_>
<소재지전화번호>031-897-2134</소재지전화번호>
<주된음식>대구왕뻘찜</주된음식>
<면적>189.2</면적>
<행정동>기흥구 보정동</행정동>
</Row>
<Row>
<구분>재지정</구분>
<지정일자>2015-10-07</지정일자>
<최신재지정일자>2018-11-12</최신재지정일자>
<업소명>(주)청송본가</업소명>
<소재지_도로명_>경기도 용인시 기흥구 용구대로 2439 (마북동,2층)</소재지_도로명_>
<소재지_지번_>경기도 용인시 기흥구 마북동 502 - 75 2층</소재지_지번_>
<소재지전화번호>031-284-4001</소재지전화번호>
<주된음식>등심,주물럭</주된음식>
<면적>1011.15</면적>
<행정동>기흥구 마북동</행정동>
</Row>
<Row>
<구분>재지정</구분>
<지정일자>2008-11-25</지정일자>
<최신재지정일자>2018-11-12</최신재지정일자>
<업소명>가오리와방패연</업소명>
<소재지_도로명_>경기도 용인시 기흥구 하갈로 98 (하갈동,1,2,3층)</소재지_도로명_>
<소재지_지번_>경기도 용인시 기흥구 하갈동 233 1,2,3층</소재지_지번_>
<소재지전화번호>031-216-1100</소재지전화번호>
<주된음식>한정식</주된음식>
<면적>442.8</면적>
<행정동>기흥구 영덕동</행정동>
</Row>
<Row>
<구분>재지정</구분>
<지정일자>2008-11-25</지정일자>
<최신재지정일자>2016-07-12</최신재지정일자>
<업소명>화춘옥</업소명>
<소재지_도로명_>경기도 용인시 기흥구 동백죽전대로 483 (동백동,지하1층,지상1,2,3층)</소재지_도로명_>
<소재지_지번_>경기도 용인시 기흥구 동백동 445 - 4 지하1층,지상1,2,3층</소재지_지번_>
<소재지전화번호>031-8005-7900</소재지전화번호>
<주된음식>갈비</주된음식>
<면적>557.25</면적>
<행정동>기흥구 동백동</행정동>
</Row>
<Row>
<구분>재지정</구분>
<지정일자>2009-11-30</지정일자>
<최신재지정일자>2018-04-19</최신재지정일자>
<업소명>디엔차이</업소명>
<소재지_도로명_>경기도 용인시 기흥구 용구대로2469번길 20 (보정동,죽전자이2차 114,115호)</소재지_도로명_>
<소재지_지번_>경기도 용인시 기흥구 보정동 1291 죽전자이2차 114,115호</소재지_지번_>
<소재지전화번호>031-889-7787</소재지전화번호>
<주된음식>짜장면,짬뽕,탕수육</주된음식>
<면적>122.4</면적>
<행정동>기흥구 보정동</행정동>
</Row>
<Row>
<구분>재지정</구분>
<지정일자>2014-05-19</지정일자>
<최신재지정일자>2018-11-12</최신재지정일자>
<업소명>죽전민수사</업소명>
<소재지_도로명_>경기도 용인시 기흥구 포은대로512번길 41 (보정동, SJ빌딩 가동 1층)</소재지_도로명_>
<소재지_지번_>경기도 용인시 기흥구 보정동 375 - 8 SJ빌딩 가동 1층</소재지_지번_>
<소재지전화번호>031-897-2220</소재지전화번호>
<주된음식>생선회</주된음식>
<면적>278.82</면적>
<행정동>기흥구 보정동</행정동>
</Row>
<Row>
<구분>재지정</구분>
<지정일자>2011-08-01</지정일자>
<최신재지정일자>2016-07-12</최신재지정일자>
<업소명>큰마당감자탕</업소명>
<소재지_도로명_>경기도 용인시 기흥구 한보라1로 5 (보라동, 보라메가타운101,102,103,105호)</소재지_도로명_>
<소재지_지번_>경기도 용인시 기흥구 보라동 578 - 1 보라메가타운101,102,103,105호</소재지_지번_>
<소재지전화번호>031-8005-8887</소재지전화번호>
<주된음식>감자탕</주된음식>
<면적>184.35</면적>
<행정동>기흥구 상갈동</행정동>
</Row>
<Row>
<구분>재지정</구분>
<지정일자>2009-11-30</지정일자>
<최신재지정일자>2018-04-19</최신재지정일자>
<업소명>천하장사</업소명>
<소재지_도로명_>경기도 용인시 기흥구 용인향교로20번길 7 (언남동,1층)</소재지_도로명_>
<소재지_지번_>경기도 용인시 기흥구 언남동 330 1층</소재지_지번_>
<소재지전화번호>031-283-8590</소재지전화번호>
<주된음식>생삼겹살, 돼지갈비 등</주된음식>
<면적>324</면적>
<행정동>기흥구 구성동</행정동>
</Row>
<Row>
<구분>재지정</구분>
<지정일자>2009-11-30</지정일자>
<최신재지정일자>2016-07-12</최신재지정일자>
<업소명>주식회사 나주집</업소명>
<소재지_도로명_>경기도 용인시 기흥구 흥덕4로 25 (영덕동,1,2층)</소재지_도로명_>
<소재지_지번_>경기도 용인시 기흥구 영덕동 1103 - 1 1,2층</소재지_지번_>
<소재지전화번호>031-282-0303</소재지전화번호>
<주된음식>소고기(안창,차돌)</주된음식>
<면적>482.88</면적>
<행정동>기흥구 영덕동</행정동>
</Row>
<Row>
<구분>재지정</구분>
<지정일자>2009-11-30</지정일자>
<최신재지정일자>2018-11-12</최신재지정일자>
<업소명>카페앤레스토랑 하이드파크</업소명>
<소재지_도로명_>경기도 용인시 기흥구 백남준로 7 (상갈동,외2필지 1,2층)</소재지_도로명_>
<소재지_지번_>경기도 용인시 기흥구 상갈동 150 - 7 외2필지 1,2층</소재지_지번_>
<소재지전화번호>031-286-8584</소재지전화번호>
<주된음식>파스타,피자</주된음식>
<면적>484.96</면적>
<행정동>기흥구 상갈동</행정동>
</Row>
<Row>
<구분>재지정</구분>
<지정일자>2011-12-20</지정일자>
<최신재지정일자>2018-11-12</최신재지정일자>
<업소명>뼈나라감자탕</업소명>
<소재지_도로명_>경기도 용인시 기흥구 죽전로43번길 11-15 (보정동,1층)</소재지_도로명_>
<소재지_지번_>경기도 용인시 기흥구 보정동 1206 - 2 1층</소재지_지번_>
<소재지전화번호>031-889-3360</소재지전화번호>
<주된음식>감자탕</주된음식>
<면적>150.48</면적>
<행정동>기흥구 보정동</행정동>
</Row>
<Row>
<구분>재지정</구분>
<지정일자>2011-12-20</지정일자>
<최신재지정일자>2018-11-12</최신재지정일자>
<업소명>에코의 서재</업소명>
<소재지_도로명_>경기도 용인시 기흥구 죽전로15번길 11-3 (보정동,1층)</소재지_도로명_>
<소재지_지번_>경기도 용인시 기흥구 보정동 1187 - 7 1층</소재지_지번_>
<소재지전화번호>031-266-1138</소재지전화번호>
<주된음식>퀘사디아, 그라탕</주된음식>
<면적>110.35</면적>
<행정동>기흥구 보정동</행정동>
</Row>
<Row>
<구분>재지정</구분>
<지정일자>2010-12-31</지정일자>
<최신재지정일자>2016-07-12</최신재지정일자>
<업소명>우리네 설렁탕</업소명>
<소재지_도로명_>경기도 용인시 기흥구 동백3로11번길 47 (중동,1층)</소재지_도로명_>
<소재지_지번_>경기도 용인시 기흥구 중동 844 - 4 1층</소재지_지번_>
<소재지전화번호>031-282-2488</소재지전화번호>
<주된음식>설렁탕</주된음식>
<면적>395.68</면적>
<행정동>기흥구 동백동</행정동>
</Row>
<Row>
<구분>재지정</구분>
<지정일자>2011-12-20</지정일자>
<최신재지정일자>2018-04-19</최신재지정일자>
<업소명>만다린</업소명>
<소재지_도로명_>경기도 용인시 기흥구 동탄기흥로 957 (공세동,2층 201호)</소재지_도로명_>
<소재지_지번_>경기도 용인시 기흥구 공세동 390 - 4 2층 201호</소재지_지번_>
<소재지전화번호>031-261-0631</소재지전화번호>
<주된음식>짜장, 짬뽕 등</주된음식>
<면적>214.2</면적>
<행정동>기흥구 기흥동</행정동>
</Row>
<Row>
<구분>재지정</구분>
<지정일자>2011-08-01</지정일자>
<최신재지정일자>2018-11-12</최신재지정일자>
<업소명>싱싱광어</업소명>
<소재지_도로명_>경기도 용인시 기흥구 죽전로 3 (보정동,메트로프라자 104,105,106호)</소재지_도로명_>
<소재지_지번_>경기도 용인시 기흥구 보정동 1195 - 1 메트로프라자 104,105,106호</소재지_지번_>
<소재지전화번호>031-889-3633</소재지전화번호>
<주된음식>회</주된음식>
<면적>107.04</면적>
<행정동>기흥구 보정동</행정동>
</Row>
<Row>
<구분>재지정</구분>
<지정일자>2015-10-07</지정일자>
<최신재지정일자>2018-04-19</최신재지정일자>
<업소명>경희마루</업소명>
<소재지_도로명_>경기도 용인시 기흥구 덕영대로 1674 (서천동,2층)</소재지_도로명_>
<소재지_지번_>경기도 용인시 기흥구 서천동 320 - 11 2층</소재지_지번_>
<소재지전화번호>031-202-3840</소재지전화번호>
<주된음식>숯불구이</주된음식>
<면적>456.32</면적>
<행정동>기흥구 서농동</행정동>
</Row>
<Row>
<구분>재지정</구분>
<지정일자>2011-12-20</지정일자>
<최신재지정일자>2016-07-12</최신재지정일자>
<업소명>장수한우프라자</업소명>
<소재지_도로명_>경기도 용인시 기흥구 흥덕4로15번길 2 (영덕동,2,3,4층)</소재지_도로명_>
<소재지_지번_>경기도 용인시 기흥구 영덕동 1103 - 4 2,3,4층</소재지_지번_>
<소재지전화번호>031-211-8088</소재지전화번호>
<주된음식>숯불갈비</주된음식>
<면적>1087.6</면적>
<행정동>기흥구 영덕동</행정동>
</Row>
<Row>
<구분>재지정</구분>
<지정일자>2011-12-20</지정일자>
<최신재지정일자>2018-11-12</최신재지정일자>
<업소명>기와집</업소명>
<소재지_도로명_>경기도 용인시 기흥구 백남준로 55 (상갈동,상갈동근생 가동 1층)</소재지_도로명_>
<소재지_지번_>경기도 용인시 기흥구 상갈동 142 상갈동근생 가동 1층</소재지_지번_>
<소재지전화번호>031-282-2708</소재지전화번호>
<주된음식>옛날불고기</주된음식>
<면적>215.61</면적>
<행정동>기흥구 상갈동</행정동>
</Row>
<Row>
<구분>재지정</구분>
<지정일자>2012-08-30</지정일자>
<최신재지정일자>2018-11-12</최신재지정일자>
<업소명>살살녹소</업소명>
<소재지_도로명_>경기도 용인시 기흥구 석현로12번길 44 (영덕동,1층)</소재지_도로명_>
<소재지_지번_>경기도 용인시 기흥구 영덕동 1052 - 2 1층</소재지_지번_>
<소재지전화번호>031-273-2755</소재지전화번호>
<주된음식>감자탕</주된음식>
<면적>360</면적>
<행정동>기흥구 영덕동</행정동>
</Row>
<Row>
<구분>재지정</구분>
<지정일자>2014-05-19</지정일자>
<최신재지정일자>2018-11-12</최신재지정일자>
<업소명>흥덕골</업소명>
<소재지_도로명_>경기도 용인시 기흥구 흥덕중앙로 120 (영덕동, U타워 지하115호)</소재지_도로명_>
<소재지_지번_>경기도 용인시 기흥구 영덕동 1029 U타워 지하115호</소재지_지번_>
<소재지전화번호/>
<주된음식>순대국</주된음식>
<면적>141.75</면적>
<행정동>기흥구 영덕동</행정동>
</Row>
<Row>
<구분>재지정</구분>
<지정일자>2016-07-19</지정일자>
<최신재지정일자>2018-11-12</최신재지정일자>
<업소명>(주)여시관</업소명>
<소재지_도로명_>경기도 용인시 기흥구 마북로247번길 28 (마북동, 1층)</소재지_도로명_>
<소재지_지번_>경기도 용인시 기흥구 마북동 37 1층</소재지_지번_>
<소재지전화번호/>
<주된음식>스테이크, 파스타, 피자</주된음식>
<면적>120</면적>
<행정동>기흥구 마북동</행정동>
</Row>
<Row>
<구분>재지정</구분>
<지정일자>2017-10-13</지정일자>
<최신재지정일자>2018-11-12</최신재지정일자>
<업소명>육월</업소명>
<소재지_도로명_>경기도 용인시 기흥구 관곡로 96 (구갈동, 1층일부)</소재지_도로명_>
<소재지_지번_>경기도 용인시 기흥구 구갈동 354 - 3 1층일부</소재지_지번_>
<소재지전화번호>031-283-6659</소재지전화번호>
<주된음식>육류구이</주된음식>
<면적>208.42</면적>
<행정동>기흥구 구갈동</행정동>
</Row>
<Row>
<구분>재지정</구분>
<지정일자>2015-10-07</지정일자>
<최신재지정일자>2016-07-12</최신재지정일자>
<업소명>아이티컨벤션</업소명>
<소재지_도로명_>경기도 용인시 기흥구 흥덕1로 13 (영덕동, 흥덕아이티밸리 타워동 A0201,A0202호)</소재지_도로명_>
<소재지_지번_>경기도 용인시 기흥구 영덕동 1005 흥덕아이티밸리 타워동 A0201,A0202호</소재지_지번_>
<소재지전화번호/>
<주된음식>뷔페</주된음식>
<면적>1449</면적>
<행정동>기흥구 영덕동</행정동>
</Row>
<Row>
<구분>지정</구분>
<지정일자>2018-05-18</지정일자>
<최신재지정일자>2018-05-18</최신재지정일자>
<업소명>솔뫼숯불갈비</업소명>
<소재지_도로명_>경기도 용인시 기흥구 이현로30번길 27 (보정동, 2층)</소재지_도로명_>
<소재지_지번_>경기도 용인시 기흥구 보정동 484 - 11 2층</소재지_지번_>
<소재지전화번호>031-264-3388</소재지전화번호>
<주된음식>소왕갈비, 돼지갈비</주된음식>
<면적>139.57</면적>
<행정동>기흥구 보정동</행정동>
</Row>
<Row>
<구분>재지정</구분>
<지정일자>2016-07-19</지정일자>
<최신재지정일자>2018-10-08</최신재지정일자>
<업소명>속초코다리찜</업소명>
<소재지_도로명_>경기도 용인시 기흥구 갈천로 84 (상갈동, 1층)</소재지_도로명_>
<소재지_지번_>경기도 용인시 기흥구 상갈동 123 - 7 1층</소재지_지번_>
<소재지전화번호>031-282-0868</소재지전화번호>
<주된음식>코다리찜</주된음식>
<면적>141.59</면적>
<행정동>기흥구 상갈동</행정동>
</Row>
<Row>
<구분>재지정</구분>
<지정일자>2016-07-19</지정일자>
<최신재지정일자>2018-04-19</최신재지정일자>
<업소명>장수랑갈비(주)</업소명>
<소재지_도로명_>경기도 용인시 기흥구 흥덕4로15번길 1 (영덕동, 2층)</소재지_도로명_>
<소재지_지번_>경기도 용인시 기흥구 영덕동 1111 - 1 2층</소재지_지번_>
<소재지전화번호>031-212-8893</소재지전화번호>
<주된음식>한우불고기전골, 갈비 등</주된음식>
<면적>471.48</면적>
<행정동>기흥구 영덕동</행정동>
</Row>
<Row>
<구분>재지정</구분>
<지정일자>2016-07-19</지정일자>
<최신재지정일자>2018-11-12</최신재지정일자>
<업소명>신포리 쭈꾸미</업소명>
<소재지_도로명_>경기도 용인시 기흥구 이현로29번길 54-20 (보정동, 1층)</소재지_도로명_>
<소재지_지번_>경기도 용인시 기흥구 보정동 906 - 6 1층</소재지_지번_>
<소재지전화번호>031-897-3200</소재지전화번호>
<주된음식>쭈꾸미, 새우튀김</주된음식>
<면적>258.15</면적>
<행정동>기흥구 보정동</행정동>
</Row>
<Row>
<구분>지정</구분>
<지정일자>2018-05-18</지정일자>
<최신재지정일자>2018-05-18</최신재지정일자>
<업소명>유성본가 흥덕점</업소명>
<소재지_도로명_>경기도 용인시 기흥구 흥덕1로 13 (영덕동, COMPLEX동 B0105호일부, B0106,0106a,0107호)</소재지_도로명_>
<소재지_지번_>경기도 용인시 기흥구 영덕동 1005 COMPLEX동 B0105호일부, B0106,0106a,0107호</소재지_지번_>
<소재지전화번호>031-340-3533</소재지전화번호>
<주된음식>누룽지삼계탕, 오리수육</주된음식>
<면적>252.64</면적>
<행정동>기흥구 영덕동</행정동>
</Row>
<Row>
<구분>지정</구분>
<지정일자>2018-05-18</지정일자>
<최신재지정일자>2018-05-18</최신재지정일자>
<업소명>오거리가든</업소명>
<소재지_도로명_>경기도 용인시 기흥구 중부대로 313 (신갈동, 2층)</소재지_도로명_>
<소재지_지번_>경기도 용인시 기흥구 신갈동 455 - 8 2층</소재지_지번_>
<소재지전화번호>031-282-6210</소재지전화번호>
<주된음식>숯불구이, 갈비탕 등</주된음식>
<면적>376.15</면적>
<행정동>기흥구 신갈동</행정동>
</Row>
<Row>
<구분>재지정</구분>
<지정일자>2004-06-30</지정일자>
<최신재지정일자>2016-07-12</최신재지정일자>
<업소명>죽전(서울방향)휴게소 자율식당</업소명>
<소재지_도로명_>경기도 용인시 수지구 경부고속도로 400 (죽전동)</소재지_도로명_>
<소재지_지번_>경기도 용인시 수지구 죽전동 866 - 2</소재지_지번_>
<소재지전화번호>031-262-3168</소재지전화번호>
<주된음식>버섯덮밥, 육개장</주된음식>
<면적>340.66</면적>
<행정동>수지구 죽전1동</행정동>
</Row>
<Row>
<구분>재지정</구분>
<지정일자>2004-06-30</지정일자>
<최신재지정일자>2016-07-12</최신재지정일자>
<업소명>남도아구와꽃게</업소명>
<소재지_도로명_>경기도 용인시 수지구 문인로31번길 3-9 (풍덕천동)</소재지_도로명_>
<소재지_지번_>경기도 용인시 수지구 풍덕천동 669 - 5</소재지_지번_>
<소재지전화번호>031-262-4774</소재지전화번호>
<주된음식>아구찜,복지리,매운탕</주된음식>
<면적>81.48</면적>
<행정동>수지구 풍덕천1동</행정동>
</Row>
<Row>
<구분>재지정</구분>
<지정일자>2009-11-30</지정일자>
<최신재지정일자>2016-07-12</최신재지정일자>
<업소명>주식회사 청와정</업소명>
<소재지_도로명_>경기도 용인시 수지구 수지로342번길 7 (풍덕천동)</소재지_도로명_>
<소재지_지번_>경기도 용인시 수지구 풍덕천동 658 - 25 C동</소재지_지번_>
<소재지전화번호>031-896-9876</소재지전화번호>
<주된음식>국시</주된음식>
<면적>464</면적>
<행정동>수지구 풍덕천1동</행정동>
</Row>
<Row>
<구분>재지정</구분>
<지정일자>2002-04-12</지정일자>
<최신재지정일자>2016-07-12</최신재지정일자>
<업소명>산사랑</업소명>
<소재지_도로명_>경기도 용인시 수지구 샘말로89번길 9, 1동, 2동 (고기동)</소재지_도로명_>
<소재지_지번_>경기도 용인시 수지구 고기동 372</소재지_지번_>
<소재지전화번호>031-263-6070</소재지전화번호>
<주된음식>산나물한정식</주된음식>
<면적>490.94</면적>
<행정동>수지구 동천동</행정동>
</Row>
<Row>
<구분>재지정</구분>
<지정일자>2009-11-30</지정일자>
<최신재지정일자>2016-07-12</최신재지정일자>
<업소명>장수촌</업소명>
<소재지_도로명_>경기도 용인시 수지구 성복2로 412 (성복동)</소재지_도로명_>
<소재지_지번_>경기도 용인시 수지구 성복동 641 - 1</소재지_지번_>
<소재지전화번호>031-266-1117</소재지전화번호>
<주된음식>오리백숙</주된음식>
<면적>208.71</면적>
<행정동>수지구 성복동</행정동>
</Row>
<Row>
<구분>재지정</구분>
<지정일자>2004-06-30</지정일자>
<최신재지정일자>2016-07-12</최신재지정일자>
<업소명>춘향골남원추어탕</업소명>
<소재지_도로명_>경기도 용인시 수지구 풍덕천로140번길 13 (풍덕천동)</소재지_도로명_>
<소재지_지번_>경기도 용인시 수지구 풍덕천동 723 - 1</소재지_지번_>
<소재지전화번호>031-266-7576</소재지전화번호>
<주된음식>추어탕</주된음식>
<면적>162.22</면적>
<행정동>수지구 풍덕천1동</행정동>
</Row>
<Row>
<구분>지정</구분>
<지정일자>2017-07-31</지정일자>
<최신재지정일자>2017-07-31</최신재지정일자>
<업소명>정미소김치관</업소명>
<소재지_도로명_>경기도 용인시 수지구 신봉1로 302 (신봉동,1,2층)</소재지_도로명_>
<소재지_지번_>경기도 용인시 수지구 신봉동 569 - 3 1,2층</소재지_지번_>
<소재지전화번호>031-261-0042</소재지전화번호>
<주된음식>만두전골</주된음식>
<면적>199.3</면적>
<행정동>수지구 신봉동</행정동>
</Row>
<Row>
<구분>재지정</구분>
<지정일자>2010-11-09</지정일자>
<최신재지정일자>2016-07-12</최신재지정일자>
<업소명>윤씨네</업소명>
<소재지_도로명_>경기도 용인시 수지구 수지로342번길 7 (풍덕천동,외4(658-2,658-23,658-26,35-1))</소재지_도로명_>
<소재지_지번_>경기도 용인시 수지구 풍덕천동 658 - 1 외4(658-2,658-23,658-26,35-1)</소재지_지번_>
<소재지전화번호>031-262-3810</소재지전화번호>
<주된음식>부대찌개</주된음식>
<면적>256.1</면적>
<행정동>수지구 풍덕천1동</행정동>
</Row>
<Row>
<구분>지정</구분>
<지정일자>2017-07-31</지정일자>
<최신재지정일자>2017-07-31</최신재지정일자>
<업소명>미젠</업소명>
<소재지_도로명_>경기도 용인시 수지구 신봉1로 330 (신봉동,(1층))</소재지_도로명_>
<소재지_지번_>경기도 용인시 수지구 신봉동 637 - 2 (1층)</소재지_지번_>
<소재지전화번호>031-276-7777</소재지전화번호>
<주된음식>한정식</주된음식>
<면적>238.2</면적>
<행정동>수지구 신봉동</행정동>
</Row>
<Row>
<구분>재지정</구분>
<지정일자>2009-11-30</지정일자>
<최신재지정일자>2017-11-06</최신재지정일자>
<업소명>수원통큰숯불화로갈비</업소명>
<소재지_도로명_>경기도 용인시 수지구 수지로 77 (상현동,힐프라자 (102,103,104호))</소재지_도로명_>
<소재지_지번_>경기도 용인시 수지구 상현동 106 - 8 힐프라자 (102,103,104호)</소재지_지번_>
<소재지전화번호>031-262-2031</소재지전화번호>
<주된음식>돼지갈비</주된음식>
<면적>187.2</면적>
<행정동>수지구 상현1동</행정동>
</Row>
<Row>
<구분>지정</구분>
<지정일자>2018-05-18</지정일자>
<최신재지정일자>2018-05-18</최신재지정일자>
<업소명>화경</업소명>
<소재지_도로명_>경기도 용인시 수지구 신봉2로 2, 센트럴500상가동 225호 (신봉동,외7)</소재지_도로명_>
<소재지_지번_>경기도 용인시 수지구 신봉동 33 외7 센트럴500상가동 225호</소재지_지번_>
<소재지전화번호>031-266-2772</소재지전화번호>
<주된음식>짜장면, 탕수육 등</주된음식>
<면적>203.92</면적>
<행정동>수지구 신봉동</행정동>
</Row>
<Row>
<구분>재지정</구분>
<지정일자>2004-12-30</지정일자>
<최신재지정일자>2016-07-12</최신재지정일자>
<업소명>상현우렁쌈밥</업소명>
<소재지_도로명_>경기도 용인시 수지구 수지로 37 (상현동, 2층)</소재지_도로명_>
<소재지_지번_>경기도 용인시 수지구 상현동 166 - 4 (2층)</소재지_지번_>
<소재지전화번호>031-261-4838</소재지전화번호>
<주된음식>쌈밥</주된음식>
<면적>228</면적>
<행정동>수지구 상현1동</행정동>
</Row>
<Row>
<구분>재지정</구분>
<지정일자>2007-11-30</지정일자>
<최신재지정일자>2016-07-12</최신재지정일자>
<업소명>배밭갈비</업소명>
<소재지_도로명_>경기도 용인시 수지구 대지로 152 (죽전동)</소재지_도로명_>
<소재지_지번_>경기도 용인시 수지구 죽전동 1227</소재지_지번_>
<소재지전화번호>031-276-9292</소재지전화번호>
<주된음식>갈비</주된음식>
<면적>259.66</면적>
<행정동>수지구 죽전1동</행정동>
</Row>
<Row>
<구분>재지정</구분>
<지정일자>2009-11-30</지정일자>
<최신재지정일자>2016-07-12</최신재지정일자>
<업소명>수지골남원추어탕</업소명>
<소재지_도로명_>경기도 용인시 수지구 고기로 104 (동천동)</소재지_도로명_>
<소재지_지번_>경기도 용인시 수지구 동천동 119</소재지_지번_>
<소재지전화번호>031-261-1007</소재지전화번호>
<주된음식>추어탕</주된음식>
<면적>73.08</면적>
<행정동>수지구 동천동</행정동>
</Row>
<Row>
<구분>재지정</구분>
<지정일자>2012-07-17</지정일자>
<최신재지정일자>2016-07-12</최신재지정일자>
<업소명>군산세꼬시</업소명>
<소재지_도로명_>경기도 용인시 수지구 성복2로 162, 성동마을엘지빌리지6차아파트 207호, 208호 (성복동)</소재지_도로명_>
<소재지_지번_>경기도 용인시 수지구 성복동 731 성동마을엘지빌리지6차아파트</소재지_지번_>
<소재지전화번호>031-276-4994</소재지전화번호>
<주된음식>세꼬시</주된음식>
<면적>92.27</면적>
<행정동>수지구 성복동</행정동>
</Row>
<Row>
<구분>재지정</구분>
<지정일자>2008-11-28</지정일자>
<최신재지정일자>2016-07-12</최신재지정일자>
<업소명>갈비예찬</업소명>
<소재지_도로명_>경기도 용인시 수지구 포은대로 531 (죽전동, 1,2층)</소재지_도로명_>
<소재지_지번_>경기도 용인시 수지구 죽전동 1003 - 121 외1필지(1,2층)</소재지_지번_>
<소재지전화번호>031-896-1333</소재지전화번호>
<주된음식>갈비</주된음식>
<면적>637.13</면적>
<행정동>수지구 죽전1동</행정동>
</Row>
<Row>
<구분>재지정</구분>
<지정일자>2010-11-09</지정일자>
<최신재지정일자>2016-07-12</최신재지정일자>
<업소명>신선설농탕 수지점</업소명>
<소재지_도로명_>경기도 용인시 수지구 수지로 217 (신봉동,부광주차타워 106,107,108호)</소재지_도로명_>
<소재지_지번_>경기도 용인시 수지구 신봉동 899 부광주차타워 106,107,108호</소재지_지번_>
<소재지전화번호>031-272-0041</소재지전화번호>
<주된음식>설렁탕</주된음식>
<면적>142.82</면적>
<행정동>수지구 신봉동</행정동>
</Row>
<Row>
<구분>지정</구분>
<지정일자>2018-05-18</지정일자>
<최신재지정일자>2018-05-18</최신재지정일자>
<업소명>속초 코다리 냉면</업소명>
<소재지_도로명_>경기도 용인시 수지구 성복2로76번길 26-2 (성복동, 신봉V샤르망Ⅲ 109,110,111,112호)</소재지_도로명_>
<소재지_지번_>경기도 용인시 수지구 성복동 748 신봉V샤르망Ⅲ 109,110,111,112호</소재지_지번_>
<소재지전화번호>031-264-9959</소재지전화번호>
<주된음식>코다리냉면, 물냉면 등</주된음식>
<면적>170.89</면적>
<행정동>수지구 성복동</행정동>
</Row>
<Row>
<구분>재지정</구분>
<지정일자>2012-08-30</지정일자>
<최신재지정일자>2016-08-02</최신재지정일자>
<업소명>그릴식스 수지점</업소명>
<소재지_도로명_>경기도 용인시 수지구 죽전로 232 (죽전동,스완파미에 103호)</소재지_도로명_>
<소재지_지번_>경기도 용인시 수지구 죽전동 1350 스완파미에 103호</소재지_지번_>
<소재지전화번호>031-889-6757</소재지전화번호>
<주된음식>등심, 삼겹살</주된음식>
<면적>415.8</면적>
<행정동>수지구 죽전1동</행정동>
</Row>
<Row>
<구분>재지정</구분>
<지정일자>2008-11-28</지정일자>
<최신재지정일자>2016-07-12</최신재지정일자>
<업소명>양대화</업소명>
<소재지_도로명_>경기도 용인시 수지구 죽전로 232 (죽전동,스완파미에 (101,102호))</소재지_도로명_>
<소재지_지번_>경기도 용인시 수지구 죽전동 1350 스완파미에 (101,102호)</소재지_지번_>
<소재지전화번호>031-889-2233</소재지전화번호>
<주된음식>양곱창구이</주된음식>
<면적>674.7</면적>
<행정동>수지구 죽전1동</행정동>
</Row>
<Row>
<구분>재지정</구분>
<지정일자>2014-05-19</지정일자>
<최신재지정일자>2016-07-12</최신재지정일자>
<업소명>천지연</업소명>
<소재지_도로명_>경기도 용인시 수지구 현암로 96 (죽전동)</소재지_도로명_>
<소재지_지번_>경기도 용인시 수지구 죽전동 1206 - 2</소재지_지번_>
<소재지전화번호>031-898-3244</소재지전화번호>
<주된음식>갈비</주된음식>
<면적>291.84</면적>
<행정동>수지구 죽전1동</행정동>
</Row>
<Row>
<구분>재지정</구분>
<지정일자>2011-07-25</지정일자>
<최신재지정일자>2016-07-12</최신재지정일자>
<업소명>봉평메밀싹막국수</업소명>
<소재지_도로명_>경기도 용인시 수지구 용구대로 2757 (죽전동)</소재지_도로명_>
<소재지_지번_>경기도 용인시 수지구 죽전동 882 - 9</소재지_지번_>
<소재지전화번호>031-896-8888</소재지전화번호>
<주된음식>메밀막국수</주된음식>
<면적>207.48</면적>
<행정동>수지구 죽전1동</행정동>
</Row>
<Row>
<구분>지정</구분>
<지정일자>2017-07-31</지정일자>
<최신재지정일자>2017-07-31</최신재지정일자>
<업소명>곽사부</업소명>
<소재지_도로명_>경기도 용인시 수지구 죽전로168번길 29 (죽전동, 1층)</소재지_도로명_>
<소재지_지번_>경기도 용인시 수지구 죽전동 1336 - 6 1층</소재지_지번_>
<소재지전화번호>031-897-2323</소재지전화번호>
<주된음식>자장면</주된음식>
<면적>172.9</면적>
<행정동>수지구 죽전1동</행정동>
</Row>
<Row>
<구분>재지정</구분>
<지정일자>2010-11-09</지정일자>
<최신재지정일자>2016-07-12</최신재지정일자>
<업소명>죽전골남원추어탕</업소명>
<소재지_도로명_>경기도 용인시 수지구 현암로 134 (죽전동, 상가동 101~104호)</소재지_도로명_>
<소재지_지번_>경기도 용인시 수지구 죽전동 1194</소재지_지번_>
<소재지전화번호>031-898-4007</소재지전화번호>
<주된음식>추어탕</주된음식>
<면적>162</면적>
<행정동>수지구 죽전1동</행정동>
</Row>
<Row>
<구분>지정</구분>
<지정일자>2017-07-31</지정일자>
<최신재지정일자>2017-07-31</최신재지정일자>
<업소명>우시륵</업소명>
<소재지_도로명_>경기도 용인시 수지구 신봉1로344번길 10, 1층 (신봉동)</소재지_도로명_>
<소재지_지번_>경기도 용인시 수지구 신봉동 641</소재지_지번_>
<소재지전화번호/>
<주된음식>갈비</주된음식>
<면적>140.97</면적>
<행정동>수지구 신봉동</행정동>
</Row>
<Row>
<구분>재지정</구분>
<지정일자>2009-11-30</지정일자>
<최신재지정일자>2018-10-26</최신재지정일자>
<업소명>서래한우갈비마을(주)</업소명>
<소재지_도로명_>경기도 용인시 수지구 죽전로168번길 3 (죽전동,NPD 프라자 B101,101호)</소재지_도로명_>
<소재지_지번_>경기도 용인시 수지구 죽전동 1345 - 4 NPD 프라자 B101,101호</소재지_지번_>
<소재지전화번호>031-889-8000</소재지전화번호>
<주된음식>서래갈비탕, 서래도가니탕 등</주된음식>
<면적>414.7</면적>
<행정동>수지구 죽전1동</행정동>
</Row>
<Row>
<구분>재지정</구분>
<지정일자>2011-12-20</지정일자>
<최신재지정일자>2016-07-12</최신재지정일자>
<업소명>무봉리토종순대국(죽전점)</업소명>
<소재지_도로명_>경기도 용인시 수지구 대지로127번길 8 (죽전동,1층)</소재지_도로명_>
<소재지_지번_>경기도 용인시 수지구 죽전동 1217 - 2 1층</소재지_지번_>
<소재지전화번호>031-889-7002</소재지전화번호>
<주된음식>순대국</주된음식>
<면적>171.13</면적>
<행정동>수지구 죽전1동</행정동>
</Row>
<Row>
<구분>지정</구분>
<지정일자>2017-07-31</지정일자>
<최신재지정일자>2017-07-31</최신재지정일자>
<업소명>곤드레밥집</업소명>
<소재지_도로명_>경기도 용인시 수지구 고기로 114 (동천동)</소재지_도로명_>
<소재지_지번_>경기도 용인시 수지구 동천동 115 - 11</소재지_지번_>
<소재지전화번호>031-264-3651</소재지전화번호>
<주된음식>곤드레밥</주된음식>
<면적>354.2</면적>
<행정동>수지구 동천동</행정동>
</Row>
<Row>
<구분>지정</구분>
<지정일자>2017-07-31</지정일자>
<최신재지정일자>2017-07-31</최신재지정일자>
<업소명>고기리막국수 주식회사</업소명>
<소재지_도로명_>경기도 용인시 수지구 이종무로 119 (고기동)</소재지_도로명_>
<소재지_지번_>경기도 용인시 수지구 고기동 439 - 1</소재지_지번_>
<소재지전화번호>031-263-1107</소재지전화번호>
<주된음식>막국수</주된음식>
<면적>96.93</면적>
<행정동>수지구 동천동</행정동>
</Row>
<Row>
<구분>재지정</구분>
<지정일자>2017-07-31</지정일자>
<최신재지정일자>2018-10-26</최신재지정일자>
<업소명>심마니</업소명>
<소재지_도로명_>경기도 용인시 수지구 신봉1로 312, 2층 (신봉동)</소재지_도로명_>
<소재지_지번_>경기도 용인시 수지구 신봉동 573 - 1</소재지_지번_>
<소재지전화번호>031-263-9001</소재지전화번호>
<주된음식>고등어 구이 등</주된음식>
<면적>219.24</면적>
<행정동>수지구 신봉동</행정동>
</Row>
<Row>
<구분>재지정</구분>
<지정일자>2013-08-23</지정일자>
<최신재지정일자>2017-03-14</최신재지정일자>
<업소명>활어랑참치</업소명>
<소재지_도로명_>경기도 용인시 수지구 수지로342번길 7 (풍덕천동, C동 2층)</소재지_도로명_>
<소재지_지번_>경기도 용인시 수지구 풍덕천동 658 - 25 C동 2층</소재지_지번_>
<소재지전화번호>031-896-9372</소재지전화번호>
<주된음식>회정식</주된음식>
<면적>338.4</면적>
<행정동>수지구 풍덕천1동</행정동>
</Row>
<Row>
<구분>지정</구분>
<지정일자>2016-08-02</지정일자>
<최신재지정일자>2016-08-02</최신재지정일자>
<업소명>올리브</업소명>
<소재지_도로명_>경기도 용인시 수지구 풍덕천로 122 (풍덕천동, 하나로프라자 209,210호)</소재지_도로명_>
<소재지_지번_>경기도 용인시 수지구 풍덕천동 1080 - 9 하나로프라자 209,210호</소재지_지번_>
<소재지전화번호>031-276-2273</소재지전화번호>
<주된음식>파스타</주된음식>
<면적>85.68</면적>
<행정동>수지구 풍덕천1동</행정동>
</Row>
<Row>
<구분>재지정</구분>
<지정일자>2016-08-02</지정일자>
<최신재지정일자>2018-04-16</최신재지정일자>
<업소명>아구야</업소명>
<소재지_도로명_>경기도 용인시 수지구 신봉2로 94-17 (신봉동, 신봉택지개발지구 R2-2 지하1층)</소재지_도로명_>
<소재지_지번_>경기도 용인시 수지구 신봉동 0 신봉택지개발지구 R2-2 지하1층</소재지_지번_>
<소재지전화번호>031-276-9888</소재지전화번호>
<주된음식>아구찜, 해물찜</주된음식>
<면적>165.63</면적>
<행정동>수지구 신봉동</행정동>
</Row>
<Row>
<구분>재지정</구분>
<지정일자>2017-07-31</지정일자>
<최신재지정일자>2018-04-16</최신재지정일자>
<업소명>흐르는 송어처럼</업소명>
<소재지_도로명_>경기도 용인시 수지구 고기로415번길 16-1 (고기동, 1,2층)</소재지_도로명_>
<소재지_지번_>경기도 용인시 수지구 고기동 208 - 7 1,2층</소재지_지번_>
<소재지전화번호>031-262-3235</소재지전화번호>
<주된음식>퓨전 한정식</주된음식>
<면적>606.63</면적>
<행정동>수지구 동천동</행정동>
</Row>
<Row>
<구분>지정</구분>
<지정일자>2017-07-31</지정일자>
<최신재지정일자>2017-07-31</최신재지정일자>
<업소명>원조양평해장국</업소명>
<소재지_도로명_>경기도 용인시 수지구 정든로6번길 11, 가동 1층 (죽전동)</소재지_도로명_>
<소재지_지번_>경기도 용인시 수지구 죽전동 437 가동 1층</소재지_지번_>
<소재지전화번호>031-261-8688</소재지전화번호>
<주된음식>해장국</주된음식>
<면적>178.05</면적>
<행정동>수지구 죽전1동</행정동>
</Row>
<Row>
<구분>재지정</구분>
<지정일자>2014-12-03</지정일자>
<최신재지정일자>2017-01-09</최신재지정일자>
<업소명>이화면옥</업소명>
<소재지_도로명_>경기도 용인시 수지구 신봉1로 336-1 (신봉동, 1층)</소재지_도로명_>
<소재지_지번_>경기도 용인시 수지구 신봉동 640 - 1 1층</소재지_지번_>
<소재지전화번호>031-272-9933</소재지전화번호>
<주된음식>갈비찜, 냉면</주된음식>
<면적>257.52</면적>
<행정동>수지구 신봉동</행정동>
</Row>
<Row>
<구분>지정</구분>
<지정일자>2017-07-31</지정일자>
<최신재지정일자>2017-07-31</최신재지정일자>
<업소명>동해막국수</업소명>
<소재지_도로명_>경기도 용인시 수지구 호수로68번길 20-4 (고기동, 1층)</소재지_도로명_>
<소재지_지번_>경기도 용인시 수지구 고기동 30 - 77 1층</소재지_지번_>
<소재지전화번호>031-276-4533</소재지전화번호>
<주된음식>막국수</주된음식>
<면적>164.58</면적>
<행정동>수지구 동천동</행정동>
</Row>
<Row>
<구분>지정</구분>
<지정일자>2017-07-31</지정일자>
<최신재지정일자>2017-07-31</최신재지정일자>
<업소명>주막보리밥</업소명>
<소재지_도로명_>경기도 용인시 수지구 동천로 624 (고기동, 2층)</소재지_도로명_>
<소재지_지번_>경기도 용인시 수지구 고기동 214 - 6 2층</소재지_지번_>
<소재지전화번호>031-265-0777</소재지전화번호>
<주된음식>보리밥</주된음식>
<면적>180.8</면적>
<행정동>수지구 동천동</행정동>
</Row>
<Row>
<구분>지정</구분>
<지정일자>2017-07-31</지정일자>
<최신재지정일자>2017-07-31</최신재지정일자>
<업소명>오륙도</업소명>
<소재지_도로명_>경기도 용인시 수지구 광교중앙로296번길 6 (상현동, 광교어드밴스힐 103,104,105,106호)</소재지_도로명_>
<소재지_지번_>경기도 용인시 수지구 상현동 1133 - 2 광교어드밴스힐 103,104,105,106호</소재지_지번_>
<소재지전화번호>031-211-8998</소재지전화번호>
<주된음식>한정식</주된음식>
<면적>163.66</면적>
<행정동>수지구 상현1동</행정동>
</Row>
<Row>
<구분>지정</구분>
<지정일자>2017-07-31</지정일자>
<최신재지정일자>2017-07-31</최신재지정일자>
<업소명>뜰사랑3관</업소명>
<소재지_도로명_>경기도 용인시 수지구 이종무로 117-21 (고기동, A동 )</소재지_도로명_>
<소재지_지번_>경기도 용인시 수지구 고기동 411 - 1 A동</소재지_지번_>
<소재지전화번호/>
<주된음식>산채정식</주된음식>
<면적>203.88</면적>
<행정동>수지구 동천동</행정동>
</Row>
<Row>
<구분>지정</구분>
<지정일자>2016-08-02</지정일자>
<최신재지정일자>2016-08-02</최신재지정일자>
<업소명>남도한정식</업소명>
<소재지_도로명_>경기도 용인시 수지구 수지로342번길 7 (풍덕천동, C동 1층)</소재지_도로명_>
<소재지_지번_>경기도 용인시 수지구 풍덕천동 658 - 25 C동 1층</소재지_지번_>
<소재지전화번호/>
<주된음식>한정식</주된음식>
<면적>338.4</면적>
<행정동>수지구 풍덕천1동</행정동>
</Row>
<Row>
<구분>지정</구분>
<지정일자>2017-07-31</지정일자>
<최신재지정일자>2017-07-31</최신재지정일자>
<업소명>구팔한우 용인동천점</업소명>
<소재지_도로명_>경기도 용인시 수지구 신수로 767 (동천동, 분당수지 유타워 A동 232호)</소재지_도로명_>
<소재지_지번_>경기도 용인시 수지구 동천동 899 분당수지 유타워 A동 232호</소재지_지번_>
<소재지전화번호/>
<주된음식>돼지갈비</주된음식>
<면적>181.07</면적>
<행정동>수지구 동천동</행정동>
</Row>
<Row>
<구분>지정</구분>
<지정일자>2018-05-18</지정일자>
<최신재지정일자>2018-05-18</최신재지정일자>
<업소명>토속상황삼계탕</업소명>
<소재지_도로명_>경기도 용인시 수지구 신수로 767 (동천동, 분당수지유타워 A동 239호)</소재지_도로명_>
<소재지_지번_>경기도 용인시 수지구 동천동 899 분당수지유타워 A동 239호</소재지_지번_>
<소재지전화번호>031-262-5284</소재지전화번호>
<주된음식>상황삼계탕, 닭갈비 등</주된음식>
<면적>242.74</면적>
<행정동>수지구 동천동</행정동>
</Row>
<Row>
<구분>지정</구분>
<지정일자>2018-05-18</지정일자>
<최신재지정일자>2018-05-18</최신재지정일자>
<업소명>김영희동태찜 광교점</업소명>
<소재지_도로명_>경기도 용인시 수지구 광교중앙로295번길 13, B동 204,205호 (상현동, 광교2차 푸르지오시티)</소재지_도로명_>
<소재지_지번_>경기도 용인시 수지구 상현동 1116 - 3 광교2차 푸르지오시티</소재지_지번_>
<소재지전화번호>031-211-3177</소재지전화번호>
<주된음식>동태찜, 코다리찜 등</주된음식>
<면적>108.76</면적>
<행정동>수지구 상현1동</행정동>
</Row>
<Row>
<구분>지정</구분>
<지정일자>2018-05-18</지정일자>
<최신재지정일자>2018-05-18</최신재지정일자>
<업소명>연평도해물탕</업소명>
<소재지_도로명_>경기도 용인시 수지구 신봉1로 396, 1층 (신봉동)</소재지_도로명_>
<소재지_지번_>경기도 용인시 수지구 신봉동 753 - 15</소재지_지번_>
<소재지전화번호/>
<주된음식>전복해물탕, 해물찜</주된음식>
<면적>397.84</면적>
<행정동>수지구 신봉동</행정동>
</Row>
</root>
