<?xml version="1.0" encoding="UTF-8"?>
<root>
<header>
<header>연번</header>
<header>업소명</header>
<header>소재지_도로명_</header>
<header>위도</header>
<header>경도</header>
<header>소재지전화번호</header>
<header>음식의유형</header>
<header>주된음식</header>
<header>최근지정일자</header>
</header>
<Row>
<연번>1</연번>
<업소명>강릉횟집</업소명>
<소재지_도로명_>경기도 동두천시 중앙로 110-13 (지행동,개림프라자 201호,202호)</소재지_도로명_>
<위도>37.891399</위도>
<경도>127.053023</경도>
<소재지전화번호>031-861-9700</소재지전화번호>
<음식의유형>일식</음식의유형>
<주된음식>회</주된음식>
<최근지정일자>2018-12-31</최근지정일자>
</Row>
<Row>
<연번>2</연번>
<업소명>그집순대국</업소명>
<소재지_도로명_>경기도 동두천시 장고갯로 123 (생연동)</소재지_도로명_>
<위도>37.905986</위도>
<경도>127.064219</경도>
<소재지전화번호>031-863-2254</소재지전화번호>
<음식의유형>한식</음식의유형>
<주된음식>순대국</주된음식>
<최근지정일자>2018-12-31</최근지정일자>
</Row>
<Row>
<연번>3</연번>
<업소명>대호숯불갈비</업소명>
<소재지_도로명_>경기도 동두천시 중앙로265번길 19 (생연동)</소재지_도로명_>
<위도>37.905245</위도>
<경도>127.052698</경도>
<소재지전화번호>031-868-0092</소재지전화번호>
<음식의유형>한식</음식의유형>
<주된음식>돼지갈비,불고기</주된음식>
<최근지정일자>2018-12-31</최근지정일자>
</Row>
<Row>
<연번>4</연번>
<업소명>동동갈비</업소명>
<소재지_도로명_>경기도 동두천시 어수로101번길 13 (생연동)</소재지_도로명_>
<위도>37.902966</위도>
<경도>127.053807</경도>
<소재지전화번호>031-864-3093</소재지전화번호>
<음식의유형>한식</음식의유형>
<주된음식>돼지갈비</주된음식>
<최근지정일자>2018-12-31</최근지정일자>
</Row>
<Row>
<연번>5</연번>
<업소명>마티스</업소명>
<소재지_도로명_>경기도 동두천시 평화로 2546, 본동 2층호 (보산동,새마을금고)</소재지_도로명_>
<위도>37.915089</위도>
<경도>127.057781</경도>
<소재지전화번호>031-862-0255</소재지전화번호>
<음식의유형>경양식</음식의유형>
<주된음식>스테이크,바베큐,파스타</주된음식>
<최근지정일자>2018-12-31</최근지정일자>
</Row>
<Row>
<연번>6</연번>
<업소명>삼복식당</업소명>
<소재지_도로명_>경기도 동두천시 동광로 47-9 (생연동)</소재지_도로명_>
<위도>37.908999</위도>
<경도>127.053481</경도>
<소재지전화번호>031-865-2130</소재지전화번호>
<음식의유형>일식</음식의유형>
<주된음식>회,매운탕</주된음식>
<최근지정일자>2018-12-31</최근지정일자>
</Row>
<Row>
<연번>7</연번>
<업소명>생연칼국수</업소명>
<소재지_도로명_>경기도 동두천시 생연로 124, 1층 (생연동)</소재지_도로명_>
<위도>37.903541</위도>
<경도>127.051389</경도>
<소재지전화번호>031-865-2011</소재지전화번호>
<음식의유형>한식</음식의유형>
<주된음식>삼계탕,칼국수</주된음식>
<최근지정일자>2018-12-31</최근지정일자>
</Row>
<Row>
<연번>8</연번>
<업소명>송내별미식당</업소명>
<소재지_도로명_>경기도 동두천시 중앙로 116, 본동 204호 (지행동,두손프라자)</소재지_도로명_>
<위도>37.891765</위도>
<경도>127.052507</경도>
<소재지전화번호>031-859-3785</소재지전화번호>
<음식의유형>한식</음식의유형>
<주된음식>찜류</주된음식>
<최근지정일자>2018-12-31</최근지정일자>
</Row>
<Row>
<연번>9</연번>
<업소명>송내실비집</업소명>
<소재지_도로명_>경기도 동두천시 중앙로 112, 본동 205호 (지행동,메인프라자)</소재지_도로명_>
<위도>37.891467</위도>
<경도>127.052499</경도>
<소재지전화번호>031-857-6006</소재지전화번호>
<음식의유형>한식</음식의유형>
<주된음식>부대찌게</주된음식>
<최근지정일자>2018-12-31</최근지정일자>
</Row>
<Row>
<연번>10</연번>
<업소명>아리랑갈비(주하늘)</업소명>
<소재지_도로명_>동두천시 평화로2261번길 36 (지행동)</소재지_도로명_>
<위도>37.890798</위도>
<경도>127.056612</경도>
<소재지전화번호>031-868-2435</소재지전화번호>
<음식의유형>한식</음식의유형>
<주된음식>소갈비, 돼지갈비,갈비탕</주된음식>
<최근지정일자>2018-12-31</최근지정일자>
</Row>
<Row>
<연번>11</연번>
<업소명>약수산장</업소명>
<소재지_도로명_>동두천시 천보산로 619 (탑동동)</소재지_도로명_>
<위도>37.884539</위도>
<경도>127.092558</경도>
<소재지전화번호>031-867-3341</소재지전화번호>
<음식의유형>한식</음식의유형>
<주된음식>오리주물럭, 동태탕</주된음식>
<최근지정일자>2018-12-31</최근지정일자>
</Row>
<Row>
<연번>12</연번>
<업소명>오륙하우스</업소명>
<소재지_도로명_>경기도 동두천시 상패로 210-9 (보산동)</소재지_도로명_>
<위도>37.917297</위도>
<경도>127.055569</경도>
<소재지전화번호>031-865-3556</소재지전화번호>
<음식의유형>경양식</음식의유형>
<주된음식>스파게티,스테이크</주된음식>
<최근지정일자>2018-12-31</최근지정일자>
</Row>
<Row>
<연번>13</연번>
<업소명>유경장작구이</업소명>
<소재지_도로명_>경기도 동두천시 평화로2910번길 10 (상봉암동,외 1필지)</소재지_도로명_>
<위도>37.945917</위도>
<경도>127.061757</경도>
<소재지전화번호>031-865-5292</소재지전화번호>
<음식의유형>한식</음식의유형>
<주된음식>오리</주된음식>
<최근지정일자>2018-12-31</최근지정일자>
</Row>
<Row>
<연번>14</연번>
<업소명>작은성</업소명>
<소재지_도로명_>경기도 동두천시 평화로2910번길 76 (상봉암동)</소재지_도로명_>
<위도>37.945676</위도>
<경도>127.065481</경도>
<소재지전화번호>031-867-1551</소재지전화번호>
<음식의유형>한식</음식의유형>
<주된음식>한식</주된음식>
<최근지정일자>2018-12-31</최근지정일자>
</Row>
<Row>
<연번>15</연번>
<업소명>평남면옥</업소명>
<소재지_도로명_>경기도 동두천시 생연로 127 (생연동)</소재지_도로명_>
<위도>37.903908</위도>
<경도>127.051123</경도>
<소재지전화번호>031-865-2413</소재지전화번호>
<음식의유형>한식</음식의유형>
<주된음식>냉면</주된음식>
<최근지정일자>2018-12-31</최근지정일자>
</Row>
<Row>
<연번>16</연번>
<업소명>형제불고기</업소명>
<소재지_도로명_>경기도 동두천시 정장로 11-12 (생연동)</소재지_도로명_>
<위도>37.905179</위도>
<경도>127.052233</경도>
<소재지전화번호>031-865-2021</소재지전화번호>
<음식의유형>한식</음식의유형>
<주된음식>불고기</주된음식>
<최근지정일자>2018-12-31</최근지정일자>
</Row>
<Row>
<연번>17</연번>
<업소명>소요산맛드림정육식당</업소명>
<소재지_도로명_>경기도 동두천시 평화로2910번길 30, 소요산 축산물 브랜드육타운 1층 (상봉암동)</소재지_도로명_>
<위도>37.945838</위도>
<경도>127.064431</경도>
<소재지전화번호>031-857-6600</소재지전화번호>
<음식의유형>한식</음식의유형>
<주된음식>갈비탕, 육회, 전골</주된음식>
<최근지정일자>2018-12-31</최근지정일자>
</Row>
<Row>
<연번>18</연번>
<업소명>참좋은미식</업소명>
<소재지_도로명_>경기도 동두천시 신천로231번길 35-11 (안흥동)</소재지_도로명_>
<위도>37.937281</위도>
<경도>127.046292</경도>
<소재지전화번호>031-862-6976</소재지전화번호>
<음식의유형>한식</음식의유형>
<주된음식>쌈밥</주된음식>
<최근지정일자>2018-12-31</최근지정일자>
</Row>
<Row>
<연번>19</연번>
<업소명>대기철판요리</업소명>
<소재지_도로명_>경기도 동두천시 동광로53번길 72 (생연동)</소재지_도로명_>
<위도>37.911698</위도>
<경도>127.055196</경도>
<소재지전화번호>031-858-7852</소재지전화번호>
<음식의유형>양식</음식의유형>
<주된음식>철판요리</주된음식>
<최근지정일자>2018-12-31</최근지정일자>
</Row>
</root>
