<?xml version="1.0" encoding="UTF-8"?>
<root>
<header>
<header>연번</header>
<header>업소명</header>
<header>업태명</header>
<header>주된음식</header>
<header>소재지_도로명_</header>
<header>소재지전화</header>
<header>최초지정일자</header>
</header>
<Row>
<연번>1</연번>
<업소명>덕화원</업소명>
<업태명>중국식</업태명>
<주된음식>자장면,유산슬</주된음식>
<소재지_도로명_>경기도 양주시 덕정동 350</소재지_도로명_>
<소재지전화>031-858-0103</소재지전화>
<최초지정일자>2000-12-29</최초지정일자>
</Row>
<Row>
<연번>2</연번>
<업소명>페트라숯불구이</업소명>
<업태명>한식</업태명>
<주된음식>오리훈제</주된음식>
<소재지_도로명_>경기도 양주시 장흥면 일영로 601-100</소재지_도로명_>
<소재지전화>031-855-0325</소재지전화>
<최초지정일자>2011-10-12</최초지정일자>
</Row>
<Row>
<연번>3</연번>
<업소명>만인식당</업소명>
<업태명>한식</업태명>
<주된음식>된장찌개,부대찌개</주된음식>
<소재지_도로명_>경기도 양주시 남면 개나리12길 21</소재지_도로명_>
<소재지전화>031-863-6115</소재지전화>
<최초지정일자>2001-08-30</최초지정일자>
</Row>
<Row>
<연번>4</연번>
<업소명>신선식당</업소명>
<업태명>한식</업태명>
<주된음식>오리구이,닭도리탕</주된음식>
<소재지_도로명_>경기도 양주시 장흥면 권율로309번길 149</소재지_도로명_>
<소재지전화>031-855-5213</소재지전화>
<최초지정일자>2001-08-30</최초지정일자>
</Row>
<Row>
<연번>5</연번>
<업소명>부일기사식당</업소명>
<업태명>한식</업태명>
<주된음식>부대찌개, 제육볶음</주된음식>
<소재지_도로명_>경기도 양주시 장흥면 호국로 557-2</소재지_도로명_>
<소재지전화>031-826-4108</소재지전화>
<최초지정일자>2013-08-05</최초지정일자>
</Row>
<Row>
<연번>6</연번>
<업소명>아이가</업소명>
<업태명>경양식</업태명>
<주된음식>돈까스</주된음식>
<소재지_도로명_>경기도 양주시 백석읍 권율로 1103</소재지_도로명_>
<소재지전화>031-877-7892</소재지전화>
<최초지정일자>2007-03-30</최초지정일자>
</Row>
<Row>
<연번>7</연번>
<업소명>양주골전통순대국</업소명>
<업태명>한식</업태명>
<주된음식>순대국</주된음식>
<소재지_도로명_>경기도 양주시 부흥로 1387 (유양동)</소재지_도로명_>
<소재지전화>031-840-7660</소재지전화>
<최초지정일자>2006-07-11</최초지정일자>
</Row>
<Row>
<연번>8</연번>
<업소명>쌀밭나드리</업소명>
<업태명>식육(숯불구이)</업태명>
<주된음식>한우</주된음식>
<소재지_도로명_>경기도 양주시 백석읍 기산로 468</소재지_도로명_>
<소재지전화>031-876-4677</소재지전화>
<최초지정일자>2005-05-02</최초지정일자>
</Row>
<Row>
<연번>9</연번>
<업소명>궁전식당</업소명>
<업태명>한식</업태명>
<주된음식>갈비,등심</주된음식>
<소재지_도로명_>경기도 양주시 삼숭동 어하고개로 141</소재지_도로명_>
<소재지전화>031-847-6330</소재지전화>
<최초지정일자>2001-08-30</최초지정일자>
</Row>
<Row>
<연번>10</연번>
<업소명>피자성 효인방</업소명>
<업태명>경양식</업태명>
<주된음식>쑥피자,스파게티</주된음식>
<소재지_도로명_>경기도 양주시 장흥면 권율로 83-5</소재지_도로명_>
<소재지전화>031-855-5220</소재지전화>
<최초지정일자>2007-03-30</최초지정일자>
</Row>
<Row>
<연번>11</연번>
<업소명>몽당갈비</업소명>
<업태명>식육(숯불구이)</업태명>
<주된음식>회덮밥,알탕</주된음식>
<소재지_도로명_>경기도 양주시 남면 개나리6길 19-19</소재지_도로명_>
<소재지전화>031-867-8833</소재지전화>
<최초지정일자>2001-08-30</최초지정일자>
</Row>
<Row>
<연번>12</연번>
<업소명>뫼골산장</업소명>
<업태명>식육(숯불구이)</업태명>
<주된음식>한정식</주된음식>
<소재지_도로명_>경기도 양주시 백석읍 기산로 423-2</소재지_도로명_>
<소재지전화>031-871-7180</소재지전화>
<최초지정일자>2000-12-29</최초지정일자>
</Row>
<Row>
<연번>13</연번>
<업소명>송추가마골(교현지점)</업소명>
<업태명>한식</업태명>
<주된음식>갈비,갈비탕</주된음식>
<소재지_도로명_>경기도 양주시 장흥면 호국로 525 (외2필지(114-12,114-22))</소재지_도로명_>
<소재지전화>031-826-3311</소재지전화>
<최초지정일자>2001-08-30</최초지정일자>
</Row>
<Row>
<연번>14</연번>
<업소명>산하식당</업소명>
<업태명>식육(숯불구이)</업태명>
<주된음식>한우</주된음식>
<소재지_도로명_>경기도 양주시 백석읍 기산로 410</소재지_도로명_>
<소재지전화>031-871-9369</소재지전화>
<최초지정일자>2010-06-30</최초지정일자>
</Row>
<Row>
<연번>15</연번>
<업소명>초가마을</업소명>
<업태명>한식</업태명>
<주된음식>모듬정식,닭도리탕</주된음식>
<소재지_도로명_>경기도 양주시 장흥면 권율로309번길 159</소재지_도로명_>
<소재지전화>031-855-1124</소재지전화>
<최초지정일자>2001-08-30</최초지정일자>
</Row>
<Row>
<연번>16</연번>
<업소명>신털뫼1</업소명>
<업태명>한식</업태명>
<주된음식>백숙,닭볶음탕</주된음식>
<소재지_도로명_>경기도 양주시 장흥면 권율로309번길 304-6</소재지_도로명_>
<소재지전화>031-855-6936</소재지전화>
<최초지정일자>2012-08-03</최초지정일자>
</Row>
<Row>
<연번>17</연번>
<업소명>양주골 초계탕</업소명>
<업태명>탕류(보신용)</업태명>
<주된음식>초계탕</주된음식>
<소재지_도로명_>경기도 양주시 은현면 화합로 730</소재지_도로명_>
<소재지전화>031-867-2788</소재지전화>
<최초지정일자>2000-12-29</최초지정일자>
</Row>
<Row>
<연번>18</연번>
<업소명>털랭이 매운탕</업소명>
<업태명>한식</업태명>
<주된음식>매운탕</주된음식>
<소재지_도로명_>경기도 양주시 백석읍 권율로 1107</소재지_도로명_>
<소재지전화>031-855-2175</소재지전화>
<최초지정일자>2006-12-29</최초지정일자>
</Row>
<Row>
<연번>19</연번>
<업소명>양주순대국</업소명>
<업태명>한식</업태명>
<주된음식>순대국</주된음식>
<소재지_도로명_>경기도 양주시 부흥로 1379 (유양동)</소재지_도로명_>
<소재지전화>031-840-0233</소재지전화>
<최초지정일자>2016-10-13</최초지정일자>
</Row>
<Row>
<연번>20</연번>
<업소명>삼호산장</업소명>
<업태명>식육(숯불구이)</업태명>
<주된음식>한우전문</주된음식>
<소재지_도로명_>경기도 양주시 백석읍 기산로 435</소재지_도로명_>
<소재지전화>031-876-2351</소재지전화>
<최초지정일자>2009-06-30</최초지정일자>
</Row>
<Row>
<연번>21</연번>
<업소명>기산약수촌</업소명>
<업태명>식육(숯불구이)</업태명>
<주된음식>한우</주된음식>
<소재지_도로명_>경기도 양주시 백석읍 기산로 498-3</소재지_도로명_>
<소재지전화>031-871-8712</소재지전화>
<최초지정일자>2005-07-22</최초지정일자>
</Row>
<Row>
<연번>22</연번>
<업소명>갯촌칼국시</업소명>
<업태명>한식</업태명>
<주된음식>칼국수</주된음식>
<소재지_도로명_>경기도 양주시 장흥면 호국로 697</소재지_도로명_>
<소재지전화>031-826-3315</소재지전화>
<최초지정일자>2011-10-12</최초지정일자>
</Row>
<Row>
<연번>23</연번>
<업소명>삼오식당</업소명>
<업태명>한식</업태명>
<주된음식>부대찌개,스테이크</주된음식>
<소재지_도로명_>경기도 양주시 부흥로1398번길 51 (유양동)</소재지_도로명_>
<소재지전화>031-840-8828</소재지전화>
<최초지정일자>2001-08-30</최초지정일자>
</Row>
<Row>
<연번>24</연번>
<업소명>원봉산</업소명>
<업태명>한식</업태명>
<주된음식>쌈밥정식,영양돌솥</주된음식>
<소재지_도로명_>경기도 양주시 백석읍 권율로 1101</소재지_도로명_>
<소재지전화>031-879-1005</소재지전화>
<최초지정일자>2000-12-29</최초지정일자>
</Row>
<Row>
<연번>25</연번>
<업소명>불곡산장</업소명>
<업태명>한식</업태명>
<주된음식>닭도리탕,백숙</주된음식>
<소재지_도로명_>경기도 양주시 평화로1261번길 370 (산북동)</소재지_도로명_>
<소재지전화>031-840-7860</소재지전화>
<최초지정일자>2000-12-29</최초지정일자>
</Row>
<Row>
<연번>26</연번>
<업소명>흑과백</업소명>
<업태명>식육(숯불구이)</업태명>
<주된음식>한우</주된음식>
<소재지_도로명_>경기도 양주시 백석읍 기산로 620</소재지_도로명_>
<소재지전화>031-871-8889</소재지전화>
<최초지정일자>2005-07-22</최초지정일자>
</Row>
<Row>
<연번>27</연번>
<업소명>등촌칼국수</업소명>
<업태명>한식</업태명>
<주된음식>샤브샤브</주된음식>
<소재지_도로명_>경기도 양주시 백석읍 고릉말로150번길 28 (1층)</소재지_도로명_>
<소재지전화>031-879-6070</소재지전화>
<최초지정일자>2008-12-29</최초지정일자>
</Row>
<Row>
<연번>28</연번>
<업소명>무봉리토종순대국 가래비점</업소명>
<업태명>한식</업태명>
<주된음식>순대국,순대전골</주된음식>
<소재지_도로명_>경기도 양주시 광적면 부흥로 838</소재지_도로명_>
<소재지전화>031-836-0915</소재지전화>
<최초지정일자>2001-08-30</최초지정일자>
</Row>
<Row>
<연번>29</연번>
<업소명>독바위칼국수</업소명>
<업태명>한식</업태명>
<주된음식>해물칼국수</주된음식>
<소재지_도로명_>경기도 양주시 독바위로 20 (덕정동)</소재지_도로명_>
<소재지전화>031-859-3191</소재지전화>
<최초지정일자>2009-03-30</최초지정일자>
</Row>
<Row>
<연번>30</연번>
<업소명>송추부일식당</업소명>
<업태명>한식</업태명>
<주된음식>부대찌개</주된음식>
<소재지_도로명_>경기도 양주시 부흥로 1338 (유양동)</소재지_도로명_>
<소재지전화>031-840-4343</소재지전화>
<최초지정일자>2005-07-22</최초지정일자>
</Row>
<Row>
<연번>31</연번>
<업소명>황우촌</업소명>
<업태명>한식</업태명>
<주된음식>소고기 전문</주된음식>
<소재지_도로명_>경기도 양주시 백석읍 호명로 103-92</소재지_도로명_>
<소재지전화>031-826-6692</소재지전화>
<최초지정일자>2004-05-11</최초지정일자>
</Row>
<Row>
<연번>32</연번>
<업소명>청진도가니탕</업소명>
<업태명>한식</업태명>
<주된음식>도가니탕, 설렁탕</주된음식>
<소재지_도로명_>경기도 양주시 광적면 삼일로29번길 113</소재지_도로명_>
<소재지전화>031-836-4132</소재지전화>
<최초지정일자>2004-05-11</최초지정일자>
</Row>
<Row>
<연번>33</연번>
<업소명>윤가네일품요리</업소명>
<업태명>한식</업태명>
<주된음식>닭곰탕</주된음식>
<소재지_도로명_>경기도 양주시 부흥로 2038-61 (만송동)</소재지_도로명_>
<소재지전화>031-858-8007</소재지전화>
<최초지정일자>2004-05-11</최초지정일자>
</Row>
<Row>
<연번>34</연번>
<업소명>초만원</업소명>
<업태명>한식</업태명>
<주된음식>토종닭,게장백반</주된음식>
<소재지_도로명_>경기도 양주시 남면 감악산로489번길 85</소재지_도로명_>
<소재지전화>031-868-4304</소재지전화>
<최초지정일자>2004-05-11</최초지정일자>
</Row>
<Row>
<연번>35</연번>
<업소명>평양면옥</업소명>
<업태명>냉면집</업태명>
<주된음식>평양냉면</주된음식>
<소재지_도로명_>경기도 양주시 장흥면 호국로 515</소재지_도로명_>
<소재지전화>031-826-4231</소재지전화>
<최초지정일자>2007-12-31</최초지정일자>
</Row>
<Row>
<연번>36</연번>
<업소명>화로마을</업소명>
<업태명>한식</업태명>
<주된음식>돼지갈비</주된음식>
<소재지_도로명_>경기도 양주시 평화로1435번길 5-3 (덕계동, 1층)</소재지_도로명_>
<소재지전화>031-864-9289</소재지전화>
<최초지정일자>2011-10-12</최초지정일자>
</Row>
<Row>
<연번>37</연번>
<업소명>묵호횟집</업소명>
<업태명>일식</업태명>
<주된음식>회</주된음식>
<소재지_도로명_>경기도 양주시 엄상동길 50-20 (고암동)</소재지_도로명_>
<소재지전화>031-859-0098</소재지전화>
<최초지정일자>2018-08-22</최초지정일자>
</Row>
<Row>
<연번>38</연번>
<업소명>산에산 화덕구이</업소명>
<업태명>한식</업태명>
<주된음식>유황오리구이</주된음식>
<소재지_도로명_>경기도 양주시 양주산성로307번길 51 (어둔동)</소재지_도로명_>
<소재지전화>031-843-5282</소재지전화>
<최초지정일자>2006-07-11</최초지정일자>
</Row>
<Row>
<연번>39</연번>
<업소명>청수정</업소명>
<업태명>한식</업태명>
<주된음식>보양탕, 유황오리</주된음식>
<소재지_도로명_>경기도 양주시 칠봉산로168번길 43 (봉양동,외1필지)</소재지_도로명_>
<소재지전화>031-862-4920</소재지전화>
<최초지정일자>2004-12-20</최초지정일자>
</Row>
<Row>
<연번>40</연번>
<업소명>청산유수</업소명>
<업태명>식육(숯불구이)</업태명>
<주된음식>토속음식</주된음식>
<소재지_도로명_>경기도 양주시 백석읍 기산로 484</소재지_도로명_>
<소재지전화>031-876-8017</소재지전화>
<최초지정일자>2005-07-22</최초지정일자>
</Row>
<Row>
<연번>41</연번>
<업소명>최고집 칼국수</업소명>
<업태명>한식</업태명>
<주된음식>칼국수</주된음식>
<소재지_도로명_>경기도 양주시 부흥로 2122 (삼숭동,외1필지(669-13)1층)</소재지_도로명_>
<소재지전화>031-846-4818</소재지전화>
<최초지정일자>2011-07-07</최초지정일자>
</Row>
<Row>
<연번>42</연번>
<업소명>송추가마골</업소명>
<업태명>한식</업태명>
<주된음식>갈비</주된음식>
<소재지_도로명_>경기도 양주시 장흥면 호국로527번길 11-10 (1층 일부,2층,3층 일부)</소재지_도로명_>
<소재지전화>031-826-3333</소재지전화>
<최초지정일자>2006-04-17</최초지정일자>
</Row>
<Row>
<연번>43</연번>
<업소명>뜨락</업소명>
<업태명>한식</업태명>
<주된음식>갈매기살</주된음식>
<소재지_도로명_>경기도 양주시 백석읍 양주산성로800번길 85</소재지_도로명_>
<소재지전화>031-829-3707</소재지전화>
<최초지정일자>2006-04-17</최초지정일자>
</Row>
<Row>
<연번>44</연번>
<업소명>참살이쌈밥</업소명>
<업태명>한식</업태명>
<주된음식>모듬쌈밥, 제육볶음</주된음식>
<소재지_도로명_>경기도 양주시 만송로 364 (만송동,외 1필지(1,2층))</소재지_도로명_>
<소재지전화>031-847-3472</소재지전화>
<최초지정일자>2005-05-02</최초지정일자>
</Row>
<Row>
<연번>45</연번>
<업소명>지호한방삼계탕</업소명>
<업태명>한식</업태명>
<주된음식>한방삼계탕</주된음식>
<소재지_도로명_>경기도 양주시 광적면 광적로30번길 6-16</소재지_도로명_>
<소재지전화>031-857-9998</소재지전화>
<최초지정일자>2008-10-21</최초지정일자>
</Row>
<Row>
<연번>46</연번>
<업소명>양주재래식손두부(덕계점)</업소명>
<업태명>한식</업태명>
<주된음식>손두부</주된음식>
<소재지_도로명_>경기도 양주시 평화로1413번길 19 (덕계동)</소재지_도로명_>
<소재지전화>031-857-8589</소재지전화>
<최초지정일자>2018-09-13</최초지정일자>
</Row>
<Row>
<연번>47</연번>
<업소명>부추국수전문점</업소명>
<업태명>한식</업태명>
<주된음식>부추국수</주된음식>
<소재지_도로명_>경기도 양주시 만송로 394-12 (만송동)</소재지_도로명_>
<소재지전화>0505-930-6000</소재지전화>
<최초지정일자>2018-08-22</최초지정일자>
</Row>
<Row>
<연번>48</연번>
<업소명>송추가마골 덕정점</업소명>
<업태명>식육(숯불구이)</업태명>
<주된음식>송추가마골갈비</주된음식>
<소재지_도로명_>경기도 양주시 독바위로 81 (덕정동)</소재지_도로명_>
<소재지전화>031-858-1111</소재지전화>
<최초지정일자>2007-03-30</최초지정일자>
</Row>
<Row>
<연번>49</연번>
<업소명>쌈마루</업소명>
<업태명>한식</업태명>
<주된음식>돼지갈비</주된음식>
<소재지_도로명_>경기도 양주시 백석읍 양주산성로 565, 1동 1층</소재지_도로명_>
<소재지전화>031-878-7879</소재지전화>
<최초지정일자>2011-03-24</최초지정일자>
</Row>
<Row>
<연번>50</연번>
<업소명>양달마을국시</업소명>
<업태명>한식</업태명>
<주된음식>국수류</주된음식>
<소재지_도로명_>경기도 양주시 백석읍 부흥로 999</소재지_도로명_>
<소재지전화>031-855-3465</소재지전화>
<최초지정일자>2007-07-05</최초지정일자>
</Row>
<Row>
<연번>51</연번>
<업소명>밀밭사랑</업소명>
<업태명>한식</업태명>
<주된음식>밀요리</주된음식>
<소재지_도로명_>경기도 양주시 부흥로1398번길 189 (남방동,외2필지(440-2,440-8))</소재지_도로명_>
<소재지전화>031-845-5522</소재지전화>
<최초지정일자>2011-10-12</최초지정일자>
</Row>
<Row>
<연번>52</연번>
<업소명>만두예찬</업소명>
<업태명>한식</업태명>
<주된음식>칼국수</주된음식>
<소재지_도로명_>경기도 양주시 화합로 1347 (덕정동)</소재지_도로명_>
<소재지전화>031-857-9284</소재지전화>
<최초지정일자>2011-03-24</최초지정일자>
</Row>
<Row>
<연번>53</연번>
<업소명>포동리한우</업소명>
<업태명>식육(숯불구이)</업태명>
<주된음식>소고기,돼지고기</주된음식>
<소재지_도로명_>경기도 양주시 광적면 가래비11길 6</소재지_도로명_>
<소재지전화>031-829-3766</소재지전화>
<최초지정일자>2010-12-31</최초지정일자>
</Row>
<Row>
<연번>54</연번>
<업소명>남원골 추어탕</업소명>
<업태명>한식</업태명>
<주된음식>추어탕</주된음식>
<소재지_도로명_>경기도 양주시 부흥로1398번길 18-7 (유양동)</소재지_도로명_>
<소재지전화>031-840-7661</소재지전화>
<최초지정일자>2011-10-12</최초지정일자>
</Row>
<Row>
<연번>55</연번>
<업소명>전원마을</업소명>
<업태명>식육(숯불구이)</업태명>
<주된음식>한우전문</주된음식>
<소재지_도로명_>경기도 양주시 평화로1489번길 68-29 (덕계동)</소재지_도로명_>
<소재지전화>031-867-8562</소재지전화>
<최초지정일자>2011-10-17</최초지정일자>
</Row>
<Row>
<연번>56</연번>
<업소명>산채마을 능이백숙</업소명>
<업태명>한식</업태명>
<주된음식>능이버섯백숙, 오리구이</주된음식>
<소재지_도로명_>경기도 양주시 화합로1325번길 22-8, 1층 (덕정동)</소재지_도로명_>
<소재지전화>031-862-3689</소재지전화>
<최초지정일자>2014-11-10</최초지정일자>
</Row>
<Row>
<연번>57</연번>
<업소명>태능솔밭가든</업소명>
<업태명>한식</업태명>
<주된음식>갈비</주된음식>
<소재지_도로명_>경기도 양주시 양주산성로 175 (남방동)</소재지_도로명_>
<소재지전화>031-821-8000</소재지전화>
<최초지정일자>2014-11-10</최초지정일자>
</Row>
<Row>
<연번>58</연번>
<업소명>현대고기마을</업소명>
<업태명>한식</업태명>
<주된음식>돼지구이</주된음식>
<소재지_도로명_>경기도 양주시 광적면 광적로30번길 6-13 (2층)</소재지_도로명_>
<소재지전화>031-836-6689</소재지전화>
<최초지정일자>2018-09-13</최초지정일자>
</Row>
<Row>
<연번>59</연번>
<업소명>김경자 소문난 대구왕뽈찜</업소명>
<업태명>한식</업태명>
<주된음식>대구뽈찜, 아구찜</주된음식>
<소재지_도로명_>경기도 양주시 외미로 99-8 (남방동, 주건축물제1동 1층(일부))</소재지_도로명_>
<소재지전화>031-840-8671</소재지전화>
<최초지정일자>2014-11-10</최초지정일자>
</Row>
<Row>
<연번>60</연번>
<업소명>착한소곱창</업소명>
<업태명>한식</업태명>
<주된음식>소곱창</주된음식>
<소재지_도로명_>경기도 양주시 고암길 358 (덕정동, 인아프라자 111,112호)</소재지_도로명_>
<소재지전화>031-859-9285</소재지전화>
<최초지정일자>2015-07-10</최초지정일자>
</Row>
<Row>
<연번>61</연번>
<업소명>일미해물손칼국수</업소명>
<업태명>한식</업태명>
<주된음식>칼국수</주된음식>
<소재지_도로명_>경기도 양주시 광적면 광적로30번길 6-23</소재지_도로명_>
<소재지전화>031-855-7880</소재지전화>
<최초지정일자>2018-09-13</최초지정일자>
</Row>
<Row>
<연번>62</연번>
<업소명>모리샤브 양주 엘에프스퀘어점</업소명>
<업태명>경양식</업태명>
<주된음식>샤브샤브, 샐러드바</주된음식>
<소재지_도로명_>경기도 양주시 평화로 1593, 4층 (회정동)</소재지_도로명_>
<소재지전화>031-863-8200</소재지전화>
<최초지정일자>2018-09-13</최초지정일자>
</Row>
<Row>
<연번>63</연번>
<업소명>(주) 가인채(양주점)</업소명>
<업태명>한식</업태명>
<주된음식>샤브샤브</주된음식>
<소재지_도로명_>경기도 양주시 평화로 1547, 2층 (회정동)</소재지_도로명_>
<소재지전화>031-858-9775</소재지전화>
<최초지정일자>2016-10-12</최초지정일자>
</Row>
<Row>
<연번>64</연번>
<업소명>고덕생고기</업소명>
<업태명>한식</업태명>
<주된음식>돼지갈비, 삼겹살</주된음식>
<소재지_도로명_>경기도 양주시 고덕로 185 (덕계동, 1층 일부)</소재지_도로명_>
<소재지전화>031-867-1163</소재지전화>
<최초지정일자>2018-08-22</최초지정일자>
</Row>
<Row>
<연번>65</연번>
<업소명>쿠우쿠우</업소명>
<업태명>일식</업태명>
<주된음식>초밥</주된음식>
<소재지_도로명_>경기도 양주시 평화로 1440 (덕계동)</소재지_도로명_>
<소재지전화>031-866-6274</소재지전화>
<최초지정일자>2018-09-13</최초지정일자>
</Row>
<Row>
<연번>66</연번>
<업소명>두끼떡볶이(양주고읍점)</업소명>
<업태명>한식</업태명>
<주된음식>떡볶이</주된음식>
<소재지_도로명_>경기도 양주시 고읍남로 36, 골든스퀘어 204,205호 (광사동)</소재지_도로명_>
<소재지전화>031-821-2771</소재지전화>
<최초지정일자>2018-09-13</최초지정일자>
</Row>
</root>
