<?xml version="1.0" encoding="UTF-8"?>
<root>
<header>
<header>분야명</header>
<header>행정읍면동</header>
<header>업소명</header>
<header>소재지도로명주소</header>
<header>소재지지번주소</header>
<header>전화번호</header>
<header>주차여부</header>
<header>영업시간</header>
<header>주메뉴</header>
<header>위도</header>
<header>경도</header>
<header>데이터기준일자</header>
</header>
<Row>
<분야명>한식</분야명>
<행정읍면동>대부북동</행정읍면동>
<업소명>33호 할머니칼국수</업소명>
<소재지도로명주소>경기도 안산시 단원구 대부황금로 1297, 1층 (대부북동)</소재지도로명주소>
<소재지지번주소>경기도 안산시 단원구 대부북동 1161-105 1층</소재지지번주소>
<전화번호>032-886-9908</전화번호>
<주차여부>가능</주차여부>
<영업시간>매일 09:00 ~ 21:00</영업시간>
<주메뉴>바지락칼국수</주메뉴>
<위도>37.272031</위도>
<경도>126.570490</경도>
<데이터기준일자>2019-07-05</데이터기준일자>
</Row>
<Row>
<분야명>뷔페식</분야명>
<행정읍면동>고잔동</행정읍면동>
<업소명>AW웨딩컨벤션</업소명>
<소재지도로명주소>경기도 안산시 단원구 광덕1로 171, 3~5층 (고잔동,AW웨딩컨벤션)</소재지도로명주소>
<소재지지번주소>경기도 안산시 단원구 고잔동 718-3 AW웨딩컨벤션 3~5층</소재지지번주소>
<전화번호>031-501-5900</전화번호>
<주차여부>700~1,000대</주차여부>
<영업시간/>
<주메뉴>뷔페</주메뉴>
<위도>37.308121</위도>
<경도>126.828741</경도>
<데이터기준일자>2019-07-05</데이터기준일자>
</Row>
<Row>
<분야명>한식</분야명>
<행정읍면동>초지동</행정읍면동>
<업소명>가반</업소명>
<소재지도로명주소>경기도 안산시 단원구 광덕2로 58-16 (초지동)</소재지도로명주소>
<소재지지번주소>경기도 안산시 단원구 초지동 727-6</소재지지번주소>
<전화번호>031-483-7389</전화번호>
<주차여부>70대 전용 주차장</주차여부>
<영업시간/>
<주메뉴>가반정식</주메뉴>
<위도>37.309066</위도>
<경도>126.816275</경도>
<데이터기준일자>2019-07-05</데이터기준일자>
</Row>
<Row>
<분야명>한식</분야명>
<행정읍면동>고잔동</행정읍면동>
<업소명>갈비락</업소명>
<소재지도로명주소>경기도 안산시 상록구 서암로3길 1, 2~3층 (사동)</소재지도로명주소>
<소재지지번주소>경기도 안산시 상록구 사동 1199-17 , 2~3층</소재지지번주소>
<전화번호>031-408-9595</전화번호>
<주차여부>가능</주차여부>
<영업시간>매일 11:30 ~ 22:00</영업시간>
<주메뉴>돼지생갈비</주메뉴>
<위도>37.302402</위도>
<경도>126.849903</경도>
<데이터기준일자>2019-07-05</데이터기준일자>
</Row>
<Row>
<분야명>한식</분야명>
<행정읍면동>와동</행정읍면동>
<업소명>개성손만두요리전문점</업소명>
<소재지도로명주소>경기도 안산시 상록구 예술광장1로 52, 108호 (월피동)</소재지도로명주소>
<소재지지번주소>경기도 안산시 상록구 월피동 445-20 뉴월피프라자 108호</소재지지번주소>
<전화번호>031-475-8999</전화번호>
<주차여부>가능</주차여부>
<영업시간>매일 11:00 ~ 22:00</영업시간>
<주메뉴>만두전골</주메뉴>
<위도>37.328952</위도>
<경도>126.847514</경도>
<데이터기준일자>2019-07-05</데이터기준일자>
</Row>
<Row>
<분야명>한식</분야명>
<행정읍면동>초지동</행정읍면동>
<업소명>고잔숯불갈비</업소명>
<소재지도로명주소>경기도 안산시 단원구 광덕4로 102, 121호 (고잔동)</소재지도로명주소>
<소재지지번주소>경기도 안산시 단원구 고잔동 681-3 신원프라자 121호</소재지지번주소>
<전화번호>031-403-9991</전화번호>
<주차여부>주차 완비</주차여부>
<영업시간>매일 10:00 ~ 23:30</영업시간>
<주메뉴>생갈비,양념갈비</주메뉴>
<위도>37.315114</위도>
<경도>126.823547</경도>
<데이터기준일자>2019-07-05</데이터기준일자>
</Row>
<Row>
<분야명>한식</분야명>
<행정읍면동>사동</행정읍면동>
<업소명>고향순대감자탕</업소명>
<소재지도로명주소>경기도 안산시 상록구 선진4길 35 (사동)</소재지도로명주소>
<소재지지번주소>경기도 안산시 상록구 사동 1471-14</소재지지번주소>
<전화번호>031-406-0166</전화번호>
<주차여부>주차 완비</주차여부>
<영업시간/>
<주메뉴>순대국밥</주메뉴>
<위도>37.280175</위도>
<경도>126.851211</경도>
<데이터기준일자>2019-07-05</데이터기준일자>
</Row>
<Row>
<분야명>한식</분야명>
<행정읍면동>월피동</행정읍면동>
<업소명>곱팽이더덕두루치기</업소명>
<소재지도로명주소>경기도 안산시 상록구 예술광장로 11(월피동)</소재지도로명주소>
<소재지지번주소>경기도 안산시 상록구 월피동 445-10</소재지지번주소>
<전화번호>031-487-5224</전화번호>
<주차여부>가능</주차여부>
<영업시간/>
<주메뉴>두루치기</주메뉴>
<위도>37.328922</위도>
<경도>126.845212</경도>
<데이터기준일자>2019-07-05</데이터기준일자>
</Row>
<Row>
<분야명>한식</분야명>
<행정읍면동>사동</행정읍면동>
<업소명>광양참숯불구이</업소명>
<소재지도로명주소>경기도 안산시 단원구 광덕동로 101, 206호 (고잔동)</소재지도로명주소>
<소재지지번주소>경기도 안산시 단원구 고잔동 727-1 두일빌딩 206호</소재지지번주소>
<전화번호>031-419-9233</전화번호>
<주차여부>30대</주차여부>
<영업시간>매일 11:00 ~ 22:30</영업시간>
<주메뉴>한우구이,갈비탕</주메뉴>
<위도>37.313533</위도>
<경도>126.832609</경도>
<데이터기준일자>2019-07-05</데이터기준일자>
</Row>
<Row>
<분야명>중국식</분야명>
<행정읍면동>고잔동</행정읍면동>
<업소명>교동중화반점</업소명>
<소재지도로명주소>경기도 안산시 단원구 화정천동로8길 6 (와동)</소재지도로명주소>
<소재지지번주소>경기도 안산시 단원구 와동 789-3</소재지지번주소>
<전화번호>031-487-5002</전화번호>
<주차여부>15대 주차가능</주차여부>
<영업시간>매일 10:30 ~ 21:30</영업시간>
<주메뉴>손짜장면,탕수육</주메뉴>
<위도>37.347806</위도>
<경도>126.819655</경도>
<데이터기준일자>2019-07-05</데이터기준일자>
</Row>
<Row>
<분야명>한식</분야명>
<행정읍면동>사동</행정읍면동>
<업소명>구곡산장</업소명>
<소재지도로명주소>경기도 안산시 상록구 댕이길 12 (사동)</소재지도로명주소>
<소재지지번주소>경기도 안산시 상록구 사동 1352-4</소재지지번주소>
<전화번호>031-419-5292</전화번호>
<주차여부>주차 완비</주차여부>
<영업시간/>
<주메뉴>오리구이</주메뉴>
<위도>37.293762</위도>
<경도>126.843661</경도>
<데이터기준일자>2019-07-05</데이터기준일자>
</Row>
<Row>
<분야명>한식</분야명>
<행정읍면동>고잔동</행정읍면동>
<업소명>굴다리영양탕</업소명>
<소재지도로명주소>경기도 안산시 단원구 광덕대로 206, 214호 (고잔동)</소재지도로명주소>
<소재지지번주소>경기도 안산시 단원구 고잔동 724 골든오피스텔 214호</소재지지번주소>
<전화번호>031-402-9344</전화번호>
<주차여부>지상 1층 ~ 지상 5층</주차여부>
<영업시간/>
<주메뉴>토종닭,오리주물럭</주메뉴>
<위도>37.314648</위도>
<경도>126.831163</경도>
<데이터기준일자>2019-07-05</데이터기준일자>
</Row>
<Row>
<분야명>한식</분야명>
<행정읍면동>사동</행정읍면동>
<업소명>궁중삼계탕</업소명>
<소재지도로명주소>경기도 안산시 상록구 석호공원로 69, 101호 (사동)</소재지도로명주소>
<소재지지번주소>경기도 안산시 상록구 사동 1197-4 인우빌 101호</소재지지번주소>
<전화번호>031-502-9090</전화번호>
<주차여부>50대 (점포 앞 무료공영주차장)</주차여부>
<영업시간/>
<주메뉴>한방삼계탕</주메뉴>
<위도>37.301619</위도>
<경도>126.851044</경도>
<데이터기준일자>2019-07-05</데이터기준일자>
</Row>
<Row>
<분야명>한식</분야명>
<행정읍면동>고잔동</행정읍면동>
<업소명>금강산가든</업소명>
<소재지도로명주소>경기도 안산시 단원구 쑥개길 6 (화정동)</소재지도로명주소>
<소재지지번주소>경기도 안산시 단원구 화정동 315-5</소재지지번주소>
<전화번호>031-482-9595</전화번호>
<주차여부>주차 완비</주차여부>
<영업시간>매일 10:00 ~ 22:00, 연중무휴</영업시간>
<주메뉴>한우모듬구이</주메뉴>
<위도>37.349195</위도>
<경도>126.820521</경도>
<데이터기준일자>2019-07-05</데이터기준일자>
</Row>
<Row>
<분야명>한식</분야명>
<행정읍면동>본오동</행정읍면동>
<업소명>김가네낙지전문점</업소명>
<소재지도로명주소>경기도 안산시 단원구 당곡로 33, 125~126호 (고잔동, 프라움시티)</소재지도로명주소>
<소재지지번주소>경기도 안산시 단원구 고잔동 528-1 프라움시티 125~126호</소재지지번주소>
<전화번호>031-402-0552</전화번호>
<주차여부>가능</주차여부>
<영업시간>매일 10:00 ~ 22:00</영업시간>
<주메뉴>낙지덮밥,낙지전골</주메뉴>
<위도>37.320336</위도>
<경도>126.833102</경도>
<데이터기준일자>2019-07-05</데이터기준일자>
</Row>
<Row>
<분야명>한식</분야명>
<행정읍면동>본오동</행정읍면동>
<업소명>김흥관힘센낙지 (빨간낙지마당)</업소명>
<소재지도로명주소>경기도 안산시 상록구 안산천동로2길 1 (월피동)</소재지도로명주소>
<소재지지번주소>경기도 안산시 상록구 월피동 455-14</소재지지번주소>
<전화번호>031-410-3660</전화번호>
<주차여부>주차 완비</주차여부>
<영업시간>매일 10:30 ~ 22:30</영업시간>
<주메뉴>연포탕,낙지덮밥</주메뉴>
<위도>37.333945</위도>
<경도>126.848688</경도>
<데이터기준일자>2019-07-05</데이터기준일자>
</Row>
<Row>
<분야명>한식</분야명>
<행정읍면동>고잔동</행정읍면동>
<업소명>낙원타코 안산중앙점</업소명>
<소재지도로명주소>경기도 안산시 단원구 고잔2길 45</소재지도로명주소>
<소재지지번주소>경기도 안산시 단원구 고잔동 535-2</소재지지번주소>
<전화번호>031-401-0725</전화번호>
<주차여부/>
<영업시간/>
<주메뉴>낙원파히타</주메뉴>
<위도>37.317836</위도>
<경도>126.836074</경도>
<데이터기준일자>2019-07-05</데이터기준일자>
</Row>
<Row>
<분야명>한식</분야명>
<행정읍면동>사동</행정읍면동>
<업소명>니뽕내뽕(안산중앙점)</업소명>
<소재지도로명주소>경기도 안산시 단원구 고잔로 102, 201호 (고잔동)</소재지도로명주소>
<소재지지번주소>경기도 안산시 단원구 고잔동 539-1 201호</소재지지번주소>
<전화번호>031-475-4555</전화번호>
<주차여부/>
<영업시간>매일11:30 ~ 21:30,/ Break Time 15:30~ 16:30</영업시간>
<주메뉴>토뽕,일뽕,크뽕</주메뉴>
<위도>37.318676</위도>
<경도>126.837573</경도>
<데이터기준일자>2019-07-05</데이터기준일자>
</Row>
<Row>
<분야명>중국식</분야명>
<행정읍면동>성포동</행정읍면동>
<업소명>단야 중화요리</업소명>
<소재지도로명주소>경기도 안산시 상록구 예술광장로 19 성포타운 1층 105호~107호</소재지도로명주소>
<소재지지번주소>경기도 안산시 상록구 월피동 445-17 성포타운 1층 105호~107호</소재지지번주소>
<전화번호>031-414-0064</전화번호>
<주차여부>가능</주차여부>
<영업시간/>
<주메뉴>짜장면,탕수육</주메뉴>
<위도>37.329229</위도>
<경도>126.846103</경도>
<데이터기준일자>2019-07-05</데이터기준일자>
</Row>
<Row>
<분야명>한식</분야명>
<행정읍면동>선부동</행정읍면동>
<업소명>단원</업소명>
<소재지도로명주소>경기도 안산시 단원구 너비울길 15 (화정동)</소재지도로명주소>
<소재지지번주소>경기도 안산시 단원구 화정동 306-10</소재지지번주소>
<전화번호>031-486-9233</전화번호>
<주차여부>주차 완비</주차여부>
<영업시간>매일 10:00 ~ 22:00, 명절 및 하계휴가 휴무</영업시간>
<주메뉴>소고기구이</주메뉴>
<위도>37.350090</위도>
<경도>126.822414</경도>
<데이터기준일자>2019-07-05</데이터기준일자>
</Row>
<Row>
<분야명>한식</분야명>
<행정읍면동>고잔동</행정읍면동>
<업소명>단원한정식</업소명>
<소재지도로명주소>경기도 안산시 단원구 광덕대로 251 (고잔동)</소재지도로명주소>
<소재지지번주소>경기도 안산시 단원구 고잔동 525-1</소재지지번주소>
<전화번호>031-401-3500</전화번호>
<주차여부>주차완비</주차여부>
<영업시간/>
<주메뉴>궁연정식</주메뉴>
<위도>37.319088</위도>
<경도>126.829743</경도>
<데이터기준일자>2019-07-05</데이터기준일자>
</Row>
<Row>
<분야명>한식</분야명>
<행정읍면동>대부북동</행정읍면동>
<업소명>대부맛집 청미</업소명>
<소재지도로명주소>경기도 안산시 단원구 대선로 36 (대부북동)</소재지도로명주소>
<소재지지번주소>경기도 안산시 단원구 대부북동 1826-156</소재지지번주소>
<전화번호>032-887-1108</전화번호>
<주차여부>20대 가능</주차여부>
<영업시간>매일 09:00 ~ 21:00</영업시간>
<주메뉴>바지락고추장찌개</주메뉴>
<위도>37.268621</위도>
<경도>126.569247</경도>
<데이터기준일자>2019-07-05</데이터기준일자>
</Row>
<Row>
<분야명>한식</분야명>
<행정읍면동>사동</행정읍면동>
<업소명>대부흑염소</업소명>
<소재지도로명주소>경기도 안산시 상록구 댕이길 65 (사동)</소재지도로명주소>
<소재지지번주소>경기도 안산시 상록구 사동 1350-2</소재지지번주소>
<전화번호>031-438-1021</전화번호>
<주차여부>주차 완비</주차여부>
<영업시간/>
<주메뉴>흑염소탕</주메뉴>
<위도>37.294177</위도>
<경도>126.844269</경도>
<데이터기준일자>2019-07-05</데이터기준일자>
</Row>
<Row>
<분야명>일식</분야명>
<행정읍면동>고잔동</행정읍면동>
<업소명>대포항별미집</업소명>
<소재지도로명주소>경기도 안산시 상록구 송호3길 18, 1층 (이동)</소재지도로명주소>
<소재지지번주소>경기도 안산시 상록구 이동 644-8 1층</소재지지번주소>
<전화번호>031-409-2791</전화번호>
<주차여부>30대 주차 가능</주차여부>
<영업시간>매일 12:00 ~ 22:00, 매주 일요일 휴무</영업시간>
<주메뉴>물회,세꼬시</주메뉴>
<위도>37.313146</위도>
<경도>126.846384</경도>
<데이터기준일자>2019-07-05</데이터기준일자>
</Row>
<Row>
<분야명>한식</분야명>
<행정읍면동>초지동</행정읍면동>
<업소명>대호식당</업소명>
<소재지도로명주소>경기도 안산시 상록구 샘골로 123, 104~105호 (본오동)</소재지도로명주소>
<소재지지번주소>경기도 안산시 상록구 본오동 880-10 104~105호</소재지지번주소>
<전화번호>031-408-6460</전화번호>
<주차여부>주차 완비</주차여부>
<영업시간/>
<주메뉴>생등심,삼겹살</주메뉴>
<위도>37.294732</위도>
<경도>126.862685</경도>
<데이터기준일자>2019-07-05</데이터기준일자>
</Row>
<Row>
<분야명>한식</분야명>
<행정읍면동>사동</행정읍면동>
<업소명>댕이골낙지마을</업소명>
<소재지도로명주소>경기도 안산시 상록구 댕이길 15 (사동)</소재지도로명주소>
<소재지지번주소>경기도 안산시 상록구 사동 1350-9</소재지지번주소>
<전화번호>031-407-7631</전화번호>
<주차여부>주차 가능</주차여부>
<영업시간>매일 11:00 ∼ 익일 01:00</영업시간>
<주메뉴>산낙지,연포탕</주메뉴>
<위도>37.293978</위도>
<경도>126.843988</경도>
<데이터기준일자>2019-07-05</데이터기준일자>
</Row>
<Row>
<분야명>한식</분야명>
<행정읍면동>이동</행정읍면동>
<업소명>도둑고기 안산한대역점</업소명>
<소재지도로명주소>경기도 안산시 상록구 광덕1로 379</소재지도로명주소>
<소재지지번주소>경기도 안산시 상록구 이동 715-2</소재지지번주소>
<전화번호>031-417-3892</전화번호>
<주차여부/>
<영업시간/>
<주메뉴>갈비구이</주메뉴>
<위도>37.308566</위도>
<경도>126.851210</경도>
<데이터기준일자>2019-07-05</데이터기준일자>
</Row>
<Row>
<분야명>한식</분야명>
<행정읍면동>원곡동</행정읍면동>
<업소명>독일미</업소명>
<소재지도로명주소>경기도 안산시 단원구 부부로2길 22-1 (원곡동, 749-3 1층)</소재지도로명주소>
<소재지지번주소>경기도 안산시 단원구 원곡동 749-3 749-3 1층</소재지지번주소>
<전화번호>031-493-8666</전화번호>
<주차여부/>
<영업시간>매일 10:00~익일 01:00</영업시간>
<주메뉴>양갈비,양꼬치</주메뉴>
<위도>37.331589</위도>
<경도>126.792964</경도>
<데이터기준일자>2019-07-05</데이터기준일자>
</Row>
<Row>
<분야명>중국식</분야명>
<행정읍면동>고잔동</행정읍면동>
<업소명>동방명주</업소명>
<소재지도로명주소>경기도 안산시 단원구 광덕2로 155-12</소재지도로명주소>
<소재지지번주소>경기도 안산시 단원구 고잔동 709-12</소재지지번주소>
<전화번호>031-411-8595</전화번호>
<주차여부>가능</주차여부>
<영업시간/>
<주메뉴>흑후추소스 소고기</주메뉴>
<위도>37.310760</위도>
<경도>126.827912</경도>
<데이터기준일자>2019-07-05</데이터기준일자>
</Row>
<Row>
<분야명>일식</분야명>
<행정읍면동>대부북동</행정읍면동>
<업소명>동원횟집</업소명>
<소재지도로명주소>경기도 안산시 단원구 대부황금로 1497, 209호 (대부북동)</소재지도로명주소>
<소재지지번주소>경기도 안산시 단원구 대부북동 1848-78 209호</소재지지번주소>
<전화번호>031-881-8811</전화번호>
<주차여부>주차 완비</주차여부>
<영업시간>매일 10:00 ~ 23:59, 연중무휴</영업시간>
<주메뉴>활어회</주메뉴>
<위도>37.287699</위도>
<경도>126.575159</경도>
<데이터기준일자>2019-07-05</데이터기준일자>
</Row>
<Row>
<분야명>한식</분야명>
<행정읍면동>부곡동</행정읍면동>
<업소명>동천게장</업소명>
<소재지도로명주소>경기도 안산시 단원구 광덕3로 167-16, 109호 (고잔동)</소재지도로명주소>
<소재지지번주소>경기도 안산시 단원구 고잔동 726-10 두루빌딩 109호</소재지지번주소>
<전화번호>031-413-0660</전화번호>
<주차여부>주차 완비</주차여부>
<영업시간>매일 10:00 ~ 22:00</영업시간>
<주메뉴>간장게장</주메뉴>
<위도>37.313784</위도>
<경도>126.831605</경도>
<데이터기준일자>2019-07-05</데이터기준일자>
</Row>
<Row>
<분야명>한식</분야명>
<행정읍면동>사동</행정읍면동>
<업소명>뜨락</업소명>
<소재지도로명주소>경기도 안산시 상록구 송호1길 69 (이동)</소재지도로명주소>
<소재지지번주소>경기도 안산시 상록구 이동 640-5</소재지지번주소>
<전화번호>031-418-2082</전화번호>
<주차여부>주차 완비</주차여부>
<영업시간/>
<주메뉴>뜨락정식</주메뉴>
<위도>37.313428</위도>
<경도>126.848076</경도>
<데이터기준일자>2019-07-05</데이터기준일자>
</Row>
<Row>
<분야명>한식</분야명>
<행정읍면동>사동</행정읍면동>
<업소명>마루야끼</업소명>
<소재지도로명주소>경기도 안산시 단원구 광덕대로 145, 205호 (고잔동)</소재지도로명주소>
<소재지지번주소>경기도 안산시 단원구 고잔동 717 강희그랜드오피스텔 205호</소재지지번주소>
<전화번호>031-480-3010</전화번호>
<주차여부>200대</주차여부>
<영업시간/>
<주메뉴>가마솥삼겹살</주메뉴>
<위도>37.309455</위도>
<경도>126.828941</경도>
<데이터기준일자>2019-07-05</데이터기준일자>
</Row>
<Row>
<분야명>한식</분야명>
<행정읍면동>사동</행정읍면동>
<업소명>마포네숯불갈비</업소명>
<소재지도로명주소>경기도 안산시 단원구 와동공원로 142 (와동)</소재지도로명주소>
<소재지지번주소>경기도 안산시 단원구 와동 772-6</소재지지번주소>
<전화번호>031-405-9282</전화번호>
<주차여부>주차완비</주차여부>
<영업시간>매일 11:00 ~ 익일 03:00</영업시간>
<주메뉴>마포네돼지갈비</주메뉴>
<위도>37.344115</위도>
<경도>126.821605</경도>
<데이터기준일자>2019-07-05</데이터기준일자>
</Row>
<Row>
<분야명>한식</분야명>
<행정읍면동>사동</행정읍면동>
<업소명>마포숯불화로이야기</업소명>
<소재지도로명주소>경기도 안산시 상록구 항가울로 70, 1층 (사동)</소재지도로명주소>
<소재지지번주소>경기도 안산시 상록구 사동 1372-6 1층</소재지지번주소>
<전화번호>031-416-3070</전화번호>
<주차여부>가능</주차여부>
<영업시간>매일 10:30 ~ 22:30</영업시간>
<주메뉴>돼지갈비,소갈비</주메뉴>
<위도>37.287791</위도>
<경도>126.845828</경도>
<데이터기준일자>2019-07-05</데이터기준일자>
</Row>
<Row>
<분야명>한식</분야명>
<행정읍면동>신길동</행정읍면동>
<업소명>만해추어탕</업소명>
<소재지도로명주소>경기도 안산시 단원구 황새바위길 3 (신길동, 294-2 1층)</소재지도로명주소>
<소재지지번주소>경기도 안산시 단원구 신길동 294-2 1층</소재지지번주소>
<전화번호>031-492-7070</전화번호>
<주차여부>100대 가능</주차여부>
<영업시간>매일 09:30 ~ 21:30</영업시간>
<주메뉴>추어탕</주메뉴>
<위도>37.326834</위도>
<경도>126.752776</경도>
<데이터기준일자>2019-07-05</데이터기준일자>
</Row>
<Row>
<분야명>한식</분야명>
<행정읍면동>선부동</행정읍면동>
<업소명>맛수원왕갈비</업소명>
<소재지도로명주소>경기도 안산시 상록구중보1길 18, 1층 (이동)</소재지도로명주소>
<소재지지번주소>경기도 안산시 상록구 이동 718-7 1층</소재지지번주소>
<전화번호>031-417-6635</전화번호>
<주차여부>가능</주차여부>
<영업시간>매일 10:30 ~ 22:30</영업시간>
<주메뉴>수원소생갈비</주메뉴>
<위도>37.306258</위도>
<경도>126.849658</경도>
<데이터기준일자>2019-07-05</데이터기준일자>
</Row>
<Row>
<분야명>한식</분야명>
<행정읍면동>사동</행정읍면동>
<업소명>먹쇠장어</업소명>
<소재지도로명주소>경기도 안산시 단원구 꽃우물길 12 (화정동, 431 1층)</소재지도로명주소>
<소재지지번주소>경기도 안산시 단원구 화정동 431 431 1층</소재지지번주소>
<전화번호>031-485-5289</전화번호>
<주차여부>주차 완비</주차여부>
<영업시간>매일 10:00 ~ 22:00</영업시간>
<주메뉴>장어구이,장어탕</주메뉴>
<위도>37.351665</위도>
<경도>126.821440</경도>
<데이터기준일자>2019-07-05</데이터기준일자>
</Row>
<Row>
<분야명>한식</분야명>
<행정읍면동>사동</행정읍면동>
<업소명>명옥부대찌개</업소명>
<소재지도로명주소>경기도 안산시 상록구 천문4길 15, 1층</소재지도로명주소>
<소재지지번주소>경기도 안산시 상록구 사동 1519-15 1층</소재지지번주소>
<전화번호>031-417-8686</전화번호>
<주차여부/>
<영업시간/>
<주메뉴>부대찌개</주메뉴>
<위도>37.306235</위도>
<경도>126.845688</경도>
<데이터기준일자>2019-07-05</데이터기준일자>
</Row>
<Row>
<분야명>한식</분야명>
<행정읍면동>선부동</행정읍면동>
<업소명>명장한우</업소명>
<소재지도로명주소>경기도 안산시 상록구 광덕1로 346, 301호 (이동)</소재지도로명주소>
<소재지지번주소>경기도 안산시 상록구 이동 720-2 동영센트럴타워 301호</소재지지번주소>
<전화번호>031-415-0068</전화번호>
<주차여부>30대 주차 가능</주차여부>
<영업시간>매일 11:00 ~ 23:00, 명절당일 휴무</영업시간>
<주메뉴>꽃등심,돼지갈비</주메뉴>
<위도>37.306373</위도>
<경도>126.848293</경도>
<데이터기준일자>2019-07-05</데이터기준일자>
</Row>
<Row>
<분야명>한식</분야명>
<행정읍면동>월피동</행정읍면동>
<업소명>명태본가</업소명>
<소재지도로명주소>경기도 안산시 상록구 광덕산1로 3-3</소재지도로명주소>
<소재지지번주소>경기도 안산시 상록구 월피동 506-11</소재지지번주소>
<전화번호>031-405-1063</전화번호>
<주차여부>10대</주차여부>
<영업시간>매일 11:00 ~ 22:00</영업시간>
<주메뉴>명태조림</주메뉴>
<위도>37.335455</위도>
<경도>126.843005</경도>
<데이터기준일자>2019-07-05</데이터기준일자>
</Row>
<Row>
<분야명>중국식</분야명>
<행정읍면동>고잔동</행정읍면동>
<업소명>몽차우</업소명>
<소재지도로명주소>경기도 안산시 단원구 광덕대로 141</소재지도로명주소>
<소재지지번주소>경기도 안산시 단원구 고잔동 717-1</소재지지번주소>
<전화번호>031-487-0085</전화번호>
<주차여부/>
<영업시간/>
<주메뉴>짜장면,탕수육</주메뉴>
<위도>37.309031</위도>
<경도>126.828908</경도>
<데이터기준일자>2019-07-05</데이터기준일자>
</Row>
<Row>
<분야명>한식</분야명>
<행정읍면동>사동</행정읍면동>
<업소명>무교뻘낙지</업소명>
<소재지도로명주소>경기도 안산시 상록구 댕이길 6 (사동)</소재지도로명주소>
<소재지지번주소>경기도 안산시 상록구 사동 1352-1</소재지지번주소>
<전화번호>031-419-5900</전화번호>
<주차여부>주차 완비</주차여부>
<영업시간/>
<주메뉴>연포탕,낙지덮밥</주메뉴>
<위도>37.293680</위도>
<경도>126.842940</경도>
<데이터기준일자>2019-07-05</데이터기준일자>
</Row>
<Row>
<분야명>한식</분야명>
<행정읍면동>고잔동</행정읍면동>
<업소명>묵은지찌개마을</업소명>
<소재지도로명주소>경기도 안산시 단원구 원고잔로 15, 지층 101호 (고잔동, 반월빌딩)</소재지도로명주소>
<소재지지번주소>경기도 안산시 단원구 고잔동 520-4 반월빌딩 지층 101호</소재지지번주소>
<전화번호>031-401-5555</전화번호>
<주차여부/>
<영업시간>매일 10:00 ~ 22:00</영업시간>
<주메뉴>김치찌개</주메뉴>
<위도>37.318814</위도>
<경도>126.827352</경도>
<데이터기준일자>2019-07-05</데이터기준일자>
</Row>
<Row>
<분야명>일식</분야명>
<행정읍면동>대부북동</행정읍면동>
<업소명>바다회집(북동)</업소명>
<소재지도로명주소>경기도 안산시 단원구 구봉길 102-22 (대부북동)</소재지도로명주소>
<소재지지번주소>경기도 안산시 단원구 대부북동 1866-12</소재지지번주소>
<전화번호>032-886-3164</전화번호>
<주차여부>주차 완비</주차여부>
<영업시간>매일 10:00 ~ 22:00</영업시간>
<주메뉴>활어회</주메뉴>
<위도>37.276788</위도>
<경도>126.560552</경도>
<데이터기준일자>2019-07-05</데이터기준일자>
</Row>
<Row>
<분야명>한식</분야명>
<행정읍면동>대부북동</행정읍면동>
<업소명>백합칼국수</업소명>
<소재지도로명주소>경기도 안산시 단원구 대부황금로 1337 (대부북동)</소재지도로명주소>
<소재지지번주소>경기도 안산시 단원구 대부북동 1856-132</소재지지번주소>
<전화번호>032-886-1002</전화번호>
<주차여부>주차 완비</주차여부>
<영업시간>매일 10:00 ~ 22:00, 연중무휴</영업시간>
<주메뉴>백합칼국수</주메뉴>
<위도>37.275504</위도>
<경도>126.569106</경도>
<데이터기준일자>2019-07-05</데이터기준일자>
</Row>
<Row>
<분야명>한식</분야명>
<행정읍면동>고잔동</행정읍면동>
<업소명>별장보쌈칼국수</업소명>
<소재지도로명주소>경기도 안산시 상록구 댕이길 10 (사동)</소재지도로명주소>
<소재지지번주소>경기도 안산시 상록구 사동 1352-3</소재지지번주소>
<전화번호>031-419-5900</전화번호>
<주차여부>주차 가능</주차여부>
<영업시간>매주 주일은 휴무, 평일 11:30 ~ 21:00,  토요일 11:30 ~ 16:00, break time 15:00 ~ 17:00</영업시간>
<주메뉴>별장보쌈</주메뉴>
<위도>37.293761</위도>
<경도>126.843379</경도>
<데이터기준일자>2019-07-05</데이터기준일자>
</Row>
<Row>
<분야명>한식</분야명>
<행정읍면동>고잔동</행정읍면동>
<업소명>복요리전문점복청(안산중앙점)</업소명>
<소재지도로명주소>경기도 안산시 단원구 원고잔로 15 (고잔동, 지층 일부)</소재지도로명주소>
<소재지지번주소>경기도 안산시 단원구 고잔동 520-4 지층 일부</소재지지번주소>
<전화번호>031-410-3588</전화번호>
<주차여부>주차가능</주차여부>
<영업시간>매일 10:00 ~ 22:00, 명절 당일 휴무</영업시간>
<주메뉴>복어탕,복어찜</주메뉴>
<위도>37.318814</위도>
<경도>126.827352</경도>
<데이터기준일자>2019-07-05</데이터기준일자>
</Row>
<Row>
<분야명>한식</분야명>
<행정읍면동>본오동</행정읍면동>
<업소명>복전문점복청</업소명>
<소재지도로명주소>경기도 안산시 단원구 동산로 63, B2층 201호(원시동)</소재지도로명주소>
<소재지지번주소>경기도 안산시 단원구 원시동 773-9 B2층 201호</소재지지번주소>
<전화번호>031-491-0086</전화번호>
<주차여부>주차가능</주차여부>
<영업시간>매일 10:00 ~ 22:00</영업시간>
<주메뉴>복어탕,복어찜</주메뉴>
<위도>37.314287</위도>
<경도>126.797242</경도>
<데이터기준일자>2019-07-05</데이터기준일자>
</Row>
<Row>
<분야명>중국식</분야명>
<행정읍면동>사동</행정읍면동>
<업소명>북경대반점</업소명>
<소재지도로명주소>경기도 안산시 상록구 안산천동로4길 1 (월피동)</소재지도로명주소>
<소재지지번주소>경기도 안산시 상록구 월피동 457-11</소재지지번주소>
<전화번호>031-401-1283</전화번호>
<주차여부>주차 완비</주차여부>
<영업시간>매일 10:30 ~ 22:00, 명절 휴무</영업시간>
<주메뉴>짜장면,탕수육</주메뉴>
<위도>37.335198</위도>
<경도>126.849543</경도>
<데이터기준일자>2019-07-05</데이터기준일자>
</Row>
<Row>
<분야명>일식</분야명>
<행정읍면동>이동</행정읍면동>
<업소명>사조회참치</업소명>
<소재지도로명주소>경기도 안산시 단원구 광덕2로 193-19, 176호 (고잔동)</소재지도로명주소>
<소재지지번주소>경기도 안산시 단원구 고잔동 768-4 썬라이즈 176호</소재지지번주소>
<전화번호>031-439-1315</전화번호>
<주차여부>100대 주차 가능</주차여부>
<영업시간>매일 11:30 ~ 익일 02:30, 연중무휴</영업시간>
<주메뉴>참치회</주메뉴>
<위도>37.311622</위도>
<경도>126.831914</경도>
<데이터기준일자>2019-07-05</데이터기준일자>
</Row>
<Row>
<분야명>한식</분야명>
<행정읍면동>사동</행정읍면동>
<업소명>산골송어</업소명>
<소재지도로명주소>경기도 안산시 상록구 댕이길 18 (사동)</소재지도로명주소>
<소재지지번주소>경기도 안산시 상록구 사동 1352-7</소재지지번주소>
<전화번호>031-419-3735</전화번호>
<주차여부>주차 완비</주차여부>
<영업시간/>
<주메뉴>송어회</주메뉴>
<위도>37.293763</위도>
<경도>126.844327</경도>
<데이터기준일자>2019-07-05</데이터기준일자>
</Row>
<Row>
<분야명>한식</분야명>
<행정읍면동>사동</행정읍면동>
<업소명>산촌쌈밥</업소명>
<소재지도로명주소>경기도 안산시 상록구 서해로 2813 (사사동)</소재지도로명주소>
<소재지지번주소>경기도 안산시 상록구 사사동 475</소재지지번주소>
<전화번호>031-416-7370</전화번호>
<주차여부>30대 이상</주차여부>
<영업시간>매일 09:00 ~ 22:00, 명절 휴무</영업시간>
<주메뉴>한우꽃등심쌈밥</주메뉴>
<위도>37.302784</위도>
<경도>126.915739</경도>
<데이터기준일자>2019-07-05</데이터기준일자>
</Row>
<Row>
<분야명>한식</분야명>
<행정읍면동>고잔동</행정읍면동>
<업소명>상록한정식</업소명>
<소재지도로명주소>경기도 안산시 상록구 해안로 705 (사동)</소재지도로명주소>
<소재지지번주소>경기도 안산시 상록구 사동 1271-11</소재지지번주소>
<전화번호>031-500-4455</전화번호>
<주차여부>주차 완비</주차여부>
<영업시간>매일 11:30 ~ 22:00, 명절 휴무</영업시간>
<주메뉴>상록정식</주메뉴>
<위도>37.290787</위도>
<경도>126.829853</경도>
<데이터기준일자>2019-07-05</데이터기준일자>
</Row>
<Row>
<분야명>한식</분야명>
<행정읍면동>이동</행정읍면동>
<업소명>새벽순댓국</업소명>
<소재지도로명주소>경기도 안산시 상록구 송호로 12-1</소재지도로명주소>
<소재지지번주소>경기도 안산시 상록구 이동 657-4</소재지지번주소>
<전화번호>031-502-4575</전화번호>
<주차여부/>
<영업시간/>
<주메뉴>순대국밥</주메뉴>
<위도>37.312590</위도>
<경도>126.848190</경도>
<데이터기준일자>2019-07-05</데이터기준일자>
</Row>
<Row>
<분야명>한식</분야명>
<행정읍면동>대부북동</행정읍면동>
<업소명>샤브랑버섯소고기샤브</업소명>
<소재지도로명주소>경기도 안산시 단원구 대선로 131, 1층 (대부북동)</소재지도로명주소>
<소재지지번주소>경기도 안산시 단원구 대부북동 1392-16 1층</소재지지번주소>
<전화번호>032-886-6755</전화번호>
<주차여부>가능</주차여부>
<영업시간>매일 10:00 ~ 22:00</영업시간>
<주메뉴>버섯샤브샤브</주메뉴>
<위도>37.260424</위도>
<경도>126.570016</경도>
<데이터기준일자>2019-07-05</데이터기준일자>
</Row>
<Row>
<분야명>한식</분야명>
<행정읍면동>초지동</행정읍면동>
<업소명>서가네우렁쌈밥</업소명>
<소재지도로명주소>경기도 안산시 상록구 본이로1안길 38 (본오동)</소재지도로명주소>
<소재지지번주소>경기도 안산시 상록구 본오동 795-4</소재지지번주소>
<전화번호>031-406-4685</전화번호>
<주차여부>주차 가능</주차여부>
<영업시간>매일 10:00 ~ 22:00, 마지막주 월 휴무</영업시간>
<주메뉴>우렁쌈밥</주메뉴>
<위도>37.295869</위도>
<경도>126.872157</경도>
<데이터기준일자>2019-07-05</데이터기준일자>
</Row>
<Row>
<분야명>한식</분야명>
<행정읍면동>대부동동</행정읍면동>
<업소명>서래가든</업소명>
<소재지도로명주소>경기도 안산시 단원구 대부황금로 700 (대부동동)</소재지도로명주소>
<소재지지번주소>경기도 안산시 단원구 대부동동 81-29</소재지지번주소>
<전화번호>032-886-4842</전화번호>
<주차여부>40대 가능</주차여부>
<영업시간>매일 06:00 ~ 21:00</영업시간>
<주메뉴>왕갈비탕,영양굴밥</주메뉴>
<위도>37.238071</위도>
<경도>126.617351</경도>
<데이터기준일자>2019-07-05</데이터기준일자>
</Row>
<Row>
<분야명>한식</분야명>
<행정읍면동>이동</행정읍면동>
<업소명>서울깍두기</업소명>
<소재지도로명주소>경기도 안산시 상록구 광덕1로 365, 105,106호</소재지도로명주소>
<소재지지번주소>경기도 안산시 상록구 이동 714 105,106호</소재지지번주소>
<전화번호>031-416-0506</전화번호>
<주차여부/>
<영업시간/>
<주메뉴>설렁탕,곰탕</주메뉴>
<위도>37.307790</위도>
<경도>126.850016</경도>
<데이터기준일자>2019-07-05</데이터기준일자>
</Row>
<Row>
<분야명>뷔페식</분야명>
<행정읍면동>이동</행정읍면동>
<업소명>소담한식부페</업소명>
<소재지도로명주소>경기도 안산시 단원구 광덕대로 263, 111호 (고잔동)</소재지도로명주소>
<소재지지번주소>경기도 안산시 단원구 고잔동 523-2 브레스빌 111호</소재지지번주소>
<전화번호>031-439-3829</전화번호>
<주차여부>지하주차장 주차</주차여부>
<영업시간>매일 07:00 ~ 22:00</영업시간>
<주메뉴>뷔페</주메뉴>
<위도>37.320007</위도>
<경도>126.829831</경도>
<데이터기준일자>2019-07-05</데이터기준일자>
</Row>
<Row>
<분야명>한식</분야명>
<행정읍면동>사동</행정읍면동>
<업소명>솔밭낙지마당</업소명>
<소재지도로명주소>경기도 안산시 단원구 예술대학로 17, 212호 (고잔동)</소재지도로명주소>
<소재지지번주소>경기도 안산시 단원구 고잔동 534-3 안산중앙노블레스 212호</소재지지번주소>
<전화번호>031-484-4024</전화번호>
<주차여부>주차 완비</주차여부>
<영업시간>매일 10:00 ~ 22:00</영업시간>
<주메뉴>산낙지,연포탕</주메뉴>
<위도>37.318593</위도>
<경도>126.836468</경도>
<데이터기준일자>2019-07-05</데이터기준일자>
</Row>
<Row>
<분야명>한식</분야명>
<행정읍면동>부곡동</행정읍면동>
<업소명>송담추어탕</업소명>
<소재지도로명주소>경기도 안산시 상록구 태마당로 4, 1층 (부곡동)</소재지도로명주소>
<소재지지번주소>경기도 안산시 상록구 부곡동 678-1 1층</소재지지번주소>
<전화번호>031-406-7988</전화번호>
<주차여부>가능</주차여부>
<영업시간>매일 05:00 ~ 21:00</영업시간>
<주메뉴>추어탕</주메뉴>
<위도>37.330842</위도>
<경도>126.860407</경도>
<데이터기준일자>2019-07-05</데이터기준일자>
</Row>
<Row>
<분야명>한식</분야명>
<행정읍면동>사사동</행정읍면동>
<업소명>송탄나여사부대찌개</업소명>
<소재지도로명주소>경기도 안산시 단원구 원포공원2로 24(초지동)</소재지도로명주소>
<소재지지번주소>경기도 안산시 단원구 초지동 744-3</소재지지번주소>
<전화번호>031-403-2325</전화번호>
<주차여부/>
<영업시간>매일 09:30 ~ 21:00</영업시간>
<주메뉴>부대찌개</주메뉴>
<위도>37.301004</위도>
<경도>126.811772</경도>
<데이터기준일자>2019-07-05</데이터기준일자>
</Row>
<Row>
<분야명>한식</분야명>
<행정읍면동>선부동</행정읍면동>
<업소명>수지동태탕</업소명>
<소재지도로명주소>경기도 안산시 단원구 선부광장로 77, 104~107호 (선부동,늘봄스위트빌)</소재지도로명주소>
<소재지지번주소>경기도 안산시 단원구 선부동 1077-15 늘봄스위트빌 104~107호</소재지지번주소>
<전화번호>031-482-3307</전화번호>
<주차여부>가능</주차여부>
<영업시간>매일 10:00 ~ 22:00</영업시간>
<주메뉴>동태찜,동태탕</주메뉴>
<위도>37.332555</위도>
<경도>126.810405</경도>
<데이터기준일자>2019-07-05</데이터기준일자>
</Row>
<Row>
<분야명>한식</분야명>
<행정읍면동>대부북동</행정읍면동>
<업소명>시골통돼지생삼겹살</업소명>
<소재지도로명주소>경기도 안산시 단원구 초지로 94, 206호 (초지동, 한솔프라자)</소재지도로명주소>
<소재지지번주소>경기도 안산시 단원구 초지동 735-3 한솔프라자 206호</소재지지번주소>
<전화번호>031-439-3392</전화번호>
<주차여부>가능</주차여부>
<영업시간>매일 12:00 ~ 23:59</영업시간>
<주메뉴>삼겹살구이</주메뉴>
<위도>37.307118</위도>
<경도>126.815106</경도>
<데이터기준일자>2019-07-05</데이터기준일자>
</Row>
<Row>
<분야명>한식</분야명>
<행정읍면동>이동</행정읍면동>
<업소명>신라샤브칼국수</업소명>
<소재지도로명주소>경기도 안산시 상록구 용신로 219 (사동)</소재지도로명주소>
<소재지지번주소>경기도 안산시 상록구 사동 1543-4</소재지지번주소>
<전화번호>031-418-6014</전화번호>
<주차여부>주차 완비</주차여부>
<영업시간/>
<주메뉴>버섯샤브샤브</주메뉴>
<위도>37.303506</위도>
<경도>126.846742</경도>
<데이터기준일자>2019-07-05</데이터기준일자>
</Row>
<Row>
<분야명>한식</분야명>
<행정읍면동>이동</행정읍면동>
<업소명>신석기숯불이야기</업소명>
<소재지도로명주소>경기도 안산시 상록구 샘골로 160, 101호 (본오동)</소재지도로명주소>
<소재지지번주소>경기도 안산시 상록구 본오동 872-14 송림빌딩 101호</소재지지번주소>
<전화번호>031-437-3366</전화번호>
<주차여부>주차 완비</주차여부>
<영업시간>매일 10:30 ~ 22:30</영업시간>
<주메뉴>돼지갈비,한우등심</주메뉴>
<위도>37.297985</위도>
<경도>126.863412</경도>
<데이터기준일자>2019-07-05</데이터기준일자>
</Row>
<Row>
<분야명>한식</분야명>
<행정읍면동>사동</행정읍면동>
<업소명>신촌설렁탕</업소명>
<소재지도로명주소>경기도 안산시 상록구 광덕1로 386, 110호 (이동)</소재지도로명주소>
<소재지지번주소>경기도 안산시 상록구 이동 716-12 캠퍼스타운 110호</소재지지번주소>
<전화번호>031-406-2561</전화번호>
<주차여부>공영주차장(주차권 제공)</주차여부>
<영업시간>매일 00:00 ~ 23:59, 연중 무휴</영업시간>
<주메뉴>설렁탕,곰탕</주메뉴>
<위도>37.308370</위도>
<경도>126.852350</경도>
<데이터기준일자>2019-07-05</데이터기준일자>
</Row>
<Row>
<분야명>중국식</분야명>
<행정읍면동>이동</행정읍면동>
<업소명>아리원중화요리</업소명>
<소재지도로명주소>경기도 안산시 단원구 광덕대로 251 3층(고잔동)</소재지도로명주소>
<소재지지번주소>경기도 안산시 단원구 고잔동 525-1 3층</소재지지번주소>
<전화번호>031-485-3100</전화번호>
<주차여부>주차 완비</주차여부>
<영업시간/>
<주메뉴>짜장면,탕수육</주메뉴>
<위도>37.319088</위도>
<경도>126.829743</경도>
<데이터기준일자>2019-07-05</데이터기준일자>
</Row>
<Row>
<분야명>일식</분야명>
<행정읍면동>본오동</행정읍면동>
<업소명>아미가일식</업소명>
<소재지도로명주소>경기도 안산시 단원구 광덕대로 168, 501호 (고잔동)</소재지도로명주소>
<소재지지번주소>경기도 안산시 단원구 고잔동 771 신화타운 501호</소재지지번주소>
<전화번호>031-483-2331</전화번호>
<주차여부>주차 완비</주차여부>
<영업시간>매일 10:00 ~ 22:00, 명절 휴무</영업시간>
<주메뉴>생선회</주메뉴>
<위도>37.311205</위도>
<경도>126.830776</경도>
<데이터기준일자>2019-07-05</데이터기준일자>
</Row>
<Row>
<분야명>한식</분야명>
<행정읍면동>고잔동</행정읍면동>
<업소명>아바이마을명태고추조림,생선구이</업소명>
<소재지도로명주소>경기도 안산시 단원구 초지2로 67-7 (초지동, 734-5 한양타워 1층 118,119호)</소재지도로명주소>
<소재지지번주소>경기도 안산시 단원구 초지동 734-5 한양타워 1층 118,119호</소재지지번주소>
<전화번호>031-411-0056</전화번호>
<주차여부>가능</주차여부>
<영업시간>매일 11:00~ 22:30</영업시간>
<주메뉴>속초 명태 고추조림</주메뉴>
<위도>37.306840</위도>
<경도>126.816021</경도>
<데이터기준일자>2019-07-05</데이터기준일자>
</Row>
<Row>
<분야명>한식</분야명>
<행정읍면동>사동</행정읍면동>
<업소명>안동국밥(월피점)</업소명>
<소재지도로명주소>경기도 안산시 상록구 예술광장로 11(월피동)</소재지도로명주소>
<소재지지번주소>경기도 안산시 상록구 월피동 445-10</소재지지번주소>
<전화번호>031- 439-2324</전화번호>
<주차여부>10대 가능</주차여부>
<영업시간>매일 00:00 ~ 23:59</영업시간>
<주메뉴>안동국밥(점)</주메뉴>
<위도>37.328922</위도>
<경도>126.845212</경도>
<데이터기준일자>2019-07-05</데이터기준일자>
</Row>
<Row>
<분야명>한식</분야명>
<행정읍면동>대부북동</행정읍면동>
<업소명>약수터손두부</업소명>
<소재지도로명주소>경기도 안산시 상록구 수암3길 28, 1층 (수암동)</소재지도로명주소>
<소재지지번주소>경기도 안산시 상록구 수암동 483-2 1층</소재지지번주소>
<전화번호>031-482-7952</전화번호>
<주차여부>5대</주차여부>
<영업시간/>
<주메뉴>손두부</주메뉴>
<위도>37.363861</위도>
<경도>126.881961</경도>
<데이터기준일자>2019-07-05</데이터기준일자>
</Row>
<Row>
<분야명>한식</분야명>
<행정읍면동>건건동</행정읍면동>
<업소명>어가아구찜전문</업소명>
<소재지도로명주소>경기도 안산시 단원구 쑥개길 13 (화정동)</소재지도로명주소>
<소재지지번주소>경기도 안산시 단원구 화정동 316-1</소재지지번주소>
<전화번호>031-411-6866</전화번호>
<주차여부>주차 완비</주차여부>
<영업시간>매일 10:00 ~ 22:00</영업시간>
<주메뉴>아구찜,해물찜</주메뉴>
<위도>37.349277</위도>
<경도>126.821265</경도>
<데이터기준일자>2019-07-05</데이터기준일자>
</Row>
<Row>
<분야명>한식</분야명>
<행정읍면동>사동</행정읍면동>
<업소명>어담추어매운탕</업소명>
<소재지도로명주소>경기도 안산시 상록구 댕이길 67-1 (사동)</소재지도로명주소>
<소재지지번주소>경기도 안산시 상록구 사동 1350</소재지지번주소>
<전화번호>031-408-7789</전화번호>
<주차여부/>
<영업시간/>
<주메뉴>추어매운탕,빙어도리뱅뱅이</주메뉴>
<위도>37.294177</위도>
<경도>126.843965</경도>
<데이터기준일자>2019-07-05</데이터기준일자>
</Row>
<Row>
<분야명>일식</분야명>
<행정읍면동>본오동</행정읍면동>
<업소명>어화일식</업소명>
<소재지도로명주소>경기도 안산시 단원구 광덕대로 206, 210호 (고잔동)</소재지도로명주소>
<소재지지번주소>경기도 안산시 단원구 고잔동 724 골든오피스텔 210호</소재지지번주소>
<전화번호>031-402-2271</전화번호>
<주차여부>주차 완비</주차여부>
<영업시간>매일 10:00 ~ 22:00</영업시간>
<주메뉴>생선회</주메뉴>
<위도>37.314648</위도>
<경도>126.831163</경도>
<데이터기준일자>2019-07-05</데이터기준일자>
</Row>
<Row>
<분야명>한식</분야명>
<행정읍면동>본오동</행정읍면동>
<업소명>여울쌈밥</업소명>
<소재지도로명주소>경기도 안산시 단원구 꽃우물1길 16-5 (화정동)</소재지도로명주소>
<소재지지번주소>경기도 안산시 단원구 화정동 555</소재지지번주소>
<전화번호>031-316-3838</전화번호>
<주차여부>주차 완비</주차여부>
<영업시간>매일 11:00 ~ 23:00, 연중무휴</영업시간>
<주메뉴>쌈밥</주메뉴>
<위도>37.358361</위도>
<경도>126.822045</경도>
<데이터기준일자>2019-07-05</데이터기준일자>
</Row>
<Row>
<분야명>한식</분야명>
<행정읍면동>대부북동</행정읍면동>
<업소명>여정농원바지락칼국수</업소명>
<소재지도로명주소>경기도 안산시 단원구 대선로 13(대부북동)</소재지도로명주소>
<소재지지번주소>경기도 안산시 단원구 대부북동 1837-10</소재지지번주소>
<전화번호>032-880-9674</전화번호>
<주차여부>200평</주차여부>
<영업시간>월~토 09:00 ~ 21:00, 일요일 휴무</영업시간>
<주메뉴>바지락칼국수</주메뉴>
<위도>37.269952</위도>
<경도>126.571043</경도>
<데이터기준일자>2019-07-05</데이터기준일자>
</Row>
<Row>
<분야명>한식</분야명>
<행정읍면동>사동</행정읍면동>
<업소명>연안생태찌개</업소명>
<소재지도로명주소>경기도 안산시 상록구 서암로3길 23</소재지도로명주소>
<소재지지번주소>경기도 안산시 상록구 사동 1208-10</소재지지번주소>
<전화번호>031-406-1104</전화번호>
<주차여부/>
<영업시간/>
<주메뉴>생태찌개</주메뉴>
<위도>37.302315</위도>
<경도>126.852486</경도>
<데이터기준일자>2019-07-05</데이터기준일자>
</Row>
<Row>
<분야명>한식</분야명>
<행정읍면동>이동</행정읍면동>
<업소명>영덕해물탕</업소명>
<소재지도로명주소>경기도 안산시 상록구 항가울로 262 (사동)</소재지도로명주소>
<소재지지번주소>경기도 안산시 상록구 사동 1552-3</소재지지번주소>
<전화번호>031-415-7776</전화번호>
<주차여부>주차 완비</주차여부>
<영업시간>매일 10:00 ~ 23:59</영업시간>
<주메뉴>해물탕,해물찜,아귀찜</주메뉴>
<위도>37.303727</위도>
<경도>126.843663</경도>
<데이터기준일자>2019-07-05</데이터기준일자>
</Row>
<Row>
<분야명>회집</분야명>
<행정읍면동>초지동</행정읍면동>
<업소명>오대양참치</업소명>
<소재지도로명주소>경기도 안산시 단원구 광덕대로 168, 117호 (고잔동)</소재지도로명주소>
<소재지지번주소>경기도 안산시 단원구 고잔동 771 신화타운 117호</소재지지번주소>
<전화번호>031-401-3977</전화번호>
<주차여부>발렛파킹 서비스</주차여부>
<영업시간>매일11:30 ~ 익일 01:00, 연중무휴</영업시간>
<주메뉴>참치회</주메뉴>
<위도>37.311205</위도>
<경도>126.830776</경도>
<데이터기준일자>2019-07-05</데이터기준일자>
</Row>
<Row>
<분야명>한식</분야명>
<행정읍면동>화정동</행정읍면동>
<업소명>오양순추어탕</업소명>
<소재지도로명주소>경기도 안산시 상록구 안산천동로 256 1층(월피동)</소재지도로명주소>
<소재지지번주소>경기도 안산시 상록구 월피동 458-14 1층</소재지지번주소>
<전화번호>031-401-1778</전화번호>
<주차여부>가능</주차여부>
<영업시간>매일 07:30 ~ 10:00</영업시간>
<주메뉴>우렁추어탕</주메뉴>
<위도>37.335947</위도>
<경도>126.850207</경도>
<데이터기준일자>2019-07-05</데이터기준일자>
</Row>
<Row>
<분야명>한식</분야명>
<행정읍면동>부곡동</행정읍면동>
<업소명>옹골찬설악추어탕</업소명>
<소재지도로명주소>경기도 안산시 상록구 수인로 1836 (장상동)</소재지도로명주소>
<소재지지번주소>경기도 안산시 상록구 장상동 437-1</소재지지번주소>
<전화번호>031-405-9933</전화번호>
<주차여부>40대 주차 가능</주차여부>
<영업시간>매일 11:00 ~ 23:00, 연중무휴</영업시간>
<주메뉴>추어탕</주메뉴>
<위도>37.347559</위도>
<경도>126.870679</경도>
<데이터기준일자>2019-07-05</데이터기준일자>
</Row>
<Row>
<분야명>한식</분야명>
<행정읍면동>사동</행정읍면동>
<업소명>용대리황태촌</업소명>
<소재지도로명주소>경기도 안산시 상록구 댕이길 9 1층(사동)</소재지도로명주소>
<소재지지번주소>경기도 안산시 상록구 사동 1349-14 1층</소재지지번주소>
<전화번호>031-407-2196</전화번호>
<주차여부>무료주차</주차여부>
<영업시간>매일 10:00 ~ 22:00</영업시간>
<주메뉴>황태해장국</주메뉴>
<위도>37.293950</위도>
<경도>126.843356</경도>
<데이터기준일자>2019-07-05</데이터기준일자>
</Row>
<Row>
<분야명>한식</분야명>
<행정읍면동>이동</행정읍면동>
<업소명>용추골미궁순대</업소명>
<소재지도로명주소>경기도 안산시 단원구 선부광장1로 22, 108호 (선부동)</소재지도로명주소>
<소재지지번주소>경기도 안산시 단원구 선부동 1070-13 한우리크리닉센타 108호</소재지지번주소>
<전화번호>031-486-0205</전화번호>
<주차여부>주차 완비</주차여부>
<영업시간>매일 00:00 ~ 23:59, 명절휴무</영업시간>
<주메뉴>순대국밥</주메뉴>
<위도>37.335921</위도>
<경도>126.807689</경도>
<데이터기준일자>2019-07-05</데이터기준일자>
</Row>
<Row>
<분야명>한식</분야명>
<행정읍면동>대부북동</행정읍면동>
<업소명>우가네사또왕족발</업소명>
<소재지도로명주소>경기도 안산시 상록구 예술광장1로 22, 108호(월피동)</소재지도로명주소>
<소재지지번주소>경기도 안산시 상록구 월피동 445-6 108호</소재지지번주소>
<전화번호>031-419-7866</전화번호>
<주차여부>지하 20대</주차여부>
<영업시간>매일 13:00 ~ 23:59, 일요일 휴무</영업시간>
<주메뉴>족발</주메뉴>
<위도>37.329228</위도>
<경도>126.844963</경도>
<데이터기준일자>2019-07-05</데이터기준일자>
</Row>
<Row>
<분야명>한식</분야명>
<행정읍면동>고잔동</행정읍면동>
<업소명>우리복집</업소명>
<소재지도로명주소>경기도 안산시 단원구 다리간2길 52</소재지도로명주소>
<소재지지번주소>경기도 안산시 단원구 고잔동 686-1</소재지지번주소>
<전화번호>031-403-8211</전화번호>
<주차여부/>
<영업시간/>
<주메뉴>복어탕,복어찜</주메뉴>
<위도>37.314422</위도>
<경도>126.824632</경도>
<데이터기준일자>2019-07-05</데이터기준일자>
</Row>
<Row>
<분야명>한식</분야명>
<행정읍면동>사동</행정읍면동>
<업소명>우리옥 (목포뻘낙지)</업소명>
<소재지도로명주소>경기도 안산시 상록구 댕이길 19 (사동)</소재지도로명주소>
<소재지지번주소>경기도 안산시 상록구 사동 1350-6</소재지지번주소>
<전화번호>031-437-0021</전화번호>
<주차여부>10대 무료주차 가능</주차여부>
<영업시간>매일 10:00 ~ 22:00, 연중무휴</영업시간>
<주메뉴>연포탕,낙지덮밥</주메뉴>
<위도>37.294006</위도>
<경도>126.844495</경도>
<데이터기준일자>2019-07-05</데이터기준일자>
</Row>
<Row>
<분야명>한식</분야명>
<행정읍면동>화정동</행정읍면동>
<업소명>웅가네추어탕</업소명>
<소재지도로명주소>경기도 안산시 단원구 이삭2길 59 (고잔동, 743-7 102호)</소재지도로명주소>
<소재지지번주소>경기도 안산시 단원구 고잔동 743-7 102호</소재지지번주소>
<전화번호>031-475-1225</전화번호>
<주차여부>가능</주차여부>
<영업시간>매일 10:00~ 22:00</영업시간>
<주메뉴>추어탕</주메뉴>
<위도>37.312396</위도>
<경도>126.837711</경도>
<데이터기준일자>2019-07-05</데이터기준일자>
</Row>
<Row>
<분야명>한식</분야명>
<행정읍면동>이동</행정읍면동>
<업소명>원조게장정식</업소명>
<소재지도로명주소>경기도 안산시 단원구 부부로3길 23 (원곡동)</소재지도로명주소>
<소재지지번주소>경기도 안산시 단원구 원곡동 752-8</소재지지번주소>
<전화번호>031-494-7330</전화번호>
<주차여부/>
<영업시간/>
<주메뉴>간장게장</주메뉴>
<위도>37.332500</위도>
<경도>126.793830</경도>
<데이터기준일자>2019-07-05</데이터기준일자>
</Row>
<Row>
<분야명>한식</분야명>
<행정읍면동>고잔동</행정읍면동>
<업소명>원할머니보쌈 상록수점</업소명>
<소재지도로명주소>경기도 안산시 상록구 용신로 394 (본오동)</소재지도로명주소>
<소재지지번주소>경기도 안산시 상록구 본오동 873-5</소재지지번주소>
<전화번호>031-409-4323</전화번호>
<주차여부>주차 완비</주차여부>
<영업시간>매일 11:00 ~ 23:59, 명절 휴무</영업시간>
<주메뉴>보쌈</주메뉴>
<위도>37.301286</위도>
<경도>126.865854</경도>
<데이터기준일자>2019-07-05</데이터기준일자>
</Row>
<Row>
<분야명>한식</분야명>
<행정읍면동>고잔동</행정읍면동>
<업소명>원할머니보쌈 중앙역점</업소명>
<소재지도로명주소>경기도 안산시 단원구 예술대학로 17, 211호 (고잔동)</소재지도로명주소>
<소재지지번주소>경기도 안산시 단원구 고잔동 534-3 안산중앙노블레스 211호</소재지지번주소>
<전화번호>031-403-6782</전화번호>
<주차여부>지하주차장</주차여부>
<영업시간>매일 11:00 ~ 23:59</영업시간>
<주메뉴>보쌈,족발</주메뉴>
<위도>37.318593</위도>
<경도>126.836468</경도>
<데이터기준일자>2019-07-05</데이터기준일자>
</Row>
<Row>
<분야명>한식</분야명>
<행정읍면동>월피동</행정읍면동>
<업소명>월남쌈</업소명>
<소재지도로명주소>경기도 안산시 상록구 송호1길 11 (이동)</소재지도로명주소>
<소재지지번주소>경기도 안산시 상록구 이동 662-2</소재지지번주소>
<전화번호>031-406-2712</전화번호>
<주차여부>주차 완비</주차여부>
<영업시간>매일 10:00 ~ 22:00, 주일 휴무</영업시간>
<주메뉴>월남쌈</주메뉴>
<위도>37.311786</위도>
<경도>126.846635</경도>
<데이터기준일자>2019-07-05</데이터기준일자>
</Row>
<Row>
<분야명>한식</분야명>
<행정읍면동>이동</행정읍면동>
<업소명>육덕봉</업소명>
<소재지도로명주소>경기도 안산시 상록구 충장로6길 22-2, 1층 (이동)</소재지도로명주소>
<소재지지번주소>경기도 안산시 상록구 이동 597 1층</소재지지번주소>
<전화번호>031-409-8954</전화번호>
<주차여부>주차가능</주차여부>
<영업시간>매일 11:00 ~ 23:00, 연중무휴</영업시간>
<주메뉴>소한마리,돼지한마리</주메뉴>
<위도>37.308341</위도>
<경도>126.858599</경도>
<데이터기준일자>2019-07-05</데이터기준일자>
</Row>
<Row>
<분야명>한식</분야명>
<행정읍면동>대부북동</행정읍면동>
<업소명>윤숙이네손칼국수</업소명>
<소재지도로명주소>경기도 안산시 단원구 대부황금로 1425 (대부북동)</소재지도로명주소>
<소재지지번주소>경기도 안산시 단원구 대부북동 1851-1</소재지지번주소>
<전화번호>032-882-1947</전화번호>
<주차여부>주차 완비</주차여부>
<영업시간>매일 10:00 ~ 23:59, 연중무휴</영업시간>
<주메뉴>손칼국수</주메뉴>
<위도>37.283451</위도>
<경도>126.569162</경도>
<데이터기준일자>2019-07-05</데이터기준일자>
</Row>
<Row>
<분야명>한식</분야명>
<행정읍면동>사동</행정읍면동>
<업소명>이천영양돌솥밥</업소명>
<소재지도로명주소>경기도 안산시 상록구 항가울로 7 (사동)</소재지도로명주소>
<소재지지번주소>경기도 안산시 상록구 사동 1431-9</소재지지번주소>
<전화번호>031-408-2008</전화번호>
<주차여부>30평의 넓은 주차장</주차여부>
<영업시간/>
<주메뉴>영양돌솥밥,갈비,보쌈정식</주메뉴>
<위도>37.282458</위도>
<경도>126.846989</경도>
<데이터기준일자>2019-07-05</데이터기준일자>
</Row>
<Row>
<분야명>한식</분야명>
<행정읍면동>원시동</행정읍면동>
<업소명>자매네찌개전문점</업소명>
<소재지도로명주소>경기도 안산시 단원구 동산로 60 (원시동, 777-6 반월종합상가 2층 220호)</소재지도로명주소>
<소재지지번주소>경기도 안산시 단원구 원시동 777-6 반월종합상가 2층 220호</소재지지번주소>
<전화번호>031-406-5252</전화번호>
<주차여부>가능</주차여부>
<영업시간>매일 10:00 ~ 21:00</영업시간>
<주메뉴>대구탕,동태찌개,생태찌개</주메뉴>
<위도>37.312863</위도>
<경도>126.797020</경도>
<데이터기준일자>2019-07-05</데이터기준일자>
</Row>
<Row>
<분야명>한식</분야명>
<행정읍면동>고잔동</행정읍면동>
<업소명>장군부대찌개</업소명>
<소재지도로명주소>경기도 안산시 단원구 선부광장로 77, 108호 (선부동)</소재지도로명주소>
<소재지지번주소>경기도 안산시 단원구 선부동 1077-15 늘봄스위트빌2 108호</소재지지번주소>
<전화번호>031-480-3392</전화번호>
<주차여부>지하주차장</주차여부>
<영업시간>매일 00:00 ~ 23:59, 연중무휴</영업시간>
<주메뉴>부대찌개</주메뉴>
<위도>37.332555</위도>
<경도>126.810405</경도>
<데이터기준일자>2019-07-05</데이터기준일자>
</Row>
<Row>
<분야명>일식</분야명>
<행정읍면동>초지동</행정읍면동>
<업소명>정통일식 다래</업소명>
<소재지도로명주소>경기도 안산시 단원구 광덕2로 163-15, 301호 (고잔동)</소재지도로명주소>
<소재지지번주소>경기도 안산시 단원구 고잔동 709 보성프라자 301호</소재지지번주소>
<전화번호>031-403-4399</전화번호>
<주차여부>주차가능</주차여부>
<영업시간>매일 10:00 ~ 22:00</영업시간>
<주메뉴>일식</주메뉴>
<위도>37.311094</위도>
<경도>126.828464</경도>
<데이터기준일자>2019-07-05</데이터기준일자>
</Row>
<Row>
<분야명>한식</분야명>
<행정읍면동>고잔동</행정읍면동>
<업소명>제주오겹살깡통구이</업소명>
<소재지도로명주소>경기도 안산시 상록구 예술광장로 63, 107호 (성포동)</소재지도로명주소>
<소재지지번주소>경기도 안산시 상록구 성포동 593-6 성포프라자 107호</소재지지번주소>
<전화번호>031-402-9594</전화번호>
<주차여부>주차 완비</주차여부>
<영업시간/>
<주메뉴>제주오겹살구이</주메뉴>
<위도>37.326615</위도>
<경도>126.845329</경도>
<데이터기준일자>2019-07-05</데이터기준일자>
</Row>
<Row>
<분야명>한식</분야명>
<행정읍면동>사동</행정읍면동>
<업소명>좋구먼한정식</업소명>
<소재지도로명주소>경기도 안산시 단원구 광덕4로 234, 207호(고잔동)</소재지도로명주소>
<소재지지번주소>경기도 안산시 단원구 고잔동 729-3 천혜로데오프라자 207호</소재지지번주소>
<전화번호>031-410-5577</전화번호>
<주차여부>주차 완비</주차여부>
<영업시간>매일 10:00 ~ 22:00, 추석과 설날 휴무</영업시간>
<주메뉴>참좋구먼정식</주메뉴>
<위도>37.314343</위도>
<경도>126.838496</경도>
<데이터기준일자>2019-07-05</데이터기준일자>
</Row>
<Row>
<분야명>뷔페식</분야명>
<행정읍면동>고잔동</행정읍면동>
<업소명>주)제이엘컨벤션</업소명>
<소재지도로명주소>경기도 안산시 단원구 광덕4로 230 (고잔동,중앙제일시장 501-503호)</소재지도로명주소>
<소재지지번주소>경기도 안산시 단원구 고잔동 729-2 중앙제일시장 501동 503호</소재지지번주소>
<전화번호>031-439-0600</전화번호>
<주차여부/>
<영업시간>매일 11:00 ~ 23:00, 연중무휴</영업시간>
<주메뉴>뷔페</주메뉴>
<위도>37.314369</위도>
<경도>126.837966</경도>
<데이터기준일자>2019-07-05</데이터기준일자>
</Row>
<Row>
<분야명>일식</분야명>
<행정읍면동>사동</행정읍면동>
<업소명>지중해참치</업소명>
<소재지도로명주소>경기도 안산시 단원구 고잔1길 66, 101호 (고잔동)</소재지도로명주소>
<소재지지번주소>경기도 안산시 단원구 고잔동 540-7 101호</소재지지번주소>
<전화번호>031-482-3788</전화번호>
<주차여부>자가 및 공영 주차장</주차여부>
<영업시간>매일 15:00 ~ 익일 03:00, 매주 일요일 휴무</영업시간>
<주메뉴>참치회</주메뉴>
<위도>37.317788</위도>
<경도>126.840880</경도>
<데이터기준일자>2019-07-05</데이터기준일자>
</Row>
<Row>
<분야명>한식</분야명>
<행정읍면동>월피동</행정읍면동>
<업소명>진성관</업소명>
<소재지도로명주소>경기도 안산시 단원구 고잔로 18, 201호 (고잔동)</소재지도로명주소>
<소재지지번주소>경기도 안산시 단원구 고잔동 524 늘봄스위트빌 201호</소재지지번주소>
<전화번호>031-484-8704</전화번호>
<주차여부>단원미술관 주차장 이용(낮 1시간, 저녁 2시간 무료)</주차여부>
<영업시간>매일 11:00 ~ 22:00, 명절 당일 휴무</영업시간>
<주메뉴>한우꽃등심,돼지갈비</주메뉴>
<위도>37.319176</위도>
<경도>126.828242</경도>
<데이터기준일자>2019-07-05</데이터기준일자>
</Row>
<Row>
<분야명>한식</분야명>
<행정읍면동>사동</행정읍면동>
<업소명>眞장어탕·구이</업소명>
<소재지도로명주소>경기도 안산시 상록구 시낭북로3길 1 (부곡동)</소재지도로명주소>
<소재지지번주소>경기도 안산시 상록구 부곡동 728-15</소재지지번주소>
<전화번호>031-483-5482</전화번호>
<주차여부>주차 완비</주차여부>
<영업시간>매일 11:00 ~ 23:00</영업시간>
<주메뉴>장어구이,장어탕</주메뉴>
<위도>37.334785</위도>
<경도>126.857770</경도>
<데이터기준일자>2019-07-05</데이터기준일자>
</Row>
<Row>
<분야명>한식</분야명>
<행정읍면동>대부북동</행정읍면동>
<업소명>진짜원조소나무집</업소명>
<소재지도로명주소>경기도 안산시 단원구 대부황금로 732</소재지도로명주소>
<소재지지번주소>경기도 안산시 단원구 대부동동 96-10</소재지지번주소>
<전화번호>032-886-2400</전화번호>
<주차여부>주차 완비</주차여부>
<영업시간/>
<주메뉴>칼국수,쭈꾸미볶음</주메뉴>
<위도>37.238735</위도>
<경도>126.613820</경도>
<데이터기준일자>2019-07-05</데이터기준일자>
</Row>
<Row>
<분야명>한식</분야명>
<행정읍면동>부곡동</행정읍면동>
<업소명>채상궁무한리필</업소명>
<소재지도로명주소>경기도 안산시 상록구 용신로 363 (본오동)</소재지도로명주소>
<소재지지번주소>경기도 안산시 상록구 본오동 877-9</소재지지번주소>
<전화번호>031-437-8592</전화번호>
<주차여부>30대</주차여부>
<영업시간/>
<주메뉴>소고기샤브샤브</주메뉴>
<위도>37.301922</위도>
<경도>126.862322</경도>
<데이터기준일자>2019-07-05</데이터기준일자>
</Row>
<Row>
<분야명>한식</분야명>
<행정읍면동>고잔동</행정읍면동>
<업소명>천하일미</업소명>
<소재지도로명주소>경기도 안산시 단원구 광덕대로 251</소재지도로명주소>
<소재지지번주소>경기도 안산시 단원구 고잔동 525-1</소재지지번주소>
<전화번호>031-485-3200</전화번호>
<주차여부/>
<영업시간/>
<주메뉴>한우생갈비,돼지갈비</주메뉴>
<위도>37.319088</위도>
<경도>126.829743</경도>
<데이터기준일자>2019-07-05</데이터기준일자>
</Row>
<Row>
<분야명>중국식</분야명>
<행정읍면동>본오동</행정읍면동>
<업소명>청궁</업소명>
<소재지도로명주소>경기도 안산시 단원구 원포공원1로 60, 101호 (초지동)</소재지도로명주소>
<소재지지번주소>경기도 안산시 단원구 초지동 742-3 다인프라자 101호</소재지지번주소>
<전화번호>031-411-2588</전화번호>
<주차여부>주차 완비</주차여부>
<영업시간>매일 09:00 ~ 21:00, 연중무휴</영업시간>
<주메뉴>전복짬뽕,소라짬뽕</주메뉴>
<위도>37.303148</위도>
<경도>126.811383</경도>
<데이터기준일자>2019-07-05</데이터기준일자>
</Row>
<Row>
<분야명>한식</분야명>
<행정읍면동>사동</행정읍면동>
<업소명>청정칼국수</업소명>
<소재지도로명주소>경기도 안산시 상록구 녹지로 40 (월피동)</소재지도로명주소>
<소재지지번주소>경기도 안산시 상록구 월피동 473-7</소재지지번주소>
<전화번호>031-485-0505</전화번호>
<주차여부>가능</주차여부>
<영업시간/>
<주메뉴>바지락칼국수</주메뉴>
<위도>37.337089</위도>
<경도>126.855734</경도>
<데이터기준일자>2019-07-05</데이터기준일자>
</Row>
<Row>
<분야명>한식</분야명>
<행정읍면동>월피동</행정읍면동>
<업소명>청정한돈</업소명>
<소재지도로명주소>경기도 안산시 단원구 원포공원2로 35, 202호 (초지동, 메가쇼핑타운)</소재지도로명주소>
<소재지지번주소>경기도 안산시 단원구 초지동 742-9 메가쇼핑타운 202호</소재지지번주소>
<전화번호>031-413-9253</전화번호>
<주차여부>50대</주차여부>
<영업시간>매일 11:00 ~ 23:00</영업시간>
<주메뉴>삼겹살구이</주메뉴>
<위도>37.301673</위도>
<경도>126.813518</경도>
<데이터기준일자>2019-07-05</데이터기준일자>
</Row>
<Row>
<분야명>한식</분야명>
<행정읍면동>사동</행정읍면동>
<업소명>코돈부르</업소명>
<소재지도로명주소>경기도 안산시 단원구 고잔1길 17, 204-1호 (고잔동)</소재지도로명주소>
<소재지지번주소>경기도 안산시 단원구 고잔동 534-1 204-1호</소재지지번주소>
<전화번호>031-485-3330</전화번호>
<주차여부/>
<영업시간>매일 11:00 ~ 22:30</영업시간>
<주메뉴>돈까스</주메뉴>
<위도>37.318565</위도>
<경도>126.835543</경도>
<데이터기준일자>2019-07-05</데이터기준일자>
</Row>
<Row>
<분야명>한식</분야명>
<행정읍면동>고잔동</행정읍면동>
<업소명>코리안왕돈까스</업소명>
<소재지도로명주소>경기도 안산시 단원구 와동공원로 106 (와동)</소재지도로명주소>
<소재지지번주소>경기도 안산시 단원구 와동 759-11</소재지지번주소>
<전화번호>031-403-3228</전화번호>
<주차여부>주차완비</주차여부>
<영업시간>매일 10:30 ~ 21:30, 명절당일 휴무</영업시간>
<주메뉴>왕돈까스,카레돈까스</주메뉴>
<위도>37.341033</위도>
<경도>126.821601</경도>
<데이터기준일자>2019-07-05</데이터기준일자>
</Row>
<Row>
<분야명>뷔페식</분야명>
<행정읍면동>사사동</행정읍면동>
<업소명>쿠우쿠우</업소명>
<소재지도로명주소>경기도 안산시 단원구 고잔2길 41, 207호 (고잔동)</소재지도로명주소>
<소재지지번주소>경기도 안산시 단원구 고잔동 535-1 신양복합빌딩 207호</소재지지번주소>
<전화번호>031-405-6274</전화번호>
<주차여부>주차 완비</주차여부>
<영업시간/>
<주메뉴>뷔페</주메뉴>
<위도>37.317871</위도>
<경도>126.835601</경도>
<데이터기준일자>2019-07-05</데이터기준일자>
</Row>
<Row>
<분야명>한식</분야명>
<행정읍면동>사동</행정읍면동>
<업소명>통돼지볶음찌개</업소명>
<소재지도로명주소>경기도 안산시 상록구 댕이길 79-1 (사동)</소재지도로명주소>
<소재지지번주소>경기도 안산시 상록구 사동 1349-2</소재지지번주소>
<전화번호>031-408-2292</전화번호>
<주차여부>주차 완비</주차여부>
<영업시간/>
<주메뉴>통돼지 볶음찌개</주메뉴>
<위도>37.294094</위도>
<경도>126.842634</경도>
<데이터기준일자>2019-07-05</데이터기준일자>
</Row>
<Row>
<분야명>한식</분야명>
<행정읍면동>이동</행정읍면동>
<업소명>통돼지잡는집</업소명>
<소재지도로명주소>경기도 안산시 단원구 선부광장1로 30, 112호 (선부동)</소재지도로명주소>
<소재지지번주소>경기도 안산시 단원구 선부동 1070-15 단원프라자 112호</소재지지번주소>
<전화번호>031-402-5683</전화번호>
<주차여부>지하1층 주차완비</주차여부>
<영업시간>매일 10:30 ~ 23:00</영업시간>
<주메뉴>생삽겹살구이</주메뉴>
<위도>37.336201</위도>
<경도>126.808410</경도>
<데이터기준일자>2019-07-05</데이터기준일자>
</Row>
<Row>
<분야명>한식</분야명>
<행정읍면동>사동</행정읍면동>
<업소명>통일칼국수</업소명>
<소재지도로명주소>경기도 안산시 단원구 동산로 63, 502호(원시동)</소재지도로명주소>
<소재지지번주소>경기도 안산시 단원구 원시동 773-9 502호</소재지지번주소>
<전화번호>031-495-5904</전화번호>
<주차여부>60대 주차 가능</주차여부>
<영업시간>매일 12:00 ~ 16:00, 매주 일요일 휴무</영업시간>
<주메뉴>평양식왕만두,칼국수</주메뉴>
<위도>37.314287</위도>
<경도>126.797242</경도>
<데이터기준일자>2019-07-05</데이터기준일자>
</Row>
<Row>
<분야명>한식</분야명>
<행정읍면동>고잔동</행정읍면동>
<업소명>한라산도야지</업소명>
<소재지도로명주소>경기도 안산시 단원구 지곡로 23 (선부동)</소재지도로명주소>
<소재지지번주소>경기도 안산시 단원구 선부동 969-8</소재지지번주소>
<전화번호>031-486-7572</전화번호>
<주차여부>주차 완비</주차여부>
<영업시간>매일 10:00 ~ 22:00</영업시간>
<주메뉴>제주오겹살</주메뉴>
<위도>37.336951</위도>
<경도>126.804436</경도>
<데이터기준일자>2019-07-05</데이터기준일자>
</Row>
<Row>
<분야명>한식</분야명>
<행정읍면동>이동</행정읍면동>
<업소명>한양복국시</업소명>
<소재지도로명주소>경기도 안산시 상록구 송호1길 93</소재지도로명주소>
<소재지지번주소>경기도 안산시 상록구 이동 660-3</소재지지번주소>
<전화번호>031-502-0221</전화번호>
<주차여부/>
<영업시간/>
<주메뉴>복어탕,복어찜</주메뉴>
<위도>37.311699</위도>
<경도>126.848598</경도>
<데이터기준일자>2019-07-05</데이터기준일자>
</Row>
<Row>
<분야명>한식</분야명>
<행정읍면동>고잔동</행정읍면동>
<업소명>한우촌숯불갈비</업소명>
<소재지도로명주소>경기도 안산시 상록구 일동로 23 (일동)</소재지도로명주소>
<소재지지번주소>경기도 안산시 상록구 일동 630-2</소재지지번주소>
<전화번호>031-501-7326</전화번호>
<주차여부>주차 완비</주차여부>
<영업시간>매일 10:00 ~ 23:59, 명절 및 여름휴가 휴무</영업시간>
<주메뉴>소고기등심, 돼지갈비</주메뉴>
<위도>37.310147</위도>
<경도>126.869289</경도>
<데이터기준일자>2019-07-05</데이터기준일자>
</Row>
<Row>
<분야명>한식</분야명>
<행정읍면동>선부동</행정읍면동>
<업소명>해미청</업소명>
<소재지도로명주소>경기도 안산시 단원구 선부광장로 67</소재지도로명주소>
<소재지지번주소>경기도 안산시 단원구 선부동 1077-17</소재지지번주소>
<전화번호>031-402-1700</전화번호>
<주차여부>가능</주차여부>
<영업시간>매일 11:00 ~ 23:00</영업시간>
<주메뉴>아구찜,해물찜</주메뉴>
<위도>37.332944</위도>
<경도>126.811352</경도>
<데이터기준일자>2019-07-05</데이터기준일자>
</Row>
<Row>
<분야명>한식</분야명>
<행정읍면동>고잔동</행정읍면동>
<업소명>해미청</업소명>
<소재지도로명주소>경기도 안산시 상록구 각골로 47 (본오동)</소재지도로명주소>
<소재지지번주소>경기도 안산시 상록구 본오동 778-1</소재지지번주소>
<전화번호>031-438-7789</전화번호>
<주차여부>2대 주차 가능</주차여부>
<영업시간/>
<주메뉴>아구찜,해물찜</주메뉴>
<위도>37.293707</위도>
<경도>126.872239</경도>
<데이터기준일자>2019-07-05</데이터기준일자>
</Row>
<Row>
<분야명>한식</분야명>
<행정읍면동>성포동</행정읍면동>
<업소명>현죽</업소명>
<소재지도로명주소>경기도 안산시 상록구 예술광장로 63, 110호 (성포동)</소재지도로명주소>
<소재지지번주소>경기도 안산시 상록구 성포동 593-6 성포프라자 110호</소재지지번주소>
<전화번호>031-413-8218</전화번호>
<주차여부>주차 완비</주차여부>
<영업시간>매일 10:00 ~ 21:00, 둘째 넷째 일요일 휴무</영업시간>
<주메뉴>죽</주메뉴>
<위도>37.326615</위도>
<경도>126.845329</경도>
<데이터기준일자>2019-07-05</데이터기준일자>
</Row>
<Row>
<분야명>뷔페식</분야명>
<행정읍면동>고잔동</행정읍면동>
<업소명>홍록기파티하우스</업소명>
<소재지도로명주소>경기도 안산시 단원구 광덕4로 112 (고잔동)</소재지도로명주소>
<소재지지번주소>경기도 안산시 단원구 고잔동 681-6</소재지지번주소>
<전화번호>031-487-6868</전화번호>
<주차여부>지하 주차장 및 공영 주차장(300대)</주차여부>
<영업시간>매일 00:00 ~ 23:59, 연중무휴</영업시간>
<주메뉴>뷔페</주메뉴>
<위도>37.315062</위도>
<경도>126.824721</경도>
<데이터기준일자>2019-07-05</데이터기준일자>
</Row>
<Row>
<분야명>한식</분야명>
<행정읍면동>고잔동</행정읍면동>
<업소명>홍익궁중전통육개장(안산이동점본관)</업소명>
<소재지도로명주소>경기도 안산시 상록구 송호3길 3, 1층(이동)</소재지도로명주소>
<소재지지번주소>경기도 안산시 상록구 이동 650-6 1층</소재지지번주소>
<전화번호>031-409-6669</전화번호>
<주차여부>가능</주차여부>
<영업시간>매일 08: 00 ~ 22:00</영업시간>
<주메뉴>궁중전통육개장</주메뉴>
<위도>37.312122</위도>
<경도>126.845905</경도>
<데이터기준일자>2019-07-05</데이터기준일자>
</Row>
<Row>
<분야명>한식</분야명>
<행정읍면동>초지동</행정읍면동>
<업소명>홍천감자탕</업소명>
<소재지도로명주소>경기도 안산시 단원구 초지로 90</소재지도로명주소>
<소재지지번주소>경기도 안산시 단원구 초지동 735-4</소재지지번주소>
<전화번호>031-410-8116</전화번호>
<주차여부/>
<영업시간/>
<주메뉴>감자탕</주메뉴>
<위도>37.306812</위도>
<경도>126.815073</경도>
<데이터기준일자>2019-07-05</데이터기준일자>
</Row>
<Row>
<분야명>한식</분야명>
<행정읍면동>월피동</행정읍면동>
<업소명>홍천덤바우록계탕</업소명>
<소재지도로명주소>경기도 안산시 단원구 광덕1로 163, 101호 (고잔동)</소재지도로명주소>
<소재지지번주소>경기도 안산시 단원구 고잔동 718-1 동남레이크빌II 101호</소재지지번주소>
<전화번호>031-475-3988</전화번호>
<주차여부>지하 주차</주차여부>
<영업시간/>
<주메뉴>록계탕</주메뉴>
<위도>37.308282</위도>
<경도>126.827771</경도>
<데이터기준일자>2019-07-05</데이터기준일자>
</Row>
<Row>
<분야명>중국식</분야명>
<행정읍면동>고잔동</행정읍면동>
<업소명>홍푸</업소명>
<소재지도로명주소>경기도 안산시 단원구 광덕2로 164-12 (고잔동, 716-5 금바다프라자 2층)</소재지도로명주소>
<소재지지번주소>경기도 안산시 단원구 고잔동 716-5  금바다프라자 2층</소재지지번주소>
<전화번호>031-403-3885</전화번호>
<주차여부>주차 완비</주차여부>
<영업시간>매일 11:00 ~ 21:00</영업시간>
<주메뉴>짜장면,탕수육</주메뉴>
<위도>37.308643</위도>
<경도>126.828244</경도>
<데이터기준일자>2019-07-05</데이터기준일자>
</Row>
<Row>
<분야명>한식</분야명>
<행정읍면동>사동</행정읍면동>
<업소명>화정동 메밀꽃필무렵</업소명>
<소재지도로명주소>경기도 안산시 단원구 꽃우물1길 20 (화정동)</소재지도로명주소>
<소재지지번주소>경기도 안산시 단원구 화정동 554-2</소재지지번주소>
<전화번호>031-403-0621</전화번호>
<주차여부>주차 완비</주차여부>
<영업시간>매일 10:00 ~ 21:30, 연중무휴</영업시간>
<주메뉴>메밀막국수,메밀닭칼국수</주메뉴>
<위도>37.358612</위도>
<경도>126.821627</경도>
<데이터기준일자>2019-07-05</데이터기준일자>
</Row>
<Row>
<분야명>한식</분야명>
<행정읍면동>사동</행정읍면동>
<업소명>화정동낙지마을</업소명>
<소재지도로명주소>경기도 안산시 단원구 쑥개길 23 (화정동 )</소재지도로명주소>
<소재지지번주소>경기도 안산시 단원구 화정동 319-6</소재지지번주소>
<전화번호>031-487-5857</전화번호>
<주차여부>주차 완비</주차여부>
<영업시간>매일 10:00 ~ 22:00, 연중무휴</영업시간>
<주메뉴>산낙지,연포탕</주메뉴>
<위도>37.349027</위도>
<경도>126.822327</경도>
<데이터기준일자>2019-07-05</데이터기준일자>
</Row>
<Row>
<분야명>한식</분야명>
<행정읍면동>초지동</행정읍면동>
<업소명>소가네</업소명>
<소재지도로명주소>경기도 안산시 단원구 초지2로 59, 2층</소재지도로명주소>
<소재지지번주소>경기도 안산시 단원구 초지동 734-7 2층</소재지지번주소>
<전화번호>031-483-9295</전화번호>
<주차여부>주차 완비</주차여부>
<영업시간/>
<주메뉴>소고기</주메뉴>
<위도>37.306425</위도>
<경도>126.815525</경도>
<데이터기준일자>2019-07-05</데이터기준일자>
</Row>
<Row>
<분야명>한식</분야명>
<행정읍면동>초지동</행정읍면동>
<업소명>엉클짱왕해물찜</업소명>
<소재지도로명주소>경기도 안산시 단원구 초지동로 45(초지동 201,202,203)</소재지도로명주소>
<소재지지번주소>경기도 안산시 단원구 초지동 733 (초지동 201,202,203)</소재지지번주소>
<전화번호>031-402-8420</전화번호>
<주차여부>주차 완비</주차여부>
<영업시간/>
<주메뉴>해물찜</주메뉴>
<위도>37.307706</위도>
<경도>126.816605</경도>
<데이터기준일자>2019-07-05</데이터기준일자>
</Row>
<Row>
<분야명>한식</분야명>
<행정읍면동>화정동</행정읍면동>
<업소명>콩밭</업소명>
<소재지도로명주소>경기도 안산시 단원구 쑥개길 7(화정동)</소재지도로명주소>
<소재지지번주소>경기도 안산시 단원구 화정동 315-9</소재지지번주소>
<전화번호>031-475-3434</전화번호>
<주차여부>주차 완비</주차여부>
<영업시간/>
<주메뉴>콩요리</주메뉴>
<위도>37.349421</위도>
<경도>126.820746</경도>
<데이터기준일자>2019-07-05</데이터기준일자>
</Row>
<Row>
<분야명>한식</분야명>
<행정읍면동>선부동</행정읍면동>
<업소명>조선갈비(안산선부점)</업소명>
<소재지도로명주소>경기도 안산시 단원구 선부광장로 77(선부동 201호일부)</소재지도로명주소>
<소재지지번주소>경기도 안산시 단원구 선부동 1077-15 늘봄스위트빌2 201호 일부</소재지지번주소>
<전화번호>031-483-2020</전화번호>
<주차여부>주차 완비</주차여부>
<영업시간/>
<주메뉴>갈비</주메뉴>
<위도>37.332555</위도>
<경도>126.810405</경도>
<데이터기준일자>2019-07-05</데이터기준일자>
</Row>
<Row>
<분야명>한식</분야명>
<행정읍면동>대부북동</행정읍면동>
<업소명>전통우리밀칼국수전문</업소명>
<소재지도로명주소>경기도 안산시 단원구 대부황금로 1435, 1층(대부북동)</소재지도로명주소>
<소재지지번주소>경기도 안산시 단원구 대부북동 1849-36 1층</소재지지번주소>
<전화번호>032-886-2993</전화번호>
<주차여부>주차 완비</주차여부>
<영업시간/>
<주메뉴>칼국수</주메뉴>
<위도>37.283948</위도>
<경도>126.569486</경도>
<데이터기준일자>2019-07-05</데이터기준일자>
</Row>
</root>
