<?xml version="1.0" encoding="UTF-8"?>
<root>
<header>
<header>모범업소명</header>
<header>주소</header>
<header>연락처</header>
<header>지정일자</header>
<header>최신지정일자</header>
<header>업태</header>
<header>대표메뉴</header>
<header>기준일</header>
</header>
<Row>
<모범업소명>북회원</모범업소명>
<주소>장안구 정조로921번길 4 (영화동)</주소>
<연락처>031-245-6987</연락처>
<지정일자>2001-07-10</지정일자>
<최신지정일자>2018-06-01</최신지정일자>
<업태>중국식</업태>
<대표메뉴>짜장면+짬뽕</대표메뉴>
<기준일>2019-01-01</기준일>
</Row>
<Row>
<모범업소명>삼풍가든</모범업소명>
<주소>장안구 서부로 2388 (이목동)</주소>
<연락처>031-255-0969</연락처>
<지정일자>2001-07-10</지정일자>
<최신지정일자>2018-06-01</최신지정일자>
<업태>한식</업태>
<대표메뉴>갈비+갈비탕</대표메뉴>
<기준일>2019-01-01</기준일>
</Row>
<Row>
<모범업소명>금동회집</모범업소명>
<주소>장안구 파장로82번길 6 (파장동)</주소>
<연락처>031-242-1469</연락처>
<지정일자>2015-07-16</지정일자>
<최신지정일자>2018-06-01</최신지정일자>
<업태>회집</업태>
<대표메뉴>회류</대표메뉴>
<기준일>2019-01-01</기준일>
</Row>
<Row>
<모범업소명>동원성</모범업소명>
<주소>장안구 수성로327번길 12-20 (정자동)</주소>
<연락처>031-246-3930</연락처>
<지정일자>2015-07-16</지정일자>
<최신지정일자>2018-06-01</최신지정일자>
<업태>중국식</업태>
<대표메뉴>자장면</대표메뉴>
<기준일>2019-01-01</기준일>
</Row>
<Row>
<모범업소명>곤지암소머리국밥</모범업소명>
<주소>장안구 경수대로 1099 (파장동)</주소>
<연락처>031-247-1066</연락처>
<지정일자>2010-07-05</지정일자>
<최신지정일자>2018-06-01</최신지정일자>
<업태>한식</업태>
<대표메뉴>국밥</대표메뉴>
<기준일>2019-01-01</기준일>
</Row>
<Row>
<모범업소명>장수옻닭</모범업소명>
<주소>장안구 영화로26번길 18 (영화동)</주소>
<연락처>031-245-7876</연락처>
<지정일자>2008-06-27</지정일자>
<최신지정일자>2018-06-01</최신지정일자>
<업태>한식</업태>
<대표메뉴>옻닭</대표메뉴>
<기준일>2019-01-01</기준일>
</Row>
<Row>
<모범업소명>길림성</모범업소명>
<주소>장안구 송원로 2, 2,3층 (송죽동)</주소>
<연락처>031-252-1001</연락처>
<지정일자>2014-06-25</지정일자>
<최신지정일자>2018-06-01</최신지정일자>
<업태>중국식</업태>
<대표메뉴>찹쌀탕수육외</대표메뉴>
<기준일>2019-01-01</기준일>
</Row>
<Row>
<모범업소명>옛마당식당</모범업소명>
<주소>장안구 광교산로 28 (영화동)</주소>
<연락처>031-245-5130</연락처>
<지정일자>2012-07-05</지정일자>
<최신지정일자>2018-06-01</최신지정일자>
<업태>한식</업태>
<대표메뉴>복매운탕</대표메뉴>
<기준일>2019-01-01</기준일>
</Row>
<Row>
<모범업소명>류가</모범업소명>
<주소>장안구 파장로 58 (파장동)</주소>
<연락처>031-241-8024</연락처>
<지정일자>2018-06-01</지정일자>
<최신지정일자>2018-06-01</최신지정일자>
<업태>일식</업태>
<대표메뉴>회정식</대표메뉴>
<기준일>2019-01-01</기준일>
</Row>
<Row>
<모범업소명>선농단식당</모범업소명>
<주소>장안구 파장천로 28 (파장동)</주소>
<연락처>000-000-0000</연락처>
<지정일자>2001-06-26</지정일자>
<최신지정일자>2018-06-01</최신지정일자>
<업태>한식</업태>
<대표메뉴>설렁탕+수육</대표메뉴>
<기준일>2019-01-01</기준일>
</Row>
<Row>
<모범업소명>만석풍천민물장어</모범업소명>
<주소>장안구 송정로 31, 1,2층 (정자동)</주소>
<연락처>031-256-3322</연락처>
<지정일자>2008-06-27</지정일자>
<최신지정일자>2018-06-01</최신지정일자>
<업태>한식</업태>
<대표메뉴>동태탕</대표메뉴>
<기준일>2019-01-01</기준일>
</Row>
<Row>
<모범업소명>동태찌개 유명한집(본점)</모범업소명>
<주소>장안구 창룡대로207번길 5 (연무동)</주소>
<연락처>031-253-6265</연락처>
<지정일자>2008-06-27</지정일자>
<최신지정일자>2018-06-01</최신지정일자>
<업태>한식</업태>
<대표메뉴>동태찌개</대표메뉴>
<기준일>2019-01-01</기준일>
</Row>
<Row>
<모범업소명>대정숯불</모범업소명>
<주소>장안구 정조로922번길 30 (영화동)</주소>
<연락처>031-252-3105</연락처>
<지정일자>2016-06-30</지정일자>
<최신지정일자>2018-06-01</최신지정일자>
<업태>기타</업태>
<대표메뉴>삼겹살</대표메뉴>
<기준일>2019-01-01</기준일>
</Row>
<Row>
<모범업소명>신사강식당</모범업소명>
<주소>장안구 정조로1088번길 11 (송죽동)</주소>
<연락처>031-247-5454</연락처>
<지정일자>2008-06-27</지정일자>
<최신지정일자>2018-06-01</최신지정일자>
<업태>한식</업태>
<대표메뉴>갈비구이</대표메뉴>
<기준일>2019-01-01</기준일>
</Row>
<Row>
<모범업소명>송풍가든</모범업소명>
<주소>장안구 경수대로 1013 (송죽동)</주소>
<연락처>031-252-4700</연락처>
<지정일자>2001-07-10</지정일자>
<최신지정일자>2018-06-01</최신지정일자>
<업태>한식</업태>
<대표메뉴>갈비+갈비탕+비빔밥</대표메뉴>
<기준일>2019-01-01</기준일>
</Row>
<Row>
<모범업소명>북수원갈비</모범업소명>
<주소>장안구 영화로26번길 9 (영화동)</주소>
<연락처>031-255-1565</연락처>
<지정일자>2007-07-02</지정일자>
<최신지정일자>2018-06-01</최신지정일자>
<업태>식육(숯불구이)</업태>
<대표메뉴>돼지갈비</대표메뉴>
<기준일>2019-01-01</기준일>
</Row>
<Row>
<모범업소명>화홍추어탕</모범업소명>
<주소>장안구 송원로41번길 9 (송죽동)</주소>
<연락처>031-245-3660</연락처>
<지정일자>2007-07-02</지정일자>
<최신지정일자>2018-06-01</최신지정일자>
<업태>한식</업태>
<대표메뉴>추어탕</대표메뉴>
<기준일>2019-01-01</기준일>
</Row>
<Row>
<모범업소명>장인족발608</모범업소명>
<주소>장안구 정조로1088번길 18-1 (송죽동)</주소>
<연락처>031-255-0303</연락처>
<지정일자>2017-07-13</지정일자>
<최신지정일자>2018-06-01</최신지정일자>
<업태>기타</업태>
<대표메뉴>족발</대표메뉴>
<기준일>2019-01-01</기준일>
</Row>
<Row>
<모범업소명>곤드레밥집</모범업소명>
<주소>장안구 장안로346번길 8 (이목동)</주소>
<연락처>031-255-4833</연락처>
<지정일자>2017-07-13</지정일자>
<최신지정일자>2018-06-01</최신지정일자>
<업태>한식</업태>
<대표메뉴>곤드레밥상</대표메뉴>
<기준일>2019-01-01</기준일>
</Row>
<Row>
<모범업소명>춘양골남원추어탕</모범업소명>
<주소>장안구 수성로245번길 48 (정자동)</주소>
<연락처>031-243-2873</연락처>
<지정일자>2008-06-27</지정일자>
<최신지정일자>2018-06-01</최신지정일자>
<업태>한식</업태>
<대표메뉴>추어탕</대표메뉴>
<기준일>2019-01-01</기준일>
</Row>
<Row>
<모범업소명>맛고을코다리한상</모범업소명>
<주소>장안구 조원로 124 (조원동)</주소>
<연락처>031-245-6432</연락처>
<지정일자>2001-07-10</지정일자>
<최신지정일자>2018-06-01</최신지정일자>
<업태>회집</업태>
<대표메뉴>활어회+회정식</대표메뉴>
<기준일>2019-01-01</기준일>
</Row>
<Row>
<모범업소명>원할머니보쌈족발 박가부대찌개 조원점</모범업소명>
<주소>장안구 송원로 80 (조원동)</주소>
<연락처>031-244-5252</연락처>
<지정일자>2006-06-27</지정일자>
<최신지정일자>2018-06-01</최신지정일자>
<업태>한식</업태>
<대표메뉴>보쌈</대표메뉴>
<기준일>2019-01-01</기준일>
</Row>
<Row>
<모범업소명>육미옥</모범업소명>
<주소>장안구 송원로 47 (송죽동)</주소>
<연락처>031-255-8040</연락처>
<지정일자>2010-07-05</지정일자>
<최신지정일자>2018-06-01</최신지정일자>
<업태>한식</업태>
<대표메뉴>갈비+삼겹살</대표메뉴>
<기준일>2019-01-01</기준일>
</Row>
<Row>
<모범업소명>토기장이유황오리</모범업소명>
<주소>장안구 서부로 2178 (천천동)</주소>
<연락처>031-271-1118</연락처>
<지정일자>2003-08-11</지정일자>
<최신지정일자>2018-06-01</최신지정일자>
<업태>한식</업태>
<대표메뉴>유황오리</대표메뉴>
<기준일>2019-01-01</기준일>
</Row>
<Row>
<모범업소명>화홍문갈비</모범업소명>
<주소>장안구 월드컵로 438 (연무동)</주소>
<연락처>031-253-8989</연락처>
<지정일자>2007-07-02</지정일자>
<최신지정일자>2018-06-01</최신지정일자>
<업태>식육(숯불구이)</업태>
<대표메뉴>돼지갈비+소갈비</대표메뉴>
<기준일>2019-01-01</기준일>
</Row>
<Row>
<모범업소명>콩마당</모범업소명>
<주소>장안구 파장천로 92 (파장동)</주소>
<연락처>031-254-2827</연락처>
<지정일자>2002-03-27</지정일자>
<최신지정일자>2018-06-01</최신지정일자>
<업태>한식</업태>
<대표메뉴>두부정식+두부전+전골</대표메뉴>
<기준일>2019-01-01</기준일>
</Row>
<Row>
<모범업소명>마산아구찜</모범업소명>
<주소>장안구 대평로90번길 32, 201호 (정자동, 선일주차타운빌딩동)</주소>
<연락처>031-269-9595</연락처>
<지정일자>2003-08-11</지정일자>
<최신지정일자>2018-06-01</최신지정일자>
<업태>한식</업태>
<대표메뉴>아구탕</대표메뉴>
<기준일>2019-01-01</기준일>
</Row>
<Row>
<모범업소명>등촌샤브칼국수</모범업소명>
<주소>장안구 대평로90번길 32, 203호 (정자동, 선일주차타운빌딩동)</주소>
<연락처>031-269-2626</연락처>
<지정일자>2003-08-11</지정일자>
<최신지정일자>2018-06-01</최신지정일자>
<업태>한식</업태>
<대표메뉴>칼국수</대표메뉴>
<기준일>2019-01-01</기준일>
</Row>
<Row>
<모범업소명>화통집 수원북문점</모범업소명>
<주소>장안구 팔달로259번길 10 (영화동,월드프라자 104호)</주소>
<연락처>031-252-9280</연락처>
<지정일자>2018-06-01</지정일자>
<최신지정일자>2018-06-01</최신지정일자>
<업태>기타</업태>
<대표메뉴>삼겹살</대표메뉴>
<기준일>2019-01-01</기준일>
</Row>
<Row>
<모범업소명>착한고기</모범업소명>
<주소>장안구 정자천로173번길 11-6, 201호 (정자동, 세경프라자)</주소>
<연락처>031-247-4788</연락처>
<지정일자>2012-07-05</지정일자>
<최신지정일자>2018-06-01</최신지정일자>
<업태>식육(숯불구이)</업태>
<대표메뉴>등심류</대표메뉴>
<기준일>2019-01-01</기준일>
</Row>
<Row>
<모범업소명>그집쭈꾸미</모범업소명>
<주소>장안구 만석로 183 (송죽동)</주소>
<연락처>031-241-1359</연락처>
<지정일자>2009-06-26</지정일자>
<최신지정일자>2018-06-01</최신지정일자>
<업태>한식</업태>
<대표메뉴>쭈꾸미볶음</대표메뉴>
<기준일>2019-01-01</기준일>
</Row>
<Row>
<모범업소명>씨ㆍ후레쉬(Sea Fresh)</모범업소명>
<주소>장안구 금당로 2, 2층 (조원동)</주소>
<연락처>031-242-2920</연락처>
<지정일자>2006-06-27</지정일자>
<최신지정일자>2018-06-01</최신지정일자>
<업태>일식</업태>
<대표메뉴>바다가재</대표메뉴>
<기준일>2019-01-01</기준일>
</Row>
<Row>
<모범업소명>최다연샤브샤브</모범업소명>
<주소>장안구 금당로 2, 1층 (조원동, ,30)</주소>
<연락처>031-245-6889</연락처>
<지정일자>2005-06-27</지정일자>
<최신지정일자>2018-06-01</최신지정일자>
<업태>한식</업태>
<대표메뉴>샤브샤브</대표메뉴>
<기준일>2019-01-01</기준일>
</Row>
<Row>
<모범업소명>장안생고기</모범업소명>
<주소>장안구 장안로 126 (정자동)</주소>
<연락처>031-241-1191</연락처>
<지정일자>2005-06-27</지정일자>
<최신지정일자>2018-06-01</최신지정일자>
<업태>식육(숯불구이)</업태>
<대표메뉴>영양돌솥밥</대표메뉴>
<기준일>2019-01-01</기준일>
</Row>
<Row>
<모범업소명>북경오리구이</모범업소명>
<주소>장안구 송원로 63 (송죽동, 신성빌딩)</주소>
<연락처>031-242-5292</연락처>
<지정일자>2006-06-27</지정일자>
<최신지정일자>2018-06-01</최신지정일자>
<업태>한식</업태>
<대표메뉴>오리구이</대표메뉴>
<기준일>2019-01-01</기준일>
</Row>
<Row>
<모범업소명>진포숯불돼지갈비</모범업소명>
<주소>장안구 금당로9번길 74 (조원동)</주소>
<연락처>031-256-9202</연락처>
<지정일자>2006-06-27</지정일자>
<최신지정일자>2018-06-01</최신지정일자>
<업태>한식</업태>
<대표메뉴>돼지갈비</대표메뉴>
<기준일>2019-01-01</기준일>
</Row>
<Row>
<모범업소명>청대문 곤드레밥</모범업소명>
<주소>장안구 정자천로 187, 201호 (정자동, 롯데프라자)</주소>
<연락처>031-245-2921</연락처>
<지정일자>2008-06-27</지정일자>
<최신지정일자>2018-06-01</최신지정일자>
<업태>한식</업태>
<대표메뉴>낙지수제비</대표메뉴>
<기준일>2019-01-01</기준일>
</Row>
<Row>
<모범업소명>만다린</모범업소명>
<주소>장안구 창훈로60번길 40, 1층 (연무동)</주소>
<연락처>031-241-6312</연락처>
<지정일자>2009-06-26</지정일자>
<최신지정일자>2018-06-01</최신지정일자>
<업태>중국식</업태>
<대표메뉴>짜장면</대표메뉴>
<기준일>2019-01-01</기준일>
</Row>
<Row>
<모범업소명>성국갈비</모범업소명>
<주소>장안구 장안로76번길 37, 비동 1층 (정자동)</주소>
<연락처>031-254-7674</연락처>
<지정일자>2009-06-26</지정일자>
<최신지정일자>2018-06-01</최신지정일자>
<업태>한식</업태>
<대표메뉴>갈비</대표메뉴>
<기준일>2019-01-01</기준일>
</Row>
<Row>
<모범업소명>수천냉면</모범업소명>
<주소>장안구 덕영대로497번길 8-1 (천천동)</주소>
<연락처>031-269-6868</연락처>
<지정일자>2008-06-27</지정일자>
<최신지정일자>2018-06-01</최신지정일자>
<업태>한식</업태>
<대표메뉴>냉면</대표메뉴>
<기준일>2019-01-01</기준일>
</Row>
<Row>
<모범업소명>어머나생고기수원천천점</모범업소명>
<주소>장안구 만석로5번길 6, 201호 (천천동, 세화프라자)</주소>
<연락처>031-251-5871</연락처>
<지정일자>2007-07-02</지정일자>
<최신지정일자>2018-06-01</최신지정일자>
<업태>한식</업태>
<대표메뉴>한정식</대표메뉴>
<기준일>2019-01-01</기준일>
</Row>
<Row>
<모범업소명>시골보쌈&amp;감자옹심이</모범업소명>
<주소>장안구 경수대로 882 (조원동)</주소>
<연락처>031-248-5296</연락처>
<지정일자>2018-06-01</지정일자>
<최신지정일자>2018-06-01</최신지정일자>
<업태>한식</업태>
<대표메뉴>보쌈</대표메뉴>
<기준일>2019-01-01</기준일>
</Row>
<Row>
<모범업소명>바람난장어</모범업소명>
<주소>장안구 광교산로 160, 지하1,지상1층 (하광교동)</주소>
<연락처>031-246-5666</연락처>
<지정일자>2007-07-02</지정일자>
<최신지정일자>2018-06-01</최신지정일자>
<업태>기타</업태>
<대표메뉴>짜장면</대표메뉴>
<기준일>2019-01-01</기준일>
</Row>
<Row>
<모범업소명>대유평</모범업소명>
<주소>장안구 수일로 221 (조원동)</주소>
<연락처>031-227-2358</연락처>
<지정일자>2013-07-04</지정일자>
<최신지정일자>2018-06-01</최신지정일자>
<업태>한식</업태>
<대표메뉴>꽃등심+특수부위</대표메뉴>
<기준일>2019-01-01</기준일>
</Row>
<Row>
<모범업소명>황소화로구이</모범업소명>
<주소>장안구 정자로 16-1 (천천동)</주소>
<연락처>031-269-8592</연락처>
<지정일자>2008-06-27</지정일자>
<최신지정일자>2018-06-01</최신지정일자>
<업태>한식</업태>
<대표메뉴>돼지갈비</대표메뉴>
<기준일>2019-01-01</기준일>
</Row>
<Row>
<모범업소명>송담추어탕</모범업소명>
<주소>장안구 월드컵로 448 (영화동)</주소>
<연락처>031-247-7091</연락처>
<지정일자>2009-06-26</지정일자>
<최신지정일자>2018-06-01</최신지정일자>
<업태>한식</업태>
<대표메뉴>추어탕</대표메뉴>
<기준일>2019-01-01</기준일>
</Row>
<Row>
<모범업소명>백청우칼국수</모범업소명>
<주소>장안구 금당로 1 (조원동)</주소>
<연락처>031-246-2005</연락처>
<지정일자>2016-06-30</지정일자>
<최신지정일자>2018-06-01</최신지정일자>
<업태>한식</업태>
<대표메뉴>해물칼국수</대표메뉴>
<기준일>2019-01-01</기준일>
</Row>
<Row>
<모범업소명>제일숯불갈비</모범업소명>
<주소>장안구 연무로 19 (연무동)</주소>
<연락처>031-248-3392</연락처>
<지정일자>2007-07-02</지정일자>
<최신지정일자>2018-06-01</최신지정일자>
<업태>한식</업태>
<대표메뉴>돼지갈비+소갈비</대표메뉴>
<기준일>2019-01-01</기준일>
</Row>
<Row>
<모범업소명>망향비빔국수</모범업소명>
<주소>장안구 송정로 20 (정자동)</주소>
<연락처>031-256-7088</연락처>
<지정일자>2012-07-05</지정일자>
<최신지정일자>2018-06-01</최신지정일자>
<업태>한식</업태>
<대표메뉴>비빔국수</대표메뉴>
<기준일>2019-01-01</기준일>
</Row>
<Row>
<모범업소명>씨제이푸드빌(주)빕스 북수원점</모범업소명>
<주소>장안구 경수대로 896 (조원동)</주소>
<연락처>031-246-2997</연락처>
<지정일자>2008-06-27</지정일자>
<최신지정일자>2018-06-01</최신지정일자>
<업태>경양식</업태>
<대표메뉴>스테이크</대표메뉴>
<기준일>2019-01-01</기준일>
</Row>
<Row>
<모범업소명>명문가천안생태찌개전문</모범업소명>
<주소>장안구 파장천로 133 (파장동)</주소>
<연락처>031-258-8899</연락처>
<지정일자>2011-07-08</지정일자>
<최신지정일자>2018-06-01</최신지정일자>
<업태>한식</업태>
<대표메뉴>생태+동태찌개</대표메뉴>
<기준일>2019-01-01</기준일>
</Row>
<Row>
<모범업소명>후아닝</모범업소명>
<주소>장안구 송원로 39, 108호 (송죽동)</주소>
<연락처>031-243-2288</연락처>
<지정일자>2008-06-27</지정일자>
<최신지정일자>2018-06-01</최신지정일자>
<업태>중국식</업태>
<대표메뉴>손짜장</대표메뉴>
<기준일>2019-01-01</기준일>
</Row>
<Row>
<모범업소명>솔마당</모범업소명>
<주소>장안구 경수대로 1252, 1,2층 (파장동)</주소>
<연락처>031-271-2991</연락처>
<지정일자>2008-06-27</지정일자>
<최신지정일자>2018-06-01</최신지정일자>
<업태>한식</업태>
<대표메뉴>오리구이</대표메뉴>
<기준일>2019-01-01</기준일>
</Row>
<Row>
<모범업소명>청담생고기</모범업소명>
<주소>장안구 광교산로 18 (영화동)</주소>
<연락처>031-251-3383</연락처>
<지정일자>2013-07-04</지정일자>
<최신지정일자>2018-06-01</최신지정일자>
<업태>식육(숯불구이)</업태>
<대표메뉴>생고기+갈비탕</대표메뉴>
<기준일>2019-01-01</기준일>
</Row>
<Row>
<모범업소명>고궁누룽지백숙</모범업소명>
<주소>장안구 정조로 1094-3 (송죽동)</주소>
<연락처>031-252-3391</연락처>
<지정일자>2015-07-16</지정일자>
<최신지정일자>2018-06-01</최신지정일자>
<업태>한식</업태>
<대표메뉴>누룽지백숙</대표메뉴>
<기준일>2019-01-01</기준일>
</Row>
<Row>
<모범업소명>해송정</모범업소명>
<주소>장안구 정자로 164 (정자동)</주소>
<연락처>031-243-9594</연락처>
<지정일자>2018-06-01</지정일자>
<최신지정일자>2018-06-01</최신지정일자>
<업태>한식</업태>
<대표메뉴>해물찜+탕</대표메뉴>
<기준일>2019-01-01</기준일>
</Row>
<Row>
<모범업소명>좋은고기먹는날</모범업소명>
<주소>장안구 덕영대로511번길 29-12 (천천동)</주소>
<연락처>031-269-0357</연락처>
<지정일자>2014-06-25</지정일자>
<최신지정일자>2018-06-01</최신지정일자>
<업태>한식</업태>
<대표메뉴>한우생고기</대표메뉴>
<기준일>2019-01-01</기준일>
</Row>
<Row>
<모범업소명>추오정남원추어탕</모범업소명>
<주소>장안구 천천로 240 (이목동)</주소>
<연락처>031-268-2669</연락처>
<지정일자>2016-06-30</지정일자>
<최신지정일자>2018-06-01</최신지정일자>
<업태>한식</업태>
<대표메뉴>추어탕</대표메뉴>
<기준일>2019-01-01</기준일>
</Row>
<Row>
<모범업소명>골목집설렁탕</모범업소명>
<주소>장안구 팔달로291번길 21-17 (영화동)</주소>
<연락처>031-242-6059</연락처>
<지정일자>2008-06-27</지정일자>
<최신지정일자>2018-06-01</최신지정일자>
<업태>한식</업태>
<대표메뉴>설렁탕</대표메뉴>
<기준일>2019-01-01</기준일>
</Row>
<Row>
<모범업소명>조가네갑오징어(만석공원점)</모범업소명>
<주소>장안구 정조로 1051 (송죽동)</주소>
<연락처>031-244-4520</연락처>
<지정일자>2016-06-30</지정일자>
<최신지정일자>2018-06-01</최신지정일자>
<업태>기타</업태>
<대표메뉴>갑오징어불고기</대표메뉴>
<기준일>2019-01-01</기준일>
</Row>
<Row>
<모범업소명>돈수백</모범업소명>
<주소>장안구 경수대로 880 (조원동)</주소>
<연락처>031-241-7300</연락처>
<지정일자>2010-07-05</지정일자>
<최신지정일자>2018-06-01</최신지정일자>
<업태>한식</업태>
<대표메뉴>설렁탕</대표메뉴>
<기준일>2019-01-01</기준일>
</Row>
<Row>
<모범업소명>덕수궁</모범업소명>
<주소>장안구 수일로123번길 115 (송죽동)</주소>
<연락처>031-252-5789</연락처>
<지정일자>2010-07-05</지정일자>
<최신지정일자>2018-06-01</최신지정일자>
<업태>한식</업태>
<대표메뉴>유황오리</대표메뉴>
<기준일>2019-01-01</기준일>
</Row>
<Row>
<모범업소명>만석골숯불화로구이</모범업소명>
<주소>장안구 팔달로247번길 4 (영화동)</주소>
<연락처>031-242-8592</연락처>
<지정일자>2008-06-27</지정일자>
<최신지정일자>2018-06-01</최신지정일자>
<업태>한식</업태>
<대표메뉴>갈비구이</대표메뉴>
<기준일>2019-01-01</기준일>
</Row>
<Row>
<모범업소명>추미정 남원추어탕</모범업소명>
<주소>장안구 파장천로 123 (파장동)</주소>
<연락처>031-268-5202</연락처>
<지정일자>2016-06-30</지정일자>
<최신지정일자>2018-06-01</최신지정일자>
<업태>한식</업태>
<대표메뉴>추어탕</대표메뉴>
<기준일>2019-01-01</기준일>
</Row>
<Row>
<모범업소명>사강식당</모범업소명>
<주소>장안구 팔달로 301 (영화동)</주소>
<연락처>031-256-7433</연락처>
<지정일자>2008-06-27</지정일자>
<최신지정일자>2018-06-01</최신지정일자>
<업태>한식</업태>
<대표메뉴>갈비구이</대표메뉴>
<기준일>2019-01-01</기준일>
</Row>
<Row>
<모범업소명>주식회사 착한전복씨엔에프</모범업소명>
<주소>장안구 경수대로 1047, 2층 (파장동)</주소>
<연락처>031-241-4455</연락처>
<지정일자>2010-07-05</지정일자>
<최신지정일자>2018-06-01</최신지정일자>
<업태>한식</업태>
<대표메뉴>전복</대표메뉴>
<기준일>2019-01-01</기준일>
</Row>
<Row>
<모범업소명>시루향기</모범업소명>
<주소>장안구 만석로 198 (송죽동)</주소>
<연락처>031-257-0035</연락처>
<지정일자>2011-07-08</지정일자>
<최신지정일자>2018-06-01</최신지정일자>
<업태>한식</업태>
<대표메뉴>콩나물국밥+오징어찜</대표메뉴>
<기준일>2019-01-01</기준일>
</Row>
<Row>
<모범업소명>대박식당</모범업소명>
<주소>장안구 대평로 80, 1동 126호 (정자동, 정연메이저)</주소>
<연락처>031-268-8782</연락처>
<지정일자>2009-06-26</지정일자>
<최신지정일자>2018-06-01</최신지정일자>
<업태>한식</업태>
<대표메뉴>생선구이</대표메뉴>
<기준일>2019-01-01</기준일>
</Row>
<Row>
<모범업소명>제주항</모범업소명>
<주소>장안구 율전로108번길 16, 가동 1층 (율전동)</주소>
<연락처>031-291-9009</연락처>
<지정일자>2015-07-16</지정일자>
<최신지정일자>2018-06-01</최신지정일자>
<업태>일식</업태>
<대표메뉴>회류</대표메뉴>
<기준일>2019-01-01</기준일>
</Row>
<Row>
<모범업소명>북문해물탕</모범업소명>
<주소>장안구 정조로922번길 27 (영화동,1층)</주소>
<연락처>031-243-2441</연락처>
<지정일자>2017-07-13</지정일자>
<최신지정일자>2018-06-01</최신지정일자>
<업태>한식</업태>
<대표메뉴>해물탕</대표메뉴>
<기준일>2019-01-01</기준일>
</Row>
<Row>
<모범업소명>한마당(생고기전문점)</모범업소명>
<주소>장안구 장안로75번길 61 (정자동)</주소>
<연락처>031-246-0288</연락처>
<지정일자>2011-07-08</지정일자>
<최신지정일자>2018-06-01</최신지정일자>
<업태>식육(숯불구이)</업태>
<대표메뉴>생갈비</대표메뉴>
<기준일>2019-01-01</기준일>
</Row>
<Row>
<모범업소명>보영만두</모범업소명>
<주소>장안구 화산로233번길 30 (율전동)</주소>
<연락처>031-227-6700</연락처>
<지정일자>2013-07-04</지정일자>
<최신지정일자>2018-06-01</최신지정일자>
<업태>분식</업태>
<대표메뉴>만두+쫄면</대표메뉴>
<기준일>2019-01-01</기준일>
</Row>
<Row>
<모범업소명>토끼마을</모범업소명>
<주소>장안구 광교산로 154-19 (연무동)</주소>
<연락처>031-245-0001</연락처>
<지정일자>2013-07-04</지정일자>
<최신지정일자>2018-06-01</최신지정일자>
<업태>한식</업태>
<대표메뉴>토끼구이+옻닭</대표메뉴>
<기준일>2019-01-01</기준일>
</Row>
<Row>
<모범업소명>강남면옥</모범업소명>
<주소>장안구 이목로74번길 17, D동 1층 (파장동)</주소>
<연락처>031-268-9290</연락처>
<지정일자>2017-07-13</지정일자>
<최신지정일자>2018-06-01</최신지정일자>
<업태>한식</업태>
<대표메뉴>갈비찜+냉면</대표메뉴>
<기준일>2019-01-01</기준일>
</Row>
<Row>
<모범업소명>남가네설악추어탕</모범업소명>
<주소>장안구 만석로19번길 11-7 (천천동)</주소>
<연락처>031-271-5567</연락처>
<지정일자>2016-06-30</지정일자>
<최신지정일자>2018-06-01</최신지정일자>
<업태>기타</업태>
<대표메뉴>추어탕+순대국</대표메뉴>
<기준일>2019-01-01</기준일>
</Row>
<Row>
<모범업소명>양촌리</모범업소명>
<주소>장안구 정조로 997, 1,2층 (송죽동)</주소>
<연락처>031-253-8592</연락처>
<지정일자>2018-06-01</지정일자>
<최신지정일자>2018-06-01</최신지정일자>
<업태>한식</업태>
<대표메뉴>등심+돼지갈비</대표메뉴>
<기준일>2019-01-01</기준일>
</Row>
<Row>
<모범업소명>송죽부산밀면국밥</모범업소명>
<주소>장안구 경수대로 914, 2층 (조원동)</주소>
<연락처>031-248-3999</연락처>
<지정일자>2016-06-30</지정일자>
<최신지정일자>2018-06-01</최신지정일자>
<업태>한식</업태>
<대표메뉴>밀면+돼지국밥</대표메뉴>
<기준일>2019-01-01</기준일>
</Row>
<Row>
<모범업소명>장도락</모범업소명>
<주소>장안구 팔달로 269, 3층 (영화동)</주소>
<연락처>031-258-3200</연락처>
<지정일자>2018-06-01</지정일자>
<최신지정일자>2018-06-01</최신지정일자>
<업태>기타</업태>
<대표메뉴>도시락+컵밥</대표메뉴>
<기준일>2019-01-01</기준일>
</Row>
<Row>
<모범업소명>송정각</모범업소명>
<주소>장안구 경수대로 1110-29, 1층 (파장동)</주소>
<연락처>031-268-8284</연락처>
<지정일자>2018-06-01</지정일자>
<최신지정일자>2018-06-01</최신지정일자>
<업태>중국식</업태>
<대표메뉴>자장면+탕수육</대표메뉴>
<기준일>2019-01-01</기준일>
</Row>
<Row>
<모범업소명>석산정</모범업소명>
<주소>권선구 정조로388번길 7-7 (세류동)</주소>
<연락처>031-232-5589</연락처>
<지정일자>2002-07-30</지정일자>
<최신지정일자>2018-09-28</최신지정일자>
<업태>한식</업태>
<대표메뉴>돼지주물럭</대표메뉴>
<기준일>2019-01-01</기준일>
</Row>
<Row>
<모범업소명>남촌</모범업소명>
<주소>권선구 권광로123번길 15 (권선동)</주소>
<연락처>031-239-0411</연락처>
<지정일자>2001-07-23</지정일자>
<최신지정일자>2018-09-28</최신지정일자>
<업태>한식</업태>
<대표메뉴>홍어회</대표메뉴>
<기준일>2019-01-01</기준일>
</Row>
<Row>
<모범업소명>솔잎향기</모범업소명>
<주소>권선구 수인로 317 (구운동)</주소>
<연락처>031-293-4321</연락처>
<지정일자>2008-12-22</지정일자>
<최신지정일자>2018-09-28</최신지정일자>
<업태>한식</업태>
<대표메뉴>꽃게</대표메뉴>
<기준일>2019-01-01</기준일>
</Row>
<Row>
<모범업소명>강촌추어탕</모범업소명>
<주소>권선구 세권로212번길 33 (권선동)</주소>
<연락처>031-235-3665</연락처>
<지정일자>2001-12-29</지정일자>
<최신지정일자>2018-09-28</최신지정일자>
<업태>한식</업태>
<대표메뉴>추어탕</대표메뉴>
<기준일>2019-01-01</기준일>
</Row>
<Row>
<모범업소명>코리아컨벤션웨딩홀부페</모범업소명>
<주소>권선구 경수대로 388 (권선동)</주소>
<연락처>031-235-0030</연락처>
<지정일자>2015-06-30</지정일자>
<최신지정일자>2018-09-28</최신지정일자>
<업태>뷔페식</업태>
<대표메뉴>뷔페</대표메뉴>
<기준일>2019-01-01</기준일>
</Row>
<Row>
<모범업소명>인계쭈꾸미</모범업소명>
<주소>권선구 권선로 667 (권선동)</주소>
<연락처>031-234-1130</연락처>
<지정일자>2011-06-30</지정일자>
<최신지정일자>2018-09-28</최신지정일자>
<업태>한식</업태>
<대표메뉴>쭈꾸미볶음</대표메뉴>
<기준일>2019-01-01</기준일>
</Row>
<Row>
<모범업소명>2005진돈가스</모범업소명>
<주소>권선구 세권로316번길 12-16 (권선동)</주소>
<연락처>031-221-9507</연락처>
<지정일자>2017-05-30</지정일자>
<최신지정일자>2018-09-28</최신지정일자>
<업태>양식</업태>
<대표메뉴>돈까스</대표메뉴>
<기준일>2019-01-01</기준일>
</Row>
<Row>
<모범업소명>해담맛집코다리마을</모범업소명>
<주소>권선구 일월천로4번길 10 (구운동,1층, 2층)</주소>
<연락처>031-292-1191</연락처>
<지정일자>2005-08-08</지정일자>
<최신지정일자>2018-09-28</최신지정일자>
<업태>한식</업태>
<대표메뉴>코다리찜</대표메뉴>
<기준일>2019-01-01</기준일>
</Row>
<Row>
<모범업소명>송가네</모범업소명>
<주소>권선구 탑동로11번길 6-1 (탑동)</주소>
<연락처>031-296-6670</연락처>
<지정일자>2005-08-08</지정일자>
<최신지정일자>2018-09-28</최신지정일자>
<업태>한식</업태>
<대표메뉴>돼지갈비</대표메뉴>
<기준일>2019-01-01</기준일>
</Row>
<Row>
<모범업소명>샤브채</모범업소명>
<주소>권선구 세권로316번길 12-14 (권선동)</주소>
<연락처>031-235-0166</연락처>
<지정일자>2015-06-30</지정일자>
<최신지정일자>2018-09-28</최신지정일자>
<업태>한식</업태>
<대표메뉴>샤브샤브</대표메뉴>
<기준일>2019-01-01</기준일>
</Row>
<Row>
<모범업소명>등촌샤브칼국수</모범업소명>
<주소>권선구 금호로 196 (탑동)</주소>
<연락처>031-298-4101</연락처>
<지정일자>2002-12-30</지정일자>
<최신지정일자>2018-09-28</최신지정일자>
<업태>한식</업태>
<대표메뉴>칼국수</대표메뉴>
<기준일>2019-01-01</기준일>
</Row>
<Row>
<모범업소명>송담추어탕</모범업소명>
<주소>권선구 구운로86번길 23 (구운동,2층)</주소>
<연락처>031-292-7888</연락처>
<지정일자>2004-08-03</지정일자>
<최신지정일자>2018-09-28</최신지정일자>
<업태>한식</업태>
<대표메뉴>추어탕</대표메뉴>
<기준일>2019-01-01</기준일>
</Row>
<Row>
<모범업소명>아웃백 스테이크하우스 권선점</모범업소명>
<주소>권선구 권광로 149 (권선동)</주소>
<연락처>031-267-0911</연락처>
<지정일자>2003-04-14</지정일자>
<최신지정일자>2018-09-28</최신지정일자>
<업태>양식</업태>
<대표메뉴>스테이크</대표메뉴>
<기준일>2019-01-01</기준일>
</Row>
<Row>
<모범업소명>병만네닭갈비</모범업소명>
<주소>권선구 금호로 196 (탑동,2층)</주소>
<연락처>031-296-0280</연락처>
<지정일자>2003-08-26</지정일자>
<최신지정일자>2018-09-28</최신지정일자>
<업태>한식</업태>
<대표메뉴>닭갈비</대표메뉴>
<기준일>2019-01-01</기준일>
</Row>
<Row>
<모범업소명>정담명가남원추어탕</모범업소명>
<주소>권선구 권광로 125 (권선동)</주소>
<연락처>031-224-2522</연락처>
<지정일자>2013-07-10</지정일자>
<최신지정일자>2018-09-28</최신지정일자>
<업태>한식</업태>
<대표메뉴>추어탕</대표메뉴>
<기준일>2019-01-01</기준일>
</Row>
<Row>
<모범업소명>명금애한상차림</모범업소명>
<주소>권선구 권선로 643 (권선동)</주소>
<연락처>031-226-3578</연락처>
<지정일자>2004-08-03</지정일자>
<최신지정일자>2018-09-28</최신지정일자>
<업태>한식</업태>
<대표메뉴>버섯전골</대표메뉴>
<기준일>2019-01-01</기준일>
</Row>
<Row>
<모범업소명>무영쌈밥정식</모범업소명>
<주소>권선구 삼천병마로1597번길 13 (오목천동)</주소>
<연락처>031-296-1445</연락처>
<지정일자>2010-06-30</지정일자>
<최신지정일자>2018-09-28</최신지정일자>
<업태>한식</업태>
<대표메뉴>쌈밥</대표메뉴>
<기준일>2019-01-01</기준일>
</Row>
<Row>
<모범업소명>화성궁</모범업소명>
<주소>권선구 덕영대로1368번길 84 (곡반정동,번지 외 1필지)</주소>
<연락처>031-221-8855</연락처>
<지정일자>2004-01-05</지정일자>
<최신지정일자>2018-09-28</최신지정일자>
<업태>한식</업태>
<대표메뉴>소갈비</대표메뉴>
<기준일>2019-01-01</기준일>
</Row>
<Row>
<모범업소명>(주)수호 인생고기 권선점</모범업소명>
<주소>권선구 권광로123번길 16 (권선동)</주소>
<연락처>031-236-9595</연락처>
<지정일자>2005-08-08</지정일자>
<최신지정일자>2018-09-28</최신지정일자>
<업태>한식</업태>
<대표메뉴>소고기+돼지고기</대표메뉴>
<기준일>2019-01-01</기준일>
</Row>
<Row>
<모범업소명>넓은뜰</모범업소명>
<주소>권선구 세화로 104 (평동,외 1필지)</주소>
<연락처>031-295-0023</연락처>
<지정일자>2008-06-27</지정일자>
<최신지정일자>2018-09-28</최신지정일자>
<업태>한식</업태>
<대표메뉴>쌈밥</대표메뉴>
<기준일>2019-01-01</기준일>
</Row>
<Row>
<모범업소명>돈탐라제주</모범업소명>
<주소>권선구 세권로316번길 12-9 (권선동,(온수골1길5))</주소>
<연락처>031-224-1106</연락처>
<지정일자>2017-05-30</지정일자>
<최신지정일자>2018-09-28</최신지정일자>
<업태>한식</업태>
<대표메뉴>돼지고기</대표메뉴>
<기준일>2019-01-01</기준일>
</Row>
<Row>
<모범업소명>종가집추어탕</모범업소명>
<주소>권선구 동수원로146번길 233-25 (곡반정동)</주소>
<연락처>031-234-3454</연락처>
<지정일자>2006-06-30</지정일자>
<최신지정일자>2018-09-28</최신지정일자>
<업태>한식</업태>
<대표메뉴>추어탕</대표메뉴>
<기준일>2019-01-01</기준일>
</Row>
<Row>
<모범업소명>남원추어탕</모범업소명>
<주소>권선구 수인로 11 (서둔동)</주소>
<연락처>031-278-2522</연락처>
<지정일자>2008-12-22</지정일자>
<최신지정일자>2018-09-28</최신지정일자>
<업태>한식</업태>
<대표메뉴>추어탕</대표메뉴>
<기준일>2019-01-01</기준일>
</Row>
<Row>
<모범업소명>이서방왕족발</모범업소명>
<주소>권선구 세권로 134 (세류동)</주소>
<연락처>031-233-5515</연락처>
<지정일자>2012-07-10</지정일자>
<최신지정일자>2018-09-28</최신지정일자>
<업태>한식</업태>
<대표메뉴>족발</대표메뉴>
<기준일>2019-01-01</기준일>
</Row>
<Row>
<모범업소명>의령메밀소바</모범업소명>
<주소>권선구 삼천병마로 1559 (오목천동)</주소>
<연락처>031-294-5977</연락처>
<지정일자>2015-06-30</지정일자>
<최신지정일자>2018-09-28</최신지정일자>
<업태>한식</업태>
<대표메뉴>메밀소바</대표메뉴>
<기준일>2019-01-01</기준일>
</Row>
<Row>
<모범업소명>명가정</모범업소명>
<주소>권선구 탑동로57번길 29 (탑동)</주소>
<연락처>031-255-9916</연락처>
<지정일자>2013-07-10</지정일자>
<최신지정일자>2018-09-28</최신지정일자>
<업태>한식</업태>
<대표메뉴>소갈비</대표메뉴>
<기준일>2019-01-01</기준일>
</Row>
<Row>
<모범업소명>차이</모범업소명>
<주소>권선구 하탑로 7 (탑동)</주소>
<연락처>031-278-2491</연락처>
<지정일자>2013-07-10</지정일자>
<최신지정일자>2018-09-28</최신지정일자>
<업태>중식</업태>
<대표메뉴>자장면</대표메뉴>
<기준일>2019-01-01</기준일>
</Row>
<Row>
<모범업소명>송이낙지마당</모범업소명>
<주소>권선구 하탑로 7 (탑동)</주소>
<연락처>031-291-8488</연락처>
<지정일자>2010-06-30</지정일자>
<최신지정일자>2018-09-28</최신지정일자>
<업태>한식</업태>
<대표메뉴>낙지볶음</대표메뉴>
<기준일>2019-01-01</기준일>
</Row>
<Row>
<모범업소명>용우각</모범업소명>
<주소>권선구 호매실로 22-56 (탑동)</주소>
<연락처>031-227-8287</연락처>
<지정일자>2010-06-30</지정일자>
<최신지정일자>2018-09-28</최신지정일자>
<업태>중식</업태>
<대표메뉴>자장면</대표메뉴>
<기준일>2019-01-01</기준일>
</Row>
<Row>
<모범업소명>화성왕갈비탕</모범업소명>
<주소>권선구 호매실로 22-58 (탑동,1층)</주소>
<연락처>031-278-3383</연락처>
<지정일자>2011-06-30</지정일자>
<최신지정일자>2018-09-28</최신지정일자>
<업태>한식</업태>
<대표메뉴>갈비탕+부대찌개</대표메뉴>
<기준일>2019-01-01</기준일>
</Row>
<Row>
<모범업소명>돈까스여행</모범업소명>
<주소>권선구 서부로 1640, 1,2층 (고색동)</주소>
<연락처>031-297-6655</연락처>
<지정일자>2014-06-27</지정일자>
<최신지정일자>2018-09-28</최신지정일자>
<업태>양식</업태>
<대표메뉴>돈까스</대표메뉴>
<기준일>2019-01-01</기준일>
</Row>
<Row>
<모범업소명>양촌리</모범업소명>
<주소>권선구 권선로 724 (권선동,1,2층)</주소>
<연락처>031-235-9254</연락처>
<지정일자>2016-06-30</지정일자>
<최신지정일자>2018-09-28</최신지정일자>
<업태>한식</업태>
<대표메뉴>돼지갈비</대표메뉴>
<기준일>2019-01-01</기준일>
</Row>
<Row>
<모범업소명>(주)신화푸드지점 천지연</모범업소명>
<주소>권선구 곡반정로 72-8 (곡반정동)</주소>
<연락처>031-898-7773</연락처>
<지정일자>2012-07-10</지정일자>
<최신지정일자>2018-09-28</최신지정일자>
<업태>한식</업태>
<대표메뉴>돼지갈비</대표메뉴>
<기준일>2019-01-01</기준일>
</Row>
<Row>
<모범업소명>송탄참작부대찌개</모범업소명>
<주소>권선구 동수원로146번길 201 (곡반정동)</주소>
<연락처>031-251-9291</연락처>
<지정일자>2012-07-10</지정일자>
<최신지정일자>2018-09-28</최신지정일자>
<업태>한식</업태>
<대표메뉴>부대찌개</대표메뉴>
<기준일>2019-01-01</기준일>
</Row>
<Row>
<모범업소명>목향</모범업소명>
<주소>권선구 서둔로39번길 18 (고색동)</주소>
<연락처>031-227-5279</연락처>
<지정일자>2012-07-10</지정일자>
<최신지정일자>2018-09-28</최신지정일자>
<업태>한식</업태>
<대표메뉴>능이백숙</대표메뉴>
<기준일>2019-01-01</기준일>
</Row>
<Row>
<모범업소명>부용지</모범업소명>
<주소>권선구 오목천로 149 (고색동)</주소>
<연락처>031-298-5291</연락처>
<지정일자>2018-06-25</지정일자>
<최신지정일자>2018-09-28</최신지정일자>
<업태>한식</업태>
<대표메뉴>갈비</대표메뉴>
<기준일>2019-01-01</기준일>
</Row>
<Row>
<모범업소명>장터설렁탕</모범업소명>
<주소>권선구 수인로 257, 1,2층층 (구운동)</주소>
<연락처>031-293-1006</연락처>
<지정일자>2013-07-10</지정일자>
<최신지정일자>2018-09-28</최신지정일자>
<업태>한식</업태>
<대표메뉴>설렁탕</대표메뉴>
<기준일>2019-01-01</기준일>
</Row>
<Row>
<모범업소명>등촌샤브칼국수</모범업소명>
<주소>권선구 효원로230번길 10 (권선동)</주소>
<연락처>031-235-2005</연락처>
<지정일자>2013-07-10</지정일자>
<최신지정일자>2018-09-28</최신지정일자>
<업태>한식</업태>
<대표메뉴>칼국수</대표메뉴>
<기준일>2019-01-01</기준일>
</Row>
<Row>
<모범업소명>마포집손칼국수</모범업소명>
<주소>권선구 서부로 1780-24 (탑동)</주소>
<연락처>031-296-6686</연락처>
<지정일자>2015-06-30</지정일자>
<최신지정일자>2018-09-28</최신지정일자>
<업태>한식</업태>
<대표메뉴>칼국수+손만두</대표메뉴>
<기준일>2019-01-01</기준일>
</Row>
<Row>
<모범업소명>채상궁(탑동점)</모범업소명>
<주소>권선구 하탑로 42 (탑동)</주소>
<연락처>031-227-4945</연락처>
<지정일자>2014-06-27</지정일자>
<최신지정일자>2018-09-28</최신지정일자>
<업태>한식</업태>
<대표메뉴>샤브샤브</대표메뉴>
<기준일>2019-01-01</기준일>
</Row>
<Row>
<모범업소명>놋그릇</모범업소명>
<주소>권선구 당수로 59 (당수동)</주소>
<연락처>031-296-6111</연락처>
<지정일자>2015-06-30</지정일자>
<최신지정일자>2018-09-28</최신지정일자>
<업태>한식</업태>
<대표메뉴>육개장+메밀국수</대표메뉴>
<기준일>2019-01-01</기준일>
</Row>
<Row>
<모범업소명>최미삼순대국고색점</모범업소명>
<주소>권선구 서부로 1551, 1층 (고색동)</주소>
<연락처>031-227-1245</연락처>
<지정일자>2015-06-30</지정일자>
<최신지정일자>2018-09-28</최신지정일자>
<업태>한식</업태>
<대표메뉴>순대국</대표메뉴>
<기준일>2019-01-01</기준일>
</Row>
<Row>
<모범업소명>계절밥상 수원롯데몰점</모범업소명>
<주소>권선구 세화로 134 (서둔동, 롯데몰수원점 지하1층)</주소>
<연락처>031-8066-1501</연락처>
<지정일자>2017-05-30</지정일자>
<최신지정일자>2018-09-28</최신지정일자>
<업태>뷔페식</업태>
<대표메뉴>뷔페</대표메뉴>
<기준일>2019-01-01</기준일>
</Row>
<Row>
<모범업소명>달려라소돼지</모범업소명>
<주소>권선구 정조로 445, 1층 (세류동)</주소>
<연락처>031-224-7484</연락처>
<지정일자>2016-06-30</지정일자>
<최신지정일자>2018-09-28</최신지정일자>
<업태>한식</업태>
<대표메뉴>소고기+돼지고기</대표메뉴>
<기준일>2019-01-01</기준일>
</Row>
<Row>
<모범업소명>샤브향 호매실점</모범업소명>
<주소>권선구 금곡로102번길 15 (금곡동, 문영비즈웍스 210호,211호,212호,213호,214호,215호)</주소>
<연락처>031-295-2788</연락처>
<지정일자>2016-06-30</지정일자>
<최신지정일자>2018-09-28</최신지정일자>
<업태>한식</업태>
<대표메뉴>샤브샤브</대표메뉴>
<기준일>2019-01-01</기준일>
</Row>
<Row>
<모범업소명>한우이야기</모범업소명>
<주소>권선구 서수원로594번길 139, 1층 (입북동)</주소>
<연락처>031-291-5024</연락처>
<지정일자>2016-06-30</지정일자>
<최신지정일자>2018-09-28</최신지정일자>
<업태>한식</업태>
<대표메뉴>소고기</대표메뉴>
<기준일>2019-01-01</기준일>
</Row>
<Row>
<모범업소명>스시나미</모범업소명>
<주소>권선구 효원로256번길 23, 가동 1층 (권선동)</주소>
<연락처>031-222-0060</연락처>
<지정일자>2018-06-25</지정일자>
<최신지정일자>2018-09-28</최신지정일자>
<업태>일식</업태>
<대표메뉴>회</대표메뉴>
<기준일>2019-01-01</기준일>
</Row>
<Row>
<모범업소명>정선애곤드레오리구이</모범업소명>
<주소>권선구 칠보로 138, 2층 (호매실동)</주소>
<연락처>031-256-5521</연락처>
<지정일자>2017-05-30</지정일자>
<최신지정일자>2018-09-28</최신지정일자>
<업태>한식</업태>
<대표메뉴>곤드레정식</대표메뉴>
<기준일>2019-01-01</기준일>
</Row>
<Row>
<모범업소명>조선화로집 권선점</모범업소명>
<주소>권선구 세권로 246, 2층 (권선동)</주소>
<연락처>031-235-3222</연락처>
<지정일자>2017-05-30</지정일자>
<최신지정일자>2018-09-28</최신지정일자>
<업태>한식</업태>
<대표메뉴>감자탕</대표메뉴>
<기준일>2019-01-01</기준일>
</Row>
<Row>
<모범업소명>더티엔</모범업소명>
<주소>권선구 경수대로225번길 12 (세류동)</주소>
<연락처>031-239-1005</연락처>
<지정일자>2017-05-30</지정일자>
<최신지정일자>2018-09-28</최신지정일자>
<업태>중식</업태>
<대표메뉴>짜장면</대표메뉴>
<기준일>2019-01-01</기준일>
</Row>
<Row>
<모범업소명>THE 미락</모범업소명>
<주소>권선구 경수대로338번길 20 (권선동)</주소>
<연락처>031-237-0204</연락처>
<지정일자>2017-05-30</지정일자>
<최신지정일자>2018-09-28</최신지정일자>
<업태>일식</업태>
<대표메뉴>모듬회</대표메뉴>
<기준일>2019-01-01</기준일>
</Row>
<Row>
<모범업소명>와규랑코다리</모범업소명>
<주소>권선구 정조로482번길 2, 1층 (세류동)</주소>
<연락처>031-213-0413</연락처>
<지정일자>2017-05-30</지정일자>
<최신지정일자>2018-09-28</최신지정일자>
<업태>한식</업태>
<대표메뉴>아구찜</대표메뉴>
<기준일>2019-01-01</기준일>
</Row>
<Row>
<모범업소명>외식중학교</모범업소명>
<주소>권선구 매송고색로 634-17, 1~2층 (고색동)</주소>
<연락처>031-227-3988</연락처>
<지정일자>2017-05-30</지정일자>
<최신지정일자>2018-09-28</최신지정일자>
<업태>한식</업태>
<대표메뉴>소고기+돼지고기</대표메뉴>
<기준일>2019-01-01</기준일>
</Row>
<Row>
<모범업소명>백년갈비 수원권선점</모범업소명>
<주소>권선구 율전로 17-9, 1층 (입북동)</주소>
<연락처>031-226-6111</연락처>
<지정일자>2018-06-25</지정일자>
<최신지정일자>2018-09-28</최신지정일자>
<업태>한식</업태>
<대표메뉴>갈비</대표메뉴>
<기준일>2019-01-01</기준일>
</Row>
<Row>
<모범업소명>오정설렁탕(수원본점)</모범업소명>
<주소>권선구 호매실로 21-26, 1층 (고색동)</주소>
<연락처>031-227-3188</연락처>
<지정일자>2018-06-25</지정일자>
<최신지정일자>2018-09-28</최신지정일자>
<업태>한식</업태>
<대표메뉴>설렁탕</대표메뉴>
<기준일>2019-01-01</기준일>
</Row>
<Row>
<모범업소명>(주)세전비취원</모범업소명>
<주소>팔달구 중부대로203(우만동)</주소>
<연락처>031-211-6666</연락처>
<지정일자>2009-06-30</지정일자>
<최신지정일자>2018-05-11</최신지정일자>
<업태>중국식</업태>
<대표메뉴>중화요리</대표메뉴>
<기준일>2019-01-01</기준일>
</Row>
<Row>
<모범업소명>가보정 1관</모범업소명>
<주소>팔달구 장다리로 282 (인계동)</주소>
<연락처>031-238-3883</연락처>
<지정일자>2003-09-20</지정일자>
<최신지정일자>2018-05-11</최신지정일자>
<업태>한식</업태>
<대표메뉴>숯불갈비</대표메뉴>
<기준일>2019-01-01</기준일>
</Row>
<Row>
<모범업소명>거진포생태도루묵</모범업소명>
<주소>팔달구 중부대로128번길 49 (인계동)</주소>
<연락처>031-222-2381</연락처>
<지정일자>2012-11-22</지정일자>
<최신지정일자>2018-05-11</최신지정일자>
<업태>한식</업태>
<대표메뉴>생태찌개</대표메뉴>
<기준일>2019-01-01</기준일>
</Row>
<Row>
<모범업소명>두꺼비집</모범업소명>
<주소>팔달구 향교로 100 (매산로3가)</주소>
<연락처>031-242-4267</연락처>
<지정일자>2008-07-10</지정일자>
<최신지정일자>2018-05-11</최신지정일자>
<업태>한식</업태>
<대표메뉴>부대찌개</대표메뉴>
<기준일>2019-01-01</기준일>
</Row>
<Row>
<모범업소명>본수원갈비</모범업소명>
<주소>팔달구 중부대로223번길 41 (우만동)</주소>
<연락처>031-211-5952</연락처>
<지정일자>2012-11-22</지정일자>
<최신지정일자>2018-05-11</최신지정일자>
<업태>한식</업태>
<대표메뉴>갈비</대표메뉴>
<기준일>2019-01-01</기준일>
</Row>
<Row>
<모범업소명>씨제이푸드빌(주)빕스수원역사점</모범업소명>
<주소>팔달구 덕영대로 924, 3층 (매산로1가)</주소>
<연락처>031-241-1997</연락처>
<지정일자>2013-12-31</지정일자>
<최신지정일자>2018-05-11</최신지정일자>
<업태>경양식</업태>
<대표메뉴>스테이크</대표메뉴>
<기준일>2019-01-01</기준일>
</Row>
<Row>
<모범업소명>씨제이푸드빌(주)빕스아주대점</모범업소명>
<주소>팔달구 중부대로 233 (우만동)</주소>
<연락처>031-216-1997</연락처>
<지정일자>2014-07-02</지정일자>
<최신지정일자>2018-05-11</최신지정일자>
<업태>경양식</업태>
<대표메뉴>스테이크</대표메뉴>
<기준일>2019-01-01</기준일>
</Row>
<Row>
<모범업소명>왕꼼장어</모범업소명>
<주소>팔달구 향교로 49-1 (매산로2가)</주소>
<연락처>031-246-6996</연락처>
<지정일자>2004-10-04</지정일자>
<최신지정일자>2018-05-11</최신지정일자>
<업태>일식</업태>
<대표메뉴>장어</대표메뉴>
<기준일>2019-01-01</기준일>
</Row>
<Row>
<모범업소명>유치회관</모범업소명>
<주소>팔달구 효원로292번길 67 (인계동)</주소>
<연락처>031-234-6275</연락처>
<지정일자>2012-11-22</지정일자>
<최신지정일자>2018-05-11</최신지정일자>
<업태>한식</업태>
<대표메뉴>선지해장국</대표메뉴>
<기준일>2019-01-01</기준일>
</Row>
<Row>
<모범업소명>가보정 2관</모범업소명>
<주소>팔달구 장다리로 281 (인계동)</주소>
<연락처>031-238-3883</연락처>
<지정일자>2008-07-10</지정일자>
<최신지정일자>2018-05-11</최신지정일자>
<업태>한식</업태>
<대표메뉴>숯불갈비</대표메뉴>
<기준일>2019-01-01</기준일>
</Row>
<Row>
<모범업소명>청회 우리한우곰탕</모범업소명>
<주소>팔달구 고화로 18 (매산로3가)</주소>
<연락처>031-258-8831</연락처>
<지정일자>2009-06-30</지정일자>
<최신지정일자>2018-05-11</최신지정일자>
<업태>한식</업태>
<대표메뉴>곰탕</대표메뉴>
<기준일>2019-01-01</기준일>
</Row>
<Row>
<모범업소명>강원도막국수</모범업소명>
<주소>팔달구 갓매산로 70 (고등동)</주소>
<연락처>031-252-6677</연락처>
<지정일자>2016-06-30</지정일자>
<최신지정일자>2018-05-11</최신지정일자>
<업태>한식</업태>
<대표메뉴>막국수</대표메뉴>
<기준일>2019-01-01</기준일>
</Row>
<Row>
<모범업소명>한국관</모범업소명>
<주소>팔달구 권선로741번길 16-8 (인계동)</주소>
<연락처>031-217-8889</연락처>
<지정일자>2007-04-11</지정일자>
<최신지정일자>2018-05-11</최신지정일자>
<업태>한식</업태>
<대표메뉴>생갈비</대표메뉴>
<기준일>2019-01-01</기준일>
</Row>
<Row>
<모범업소명>양평해장국</모범업소명>
<주소>팔달구 경수대로466번길 51</주소>
<연락처>031-221-0236</연락처>
<지정일자>2005-12-29</지정일자>
<최신지정일자>2018-05-11</최신지정일자>
<업태>한식</업태>
<대표메뉴>해장국</대표메뉴>
<기준일>2019-01-01</기준일>
</Row>
<Row>
<모범업소명>고등반점</모범업소명>
<주소>팔달구 팔달로52번길 43 (고등동)</주소>
<연락처>031-256-2770</연락처>
<지정일자>2005-12-29</지정일자>
<최신지정일자>2018-05-11</최신지정일자>
<업태>중국식</업태>
<대표메뉴>중화요리</대표메뉴>
<기준일>2019-01-01</기준일>
</Row>
<Row>
<모범업소명>동수원화로</모범업소명>
<주소>팔달구 중부대로 177 (우만동, 송림빌딩 1층 102호)</주소>
<연락처>031-215-0081</연락처>
<지정일자>1997-09-01</지정일자>
<최신지정일자>2018-05-11</최신지정일자>
<업태>한식</업태>
<대표메뉴>한정식+오리백숙</대표메뉴>
<기준일>2019-01-01</기준일>
</Row>
<Row>
<모범업소명>궁궐삼계탕</모범업소명>
<주소>팔달구 향교로 53 (매산로2가)</주소>
<연락처>031-243-4471</연락처>
<지정일자>2016-06-30</지정일자>
<최신지정일자>2018-05-11</최신지정일자>
<업태>한식</업태>
<대표메뉴>삼계탕</대표메뉴>
<기준일>2019-01-01</기준일>
</Row>
<Row>
<모범업소명>석천일식</모범업소명>
<주소>팔달구 인계로138번길 20 (인계동)</주소>
<연락처>031-226-5400</연락처>
<지정일자>2006-04-19</지정일자>
<최신지정일자>2018-05-11</최신지정일자>
<업태>일식</업태>
<대표메뉴>회류</대표메뉴>
<기준일>2019-01-01</기준일>
</Row>
<Row>
<모범업소명>곤드레밥집</모범업소명>
<주소>팔달구 권광로134번길 12, 2,3층 (인계동)</주소>
<연락처>031-238-2522</연락처>
<지정일자>2001-07-23</지정일자>
<최신지정일자>2018-05-11</최신지정일자>
<업태>한식</업태>
<대표메뉴>곤드레비빔밥</대표메뉴>
<기준일>2019-01-01</기준일>
</Row>
<Row>
<모범업소명>낙지대감</모범업소명>
<주소>팔달구 수성로157번길 27-21 (화서동)</주소>
<연락처>031-269-0227</연락처>
<지정일자>2001-08-07</지정일자>
<최신지정일자>2018-05-11</최신지정일자>
<업태>한식</업태>
<대표메뉴>낙지철판볶음</대표메뉴>
<기준일>2019-01-01</기준일>
</Row>
<Row>
<모범업소명>토시래</모범업소명>
<주소>팔달구 향교로 15-1 (매산로1가)</주소>
<연락처>031-256-6734</연락처>
<지정일자>2006-07-28</지정일자>
<최신지정일자>2018-05-11</최신지정일자>
<업태>한식</업태>
<대표메뉴>족발+보쌈</대표메뉴>
<기준일>2019-01-01</기준일>
</Row>
<Row>
<모범업소명>포메인</모범업소명>
<주소>팔달구 권광로 181 (인계동, 씨네파크 207호)</주소>
<연락처>031-222-8562</연락처>
<지정일자>2001-07-10</지정일자>
<최신지정일자>2018-05-11</최신지정일자>
<업태>한식</업태>
<대표메뉴>쌀국수</대표메뉴>
<기준일>2019-01-01</기준일>
</Row>
<Row>
<모범업소명>행화촌</모범업소명>
<주소>팔달구 권광로180번길 42-7 (인계동)</주소>
<연락처>031-239-4900</연락처>
<지정일자>2005-12-29</지정일자>
<최신지정일자>2018-05-11</최신지정일자>
<업태>중국식</업태>
<대표메뉴>중화요리</대표메뉴>
<기준일>2019-01-01</기준일>
</Row>
<Row>
<모범업소명>고기랑</모범업소명>
<주소>팔달구 권광로196번길 49 (인계동)</주소>
<연락처>031-238-3355</연락처>
<지정일자>2008-07-10</지정일자>
<최신지정일자>2018-05-11</최신지정일자>
<업태>한식</업태>
<대표메뉴>숯불구이</대표메뉴>
<기준일>2019-01-01</기준일>
</Row>
<Row>
<모범업소명>백청우칼국수</모범업소명>
<주소>팔달구 경수대로507번길 12-4 (인계동)</주소>
<연락처>031-239-2009</연락처>
<지정일자>2000-08-08</지정일자>
<최신지정일자>2018-05-11</최신지정일자>
<업태>한식</업태>
<대표메뉴>칼국수</대표메뉴>
<기준일>2019-01-01</기준일>
</Row>
<Row>
<모범업소명>영화루</모범업소명>
<주소>팔달구 정조로791번길 3 (팔달로2가)</주소>
<연락처>031-255-6925</연락처>
<지정일자>2005-07-22</지정일자>
<최신지정일자>2018-05-11</최신지정일자>
<업태>중국식</업태>
<대표메뉴>중화요리</대표메뉴>
<기준일>2019-01-01</기준일>
</Row>
<Row>
<모범업소명>팽현숙의 옛날순대국</모범업소명>
<주소>팔달구 경수대로 716 (우만동)</주소>
<연락처>031-242-7799</연락처>
<지정일자>2014-07-02</지정일자>
<최신지정일자>2018-05-11</최신지정일자>
<업태>한식</업태>
<대표메뉴>순대국</대표메뉴>
<기준일>2019-01-01</기준일>
</Row>
<Row>
<모범업소명>구봉산식당</모범업소명>
<주소>팔달구 중부대로128번길 18 (인계동)</주소>
<연락처>031-233-4221</연락처>
<지정일자>2002-04-24</지정일자>
<최신지정일자>2018-05-11</최신지정일자>
<업태>한식</업태>
<대표메뉴>양곱창</대표메뉴>
<기준일>2019-01-01</기준일>
</Row>
<Row>
<모범업소명>대가수사</모범업소명>
<주소>팔달구 권광로180번길 27 (인계동)</주소>
<연락처>031-237-9335</연락처>
<지정일자>2007-08-08</지정일자>
<최신지정일자>2018-05-11</최신지정일자>
<업태>일식</업태>
<대표메뉴>생선회</대표메뉴>
<기준일>2019-01-01</기준일>
</Row>
<Row>
<모범업소명>연포갈비</모범업소명>
<주소>팔달구 정조로906번길 56-5 (북수동)</주소>
<연락처>031-255-1337</연락처>
<지정일자>2001-07-23</지정일자>
<최신지정일자>2018-05-11</최신지정일자>
<업태>한식</업태>
<대표메뉴>갈비탕</대표메뉴>
<기준일>2019-01-01</기준일>
</Row>
<Row>
<모범업소명>나고야스시덕</모범업소명>
<주소>팔달구 권광로175번길 31-12, 2층 (인계동)</주소>
<연락처>031-239-4000</연락처>
<지정일자>2000-08-08</지정일자>
<최신지정일자>2018-05-11</최신지정일자>
<업태>한식</업태>
<대표메뉴>산채정식</대표메뉴>
<기준일>2019-01-01</기준일>
</Row>
<Row>
<모범업소명>대성농장생오리</모범업소명>
<주소>팔달구 인계로 53 (인계동)</주소>
<연락처>031-235-0009</연락처>
<지정일자>2009-06-30</지정일자>
<최신지정일자>2018-05-11</최신지정일자>
<업태>한식</업태>
<대표메뉴>오리로스</대표메뉴>
<기준일>2019-01-01</기준일>
</Row>
<Row>
<모범업소명>돈까스클럽 동수원지점</모범업소명>
<주소>팔달구 권광로 277 (인계동)</주소>
<연락처>031-211-2009</연락처>
<지정일자>2013-12-31</지정일자>
<최신지정일자>2018-05-11</최신지정일자>
<업태>한식</업태>
<대표메뉴>돈까스+피자</대표메뉴>
<기준일>2019-01-01</기준일>
</Row>
<Row>
<모범업소명>원도토리마을</모범업소명>
<주소>팔달구 덕영대로757번길 7 (화서동)</주소>
<연락처>031-241-7900</연락처>
<지정일자>2016-06-30</지정일자>
<최신지정일자>2018-05-11</최신지정일자>
<업태>한식</업태>
<대표메뉴>도토리묵밥</대표메뉴>
<기준일>2019-01-01</기준일>
</Row>
<Row>
<모범업소명>채상궁</모범업소명>
<주소>팔달구 수성로157번길 5-7, 1층 (화서동)</주소>
<연락처>031-269-8600</연락처>
<지정일자>2009-04-21</지정일자>
<최신지정일자>2018-05-11</최신지정일자>
<업태>한식</업태>
<대표메뉴>보쌈샤브샤브</대표메뉴>
<기준일>2019-01-01</기준일>
</Row>
<Row>
<모범업소명>영천두툼이숯불갈비냉면</모범업소명>
<주소>팔달구 경수대로480번길 3(인계동)</주소>
<연락처>031-225-3300</연락처>
<지정일자>2013-12-31</지정일자>
<최신지정일자>2018-05-11</최신지정일자>
<업태>한식</업태>
<대표메뉴>갈비</대표메뉴>
<기준일>2019-01-01</기준일>
</Row>
<Row>
<모범업소명>만빈원</모범업소명>
<주소>팔달구 향교로 71 (매산로3가)</주소>
<연락처>031-242-2836</연락처>
<지정일자>2010-03-31</지정일자>
<최신지정일자>2018-05-11</최신지정일자>
<업태>중국식</업태>
<대표메뉴>중화요리</대표메뉴>
<기준일>2019-01-01</기준일>
</Row>
<Row>
<모범업소명>육대장</모범업소명>
<주소>팔달구 효원로291번길 14-5 (인계동)</주소>
<연락처>031-221-6399</연락처>
<지정일자>2006-07-28</지정일자>
<최신지정일자>2018-05-11</최신지정일자>
<업태>한식</업태>
<대표메뉴>육개장</대표메뉴>
<기준일>2019-01-01</기준일>
</Row>
<Row>
<모범업소명>긴자</모범업소명>
<주소>팔달구 경수대로 494 (인계동)</주소>
<연락처>031-236-7771</연락처>
<지정일자>2005-07-22</지정일자>
<최신지정일자>2018-05-11</최신지정일자>
<업태>일식</업태>
<대표메뉴>모듬회</대표메뉴>
<기준일>2019-01-01</기준일>
</Row>
<Row>
<모범업소명>명동보리밥</모범업소명>
<주소>팔달구 효원로249번길 18-5 (인계동)</주소>
<연락처>031-224-8959</연락처>
<지정일자>2012-11-22</지정일자>
<최신지정일자>2018-05-11</최신지정일자>
<업태>한식</업태>
<대표메뉴>비빔밥</대표메뉴>
<기준일>2019-01-01</기준일>
</Row>
<Row>
<모범업소명>조선삼계탕</모범업소명>
<주소>팔달구 인계로166번길 48-21 (인계동, 샤르망오피스텔 201호)</주소>
<연락처>031-232-3341</연락처>
<지정일자>2007-01-24</지정일자>
<최신지정일자>2018-05-11</최신지정일자>
<업태>한식</업태>
<대표메뉴>삼계탕</대표메뉴>
<기준일>2019-01-01</기준일>
</Row>
<Row>
<모범업소명>동천홍</모범업소명>
<주소>팔달구 매산로130번길 12 (매교동)</주소>
<연락처>031-236-1888</연락처>
<지정일자>2007-04-11</지정일자>
<최신지정일자>2018-05-11</최신지정일자>
<업태>중국식</업태>
<대표메뉴>중화요리</대표메뉴>
<기준일>2019-01-01</기준일>
</Row>
<Row>
<모범업소명>무영쌈밥정식</모범업소명>
<주소>팔달구 인계로 62 (인계동)</주소>
<연락처>031-236-8250</연락처>
<지정일자>1997-09-01</지정일자>
<최신지정일자>2018-05-11</최신지정일자>
<업태>한식</업태>
<대표메뉴>쌈밥</대표메뉴>
<기준일>2019-01-01</기준일>
</Row>
<Row>
<모범업소명>담평추어탕감자탕</모범업소명>
<주소>팔달구 향교로 117-1, 1층 (교동)</주소>
<연락처>031-255-7261</연락처>
<지정일자>2005-07-22</지정일자>
<최신지정일자>2018-05-11</최신지정일자>
<업태>한식</업태>
<대표메뉴>추어탕</대표메뉴>
<기준일>2019-01-01</기준일>
</Row>
<Row>
<모범업소명>선창민물장어전문점</모범업소명>
<주소>팔달구 팔달로 123-4 (화서동, 1,2층)</주소>
<연락처>031-242-5088</연락처>
<지정일자>2013-12-31</지정일자>
<최신지정일자>2018-05-11</최신지정일자>
<업태>한식</업태>
<대표메뉴>장어</대표메뉴>
<기준일>2019-01-01</기준일>
</Row>
<Row>
<모범업소명>올리브</모범업소명>
<주소>팔달구 행궁로84번길 14 (팔달로3가)</주소>
<연락처>031-257-4545</연락처>
<지정일자>2006-04-19</지정일자>
<최신지정일자>2018-05-11</최신지정일자>
<업태>경양식</업태>
<대표메뉴>스파게티</대표메뉴>
<기준일>2019-01-01</기준일>
</Row>
<Row>
<모범업소명>개성집</모범업소명>
<주소>팔달구 인계로166번길 26 (인계동)</주소>
<연락처>031-236-1919</연락처>
<지정일자>2001-07-23</지정일자>
<최신지정일자>2018-05-11</최신지정일자>
<업태>한식</업태>
<대표메뉴>한정식</대표메뉴>
<기준일>2019-01-01</기준일>
</Row>
<Row>
<모범업소명>노마세야매운갈비찜수원역점</모범업소명>
<주소>팔달구 향교로 12-1 (매산로1가)</주소>
<연락처>031-258-0314</연락처>
<지정일자>2001-07-23</지정일자>
<최신지정일자>2018-05-11</최신지정일자>
<업태>한식</업태>
<대표메뉴>갈비찜</대표메뉴>
<기준일>2019-01-01</기준일>
</Row>
<Row>
<모범업소명>다림</모범업소명>
<주소>팔달구 정조로800번길 24, 2층 (남수동)</주소>
<연락처>031-255-2847</연락처>
<지정일자>2015-07-03</지정일자>
<최신지정일자>2018-05-11</최신지정일자>
<업태>한식</업태>
<대표메뉴>아구탕</대표메뉴>
<기준일>2019-01-01</기준일>
</Row>
<Row>
<모범업소명>청우생고기</모범업소명>
<주소>팔달구 인계로166번길 30 (인계동)</주소>
<연락처>031-233-2787</연락처>
<지정일자>2007-04-11</지정일자>
<최신지정일자>2018-05-11</최신지정일자>
<업태>한식</업태>
<대표메뉴>소갈비</대표메뉴>
<기준일>2019-01-01</기준일>
</Row>
<Row>
<모범업소명>신라갈비</모범업소명>
<주소>영통구 동수원로 538 (원천동, 89-7)</주소>
<연락처>031-212-2354</연락처>
<지정일자>2009-06-30</지정일자>
<최신지정일자>2018-06-11</최신지정일자>
<업태>한식</업태>
<대표메뉴>갈비+갈비탕</대표메뉴>
<기준일>2019-01-01</기준일>
</Row>
<Row>
<모범업소명>무교동일품낙지</모범업소명>
<주소>영통구 월드컵로 189 (원천동, 29-47 1층,2층)</주소>
<연락처>031-216-0552</연락처>
<지정일자>2006-06-20</지정일자>
<최신지정일자>2018-06-11</최신지정일자>
<업태>한식</업태>
<대표메뉴>낙지전골</대표메뉴>
<기준일>2019-01-01</기준일>
</Row>
<Row>
<모범업소명>선가</모범업소명>
<주소>영통구 산남로 8 (매탄동, 834-16 2층)</주소>
<연락처>031-213-0202</연락처>
<지정일자>2000-08-08</지정일자>
<최신지정일자>2018-06-11</최신지정일자>
<업태>한식</업태>
<대표메뉴>보쌈</대표메뉴>
<기준일>2019-01-01</기준일>
</Row>
<Row>
<모범업소명>경복궁</모범업소명>
<주소>영통구 반달로 31 (영통동, 1009-3 호원빌딩 201호)</주소>
<연락처>031-205-7778</연락처>
<지정일자>2009-09-30</지정일자>
<최신지정일자>2018-06-11</최신지정일자>
<업태>한식</업태>
<대표메뉴>갈비정식(코스메뉴)</대표메뉴>
<기준일>2019-01-01</기준일>
</Row>
<Row>
<모범업소명>두꺼비집</모범업소명>
<주소>영통구 반달로 32 (영통동)</주소>
<연락처>031-202-4267</연락처>
<지정일자>2018-06-08</지정일자>
<최신지정일자>2018-06-11</최신지정일자>
<업태>한식</업태>
<대표메뉴>부대찌개</대표메뉴>
<기준일>2019-01-01</기준일>
</Row>
<Row>
<모범업소명>장수촌</모범업소명>
<주소>영통구 영통로214번길 41 (영통동, 974-1 토아프라자 205호)</주소>
<연락처>031-202-9959</연락처>
<지정일자>2000-08-08</지정일자>
<최신지정일자>2018-06-11</최신지정일자>
<업태>한식</업태>
<대표메뉴>누룽지삼계탕</대표메뉴>
<기준일>2019-01-01</기준일>
</Row>
<Row>
<모범업소명>고구려수원점(주)퍼시픽스타</모범업소명>
<주소>영통구 청명남로 31 (영통동)</주소>
<연락처>031-205-2255</연락처>
<지정일자>2014-06-30</지정일자>
<최신지정일자>2018-06-11</최신지정일자>
<업태>한식</업태>
<대표메뉴>돼지갈비</대표메뉴>
<기준일>2019-01-01</기준일>
</Row>
<Row>
<모범업소명>파티뷰</모범업소명>
<주소>영통구 반달로7번길 40, 1001~1004호 (영통동, 평익칼라스위트)</주소>
<연락처>031-204-5544</연락처>
<지정일자>2016-06-22</지정일자>
<최신지정일자>2018-06-11</최신지정일자>
<업태>뷔페식</업태>
<대표메뉴>뷔페</대표메뉴>
<기준일>2019-01-01</기준일>
</Row>
<Row>
<모범업소명>덕담오리</모범업소명>
<주소>영통구 청명남로34번길 21, 208~210호 (영통동)</주소>
<연락처>031-273-9922</연락처>
<지정일자>2016-06-22</지정일자>
<최신지정일자>2018-06-11</최신지정일자>
<업태>한식</업태>
<대표메뉴>능이해신탕+오리백숙</대표메뉴>
<기준일>2019-01-01</기준일>
</Row>
<Row>
<모범업소명>판문점부대찌개</모범업소명>
<주소>영통구 덕영대로 1549 (영통동, 976-16)</주소>
<연락처>031-205-5959</연락처>
<지정일자>2005-12-19</지정일자>
<최신지정일자>2018-06-11</최신지정일자>
<업태>한식</업태>
<대표메뉴>부대찌게</대표메뉴>
<기준일>2019-01-01</기준일>
</Row>
<Row>
<모범업소명>연평도원조꽃게</모범업소명>
<주소>영통구 권선로 923 (신동, 503-7)</주소>
<연락처>031-205-1233</연락처>
<지정일자>2003-09-20</지정일자>
<최신지정일자>2018-06-11</최신지정일자>
<업태>한식</업태>
<대표메뉴>꽃게탕</대표메뉴>
<기준일>2019-01-01</기준일>
</Row>
<Row>
<모범업소명>동산참숯갈비</모범업소명>
<주소>영통구 영통로 305 (매탄동, 551-1)</주소>
<연락처>031-216-2772</연락처>
<지정일자>2000-08-08</지정일자>
<최신지정일자>2018-06-11</최신지정일자>
<업태>한식</업태>
<대표메뉴>양념갈비</대표메뉴>
<기준일>2019-01-01</기준일>
</Row>
<Row>
<모범업소명>동수원갈비</모범업소명>
<주소>영통구 덕영대로 1487 (망포동, 26)</주소>
<연락처>031-206-2822</연락처>
<지정일자>2005-06-15</지정일자>
<최신지정일자>2018-06-11</최신지정일자>
<업태>한식</업태>
<대표메뉴>갈비+갈비탕</대표메뉴>
<기준일>2019-01-01</기준일>
</Row>
<Row>
<모범업소명>영통복요리</모범업소명>
<주소>영통구 청명로59번길 45-23 (영통동, 1027-17)</주소>
<연락처>031-204-0003</연락처>
<지정일자>2006-12-28</지정일자>
<최신지정일자>2018-06-11</최신지정일자>
<업태>한식</업태>
<대표메뉴>복어요리</대표메뉴>
<기준일>2019-01-01</기준일>
</Row>
<Row>
<모범업소명>박은자맛사랑</모범업소명>
<주소>영통구 효원로 374 (매탄동, 1270-1 주공플라자 201호)</주소>
<연락처>031-215-5969</연락처>
<지정일자>2009-09-30</지정일자>
<최신지정일자>2018-06-11</최신지정일자>
<업태>한식</업태>
<대표메뉴>코다리조림</대표메뉴>
<기준일>2019-01-01</기준일>
</Row>
<Row>
<모범업소명>청하생고기</모범업소명>
<주소>영통구 효원로 393, 2층 (매탄동, 밀래니엄프라자)</주소>
<연락처>031-215-6116</연락처>
<지정일자>2007-08-16</지정일자>
<최신지정일자>2018-06-11</최신지정일자>
<업태>한식</업태>
<대표메뉴>삼겹살+찌개류</대표메뉴>
<기준일>2019-01-01</기준일>
</Row>
<Row>
<모범업소명>홍천화로숯불구이</모범업소명>
<주소>영통구 영통로501번길 48-4 (영통동, 951-1)</주소>
<연락처>031-205-5461</연락처>
<지정일자>2009-09-30</지정일자>
<최신지정일자>2018-06-11</최신지정일자>
<업태>한식</업태>
<대표메뉴>고추장삼겹살</대표메뉴>
<기준일>2019-01-01</기준일>
</Row>
<Row>
<모범업소명>옥일</모범업소명>
<주소>영통구 매탄로100번길 31-7 (매탄동, 1265-5)</주소>
<연락처>031-206-2840</연락처>
<지정일자>2008-06-26</지정일자>
<최신지정일자>2018-06-11</최신지정일자>
<업태>한식</업태>
<대표메뉴>돼지고기</대표메뉴>
<기준일>2019-01-01</기준일>
</Row>
<Row>
<모범업소명>도봉산갈비</모범업소명>
<주소>영통구 매탄로100번길 7-6 (매탄동, 1263-1)</주소>
<연락처>031-217-6066</연락처>
<지정일자>2006-06-20</지정일자>
<최신지정일자>2018-06-11</최신지정일자>
<업태>한식</업태>
<대표메뉴>갈비</대표메뉴>
<기준일>2019-01-01</기준일>
</Row>
<Row>
<모범업소명>아이프레베네</모범업소명>
<주소>영통구 봉영로 1569 (영통동, 960-3 뉴월드프라자 601,602)</주소>
<연락처>031-202-7800</연락처>
<지정일자>2005-12-19</지정일자>
<최신지정일자>2018-06-11</최신지정일자>
<업태>뷔페</업태>
<대표메뉴>뷔페</대표메뉴>
<기준일>2019-01-01</기준일>
</Row>
<Row>
<모범업소명>남경</모범업소명>
<주소>영통구 매탄로108번길 52 (매탄동, 1266-3 로진프라자 101,102,103,104호)</주소>
<연락처>031-214-7667</연락처>
<지정일자>2009-03-06</지정일자>
<최신지정일자>2018-06-11</최신지정일자>
<업태>중식</업태>
<대표메뉴>짜장면</대표메뉴>
<기준일>2019-01-01</기준일>
</Row>
<Row>
<모범업소명>싱글벙글복어</모범업소명>
<주소>영통구 매탄로108번길 10 (매탄동, 1262-1 모닝프라자201호)</주소>
<연락처>031-216-5007</연락처>
<지정일자>2004-10-19</지정일자>
<최신지정일자>2018-06-11</최신지정일자>
<업태>한식</업태>
<대표메뉴>복어</대표메뉴>
<기준일>2019-01-01</기준일>
</Row>
<Row>
<모범업소명>엄지민물매운탕</모범업소명>
<주소>영통구 영통로217번길 11 (영통동, 978-5 1층)</주소>
<연락처>031-203-2581</연락처>
<지정일자>2006-06-20</지정일자>
<최신지정일자>2018-06-11</최신지정일자>
<업태>한식</업태>
<대표메뉴>매운탕</대표메뉴>
<기준일>2019-01-01</기준일>
</Row>
<Row>
<모범업소명>보리피리</모범업소명>
<주소>영통구 청명로 88 (영통동)</주소>
<연락처>031-273-2688</연락처>
<지정일자>2015-06-30</지정일자>
<최신지정일자>2018-06-11</최신지정일자>
<업태>한식</업태>
<대표메뉴>곤드레밥</대표메뉴>
<기준일>2019-01-01</기준일>
</Row>
<Row>
<모범업소명>김박사생고기</모범업소명>
<주소>영통구 태장로 81 (망포동, 382-3 이타운 102-1,102-2,102-3호)</주소>
<연락처>031-205-9293</연락처>
<지정일자>2009-06-30</지정일자>
<최신지정일자>2018-06-11</최신지정일자>
<업태>한식</업태>
<대표메뉴>생갈비+생등심</대표메뉴>
<기준일>2019-01-01</기준일>
</Row>
<Row>
<모범업소명>육대장영통점</모범업소명>
<주소>영통구 청명남로 8 (영통동, 1층일부)</주소>
<연락처>031-205-0666</연락처>
<지정일자>2015-06-30</지정일자>
<최신지정일자>2018-06-11</최신지정일자>
<업태>한식</업태>
<대표메뉴>육개장</대표메뉴>
<기준일>2019-01-01</기준일>
</Row>
<Row>
<모범업소명>씨제이푸드빌(주)빕스영통점</모범업소명>
<주소>영통구 덕영대로1483번길 12 (망포동, 27-1)</주소>
<연락처>031-206-4997</연락처>
<지정일자>2009-09-30</지정일자>
<최신지정일자>2018-06-11</최신지정일자>
<업태>뷔페</업태>
<대표메뉴>스테이크+빕스폭립+샐러드바</대표메뉴>
<기준일>2019-01-01</기준일>
</Row>
<Row>
<모범업소명>지호한방삼계탕</모범업소명>
<주소>영통구 청명남로28번길 2 (영통동, 1009-1 아이텐텐빌딩 203호)</주소>
<연락처>031-203-8533</연락처>
<지정일자>2008-06-26</지정일자>
<최신지정일자>2018-06-11</최신지정일자>
<업태>한식</업태>
<대표메뉴>삼계탕</대표메뉴>
<기준일>2019-01-01</기준일>
</Row>
<Row>
<모범업소명>무영쌈밥(영통점)</모범업소명>
<주소>영통구 영통로 136 (망포동, 386 센트럴타워 208,209호)</주소>
<연락처>031-204-3889</연락처>
<지정일자>2009-06-30</지정일자>
<최신지정일자>2018-06-11</최신지정일자>
<업태>한식</업태>
<대표메뉴>쌈밥정식</대표메뉴>
<기준일>2019-01-01</기준일>
</Row>
<Row>
<모범업소명>고기가</모범업소명>
<주소>영통구 태장로54번길 64-1 (망포동,1층)</주소>
<연락처>031-203-6200</연락처>
<지정일자>2017-06-29</지정일자>
<최신지정일자>2018-06-11</최신지정일자>
<업태>한식</업태>
<대표메뉴>고기구이</대표메뉴>
<기준일>2019-01-01</기준일>
</Row>
<Row>
<모범업소명>화돈골</모범업소명>
<주소>영통구 영통로214번길 31 (영통동, 975-8)</주소>
<연락처>031-205-3009</연락처>
<지정일자>2009-06-30</지정일자>
<최신지정일자>2018-06-11</최신지정일자>
<업태>한식</업태>
<대표메뉴>생갈비+생등심</대표메뉴>
<기준일>2019-01-01</기준일>
</Row>
<Row>
<모범업소명>연미관</모범업소명>
<주소>영통구 삼성로277번길 30 (원천동, 259-2)</주소>
<연락처>031-211-9391</연락처>
<지정일자>2011-06-30</지정일자>
<최신지정일자>2018-06-11</최신지정일자>
<업태>한식</업태>
<대표메뉴>갈비</대표메뉴>
<기준일>2019-01-01</기준일>
</Row>
<Row>
<모범업소명>별빛바다 달빛초원</모범업소명>
<주소>영통구 청명로 28 (영통동, 1025-1(103호,104호,105호,106호,107호))</주소>
<연락처>031-203-7220</연락처>
<지정일자>2017-06-29</지정일자>
<최신지정일자>2018-06-11</최신지정일자>
<업태>일식</업태>
<대표메뉴>활어회</대표메뉴>
<기준일>2019-01-01</기준일>
</Row>
<Row>
<모범업소명>초가지붕남원추어탕</모범업소명>
<주소>영통구 매영로 235 (원천동, 417-2)</주소>
<연락처>031-211-5300</연락처>
<지정일자>2010-06-30</지정일자>
<최신지정일자>2018-06-11</최신지정일자>
<업태>한식</업태>
<대표메뉴>소갈비</대표메뉴>
<기준일>2019-01-01</기준일>
</Row>
<Row>
<모범업소명>소고기무한리필왔쏘 영통점</모범업소명>
<주소>영통구 반달로 21 (영통동,매직프라자 206호)</주소>
<연락처>031-202-9295</연락처>
<지정일자>2018-06-08</지정일자>
<최신지정일자>2018-06-11</최신지정일자>
<업태>한식</업태>
<대표메뉴>소고기</대표메뉴>
<기준일>2019-01-01</기준일>
</Row>
<Row>
<모범업소명>서린낙지</모범업소명>
<주소>영통구 동수원로 515 (매탄동,외4필지 2층)</주소>
<연락처>031-215-5725</연락처>
<지정일자>2014-06-30</지정일자>
<최신지정일자>2018-06-11</최신지정일자>
<업태>한식</업태>
<대표메뉴>낙지전골</대표메뉴>
<기준일>2019-01-01</기준일>
</Row>
<Row>
<모범업소명>송정</모범업소명>
<주소>영통구 동수원로 503 (매탄동,2층, 3층)</주소>
<연락처>031-215-3330</연락처>
<지정일자>2015-06-30</지정일자>
<최신지정일자>2018-06-11</최신지정일자>
<업태>한식</업태>
<대표메뉴>대구뽈찜</대표메뉴>
<기준일>2019-01-01</기준일>
</Row>
<Row>
<모범업소명>궁돈보쌈</모범업소명>
<주소>영통구 영통로241번길 12-35 (신동, 342-5외 3필지)</주소>
<연락처>031-203-9399</연락처>
<지정일자>2011-06-30</지정일자>
<최신지정일자>2018-06-11</최신지정일자>
<업태>한식</업태>
<대표메뉴>보쌈</대표메뉴>
<기준일>2019-01-01</기준일>
</Row>
<Row>
<모범업소명>홍익돈까스(영통망포점)</모범업소명>
<주소>영통구 태장로54번길 102 (망포동)</주소>
<연락처>031-206-3811</연락처>
<지정일자>2014-06-30</지정일자>
<최신지정일자>2018-06-11</최신지정일자>
<업태>양식</업태>
<대표메뉴>돈까스</대표메뉴>
<기준일>2019-01-01</기준일>
</Row>
<Row>
<모범업소명>삼국지제철수산</모범업소명>
<주소>영통구 영통로 136 (망포동,211호,212호)</주소>
<연락처>031-205-7351</연락처>
<지정일자>2015-06-30</지정일자>
<최신지정일자>2018-06-11</최신지정일자>
<업태>일식</업태>
<대표메뉴>활어회</대표메뉴>
<기준일>2019-01-01</기준일>
</Row>
<Row>
<모범업소명>가원</모범업소명>
<주소>영통구 영통로 277-3 (신동,2층,3층)</주소>
<연락처>031-204-1771</연락처>
<지정일자>2015-06-30</지정일자>
<최신지정일자>2018-06-11</최신지정일자>
<업태>한식</업태>
<대표메뉴>소고기</대표메뉴>
<기준일>2019-01-01</기준일>
</Row>
<Row>
<모범업소명>샤브향</모범업소명>
<주소>영통구 청명남로 39 (영통동,럭셔리프라자 (206호, 207호))</주소>
<연락처>031-204-2223</연락처>
<지정일자>2015-06-30</지정일자>
<최신지정일자>2018-06-11</최신지정일자>
<업태>한식</업태>
<대표메뉴>소고기샤브샤브</대표메뉴>
<기준일>2019-01-01</기준일>
</Row>
<Row>
<모범업소명>도감소</모범업소명>
<주소>영통구 영통로331번길 72 (매탄동, 492-21 1층,2층)</주소>
<연락처>031-214-9530</연락처>
<지정일자>2014-06-30</지정일자>
<최신지정일자>2018-06-11</최신지정일자>
<업태>한식</업태>
<대표메뉴>소갈비</대표메뉴>
<기준일>2019-01-01</기준일>
</Row>
<Row>
<모범업소명>서울24시감자탕해장국</모범업소명>
<주소>영통구 덕영대로 1485 (망포동, 28-9,2~3층)</주소>
<연락처>031-206-2324</연락처>
<지정일자>2014-06-30</지정일자>
<최신지정일자>2018-06-11</최신지정일자>
<업태>한식</업태>
<대표메뉴>감자탕</대표메뉴>
<기준일>2019-01-01</기준일>
</Row>
<Row>
<모범업소명>메콩타이</모범업소명>
<주소>영통구 센트럴타운로 85, 지하1층 cb23,24호 (이의동, 광교C1호반베르디움)</주소>
<연락처>031-211-7511</연락처>
<지정일자>2014-06-30</지정일자>
<최신지정일자>2018-06-11</최신지정일자>
<업태>기타(외국식)</업태>
<대표메뉴>월남쌈</대표메뉴>
<기준일>2019-01-01</기준일>
</Row>
<Row>
<모범업소명>우설화수원망포점</모범업소명>
<주소>영통구 봉영로 1377 (망포동, 주건축물제1동 1층일부)</주소>
<연락처>031-273-8216</연락처>
<지정일자>2015-06-30</지정일자>
<최신지정일자>2018-06-11</최신지정일자>
<업태>한식</업태>
<대표메뉴>소고기</대표메뉴>
<기준일>2019-01-01</기준일>
</Row>
<Row>
<모범업소명>긴자수원망포점</모범업소명>
<주소>영통구 봉영로 1377, 1층일부,2층 (망포동)</주소>
<연락처>031-273-8213</연락처>
<지정일자>2015-06-30</지정일자>
<최신지정일자>2018-06-11</최신지정일자>
<업태>일식</업태>
<대표메뉴>활어회</대표메뉴>
<기준일>2019-01-01</기준일>
</Row>
<Row>
<모범업소명>박경규항아리보쌈</모범업소명>
<주소>영통구 센트럴파크로127번길 41 (이의동, 1층)</주소>
<연락처>031-212-0101</연락처>
<지정일자>2015-08-06</지정일자>
<최신지정일자>2018-06-11</최신지정일자>
<업태>한식</업태>
<대표메뉴>보쌈</대표메뉴>
<기준일>2019-01-01</기준일>
</Row>
<Row>
<모범업소명>추오정남원추어탕 광교점</모범업소명>
<주소>영통구 월드컵로150번길 34, 1층 (원천동)</주소>
<연락처>031-213-1777</연락처>
<지정일자>2015-06-30</지정일자>
<최신지정일자>2018-06-11</최신지정일자>
<업태>한식</업태>
<대표메뉴>추어탕</대표메뉴>
<기준일>2019-01-01</기준일>
</Row>
<Row>
<모범업소명>보림돼지갈비</모범업소명>
<주소>영통구 센트럴타운로 15, 1층 106,107,108호 (이의동, 아이플렉스)</주소>
<연락처>031-211-0637</연락처>
<지정일자>2015-06-30</지정일자>
<최신지정일자>2018-06-11</최신지정일자>
<업태>한식</업태>
<대표메뉴>돼지갈비</대표메뉴>
<기준일>2019-01-01</기준일>
</Row>
<Row>
<모범업소명>삼학도광교점</모범업소명>
<주소>영통구 중부대로447번길 9, 201호,202호 (원천동)</주소>
<연락처>031-215-4224</연락처>
<지정일자>2015-06-30</지정일자>
<최신지정일자>2018-06-11</최신지정일자>
<업태>한식</업태>
<대표메뉴>남도정식</대표메뉴>
<기준일>2019-01-01</기준일>
</Row>
<Row>
<모범업소명>먹고보리</모범업소명>
<주소>영통구 웰빙타운로36번길 46-107 (이의동)</주소>
<연락처>031-214-9952</연락처>
<지정일자>2015-06-30</지정일자>
<최신지정일자>2018-06-11</최신지정일자>
<업태>한식</업태>
<대표메뉴>보리밥</대표메뉴>
<기준일>2019-01-01</기준일>
</Row>
<Row>
<모범업소명>우판등심수원점</모범업소명>
<주소>영통구 권선로908번길 10 (신동, 우판등심수원점)</주소>
<연락처>031-204-0086</연락처>
<지정일자>2015-06-30</지정일자>
<최신지정일자>2018-06-11</최신지정일자>
<업태>한식</업태>
<대표메뉴>소고기</대표메뉴>
<기준일>2019-01-01</기준일>
</Row>
<Row>
<모범업소명>쭈꾸쭈꾸아</모범업소명>
<주소>영통구 매영로345번길 95 (영통동, 동아프라자 206호)</주소>
<연락처>031-202-8770</연락처>
<지정일자>2017-06-29</지정일자>
<최신지정일자>2018-06-11</최신지정일자>
<업태>한식</업태>
<대표메뉴>쭈꾸미</대표메뉴>
<기준일>2019-01-01</기준일>
</Row>
<Row>
<모범업소명>남원추어탕</모범업소명>
<주소>영통구 중부대로447번길 35, 2층 (원천동)</주소>
<연락처>0312-1799-11</연락처>
<지정일자>2015-06-30</지정일자>
<최신지정일자>2018-06-11</최신지정일자>
<업태>한식</업태>
<대표메뉴>추어탕</대표메뉴>
<기준일>2019-01-01</기준일>
</Row>
<Row>
<모범업소명>빕스 광교점</모범업소명>
<주소>영통구 센트럴타운로 85, ab07-2,08-1,08-2,09,10호 (이의동, 아브뉴프랑)</주소>
<연락처>031-216-6306</연락처>
<지정일자>2015-06-30</지정일자>
<최신지정일자>2018-06-11</최신지정일자>
<업태>뷔페</업태>
<대표메뉴>샐러드+스테이크</대표메뉴>
<기준일>2019-01-01</기준일>
</Row>
<Row>
<모범업소명>바나나테이블</모범업소명>
<주소>영통구 센트럴타운로 85, 203동 B102,B105호 (이의동, 아브뉴프랑)</주소>
<연락처>031-215-0008</연락처>
<지정일자>2016-02-26</지정일자>
<최신지정일자>2018-06-11</최신지정일자>
<업태>기타(외국식)</업태>
<대표메뉴>태국음식</대표메뉴>
<기준일>2019-01-01</기준일>
</Row>
<Row>
<모범업소명>하나참치</모범업소명>
<주소>영통구 청명남로34번길 21, 204,205호 (영통동, 테라스가든)</주소>
<연락처>031-231-1137</연락처>
<지정일자>2016-06-22</지정일자>
<최신지정일자>2018-06-11</최신지정일자>
<업태>일식</업태>
<대표메뉴>참치회</대표메뉴>
<기준일>2019-01-01</기준일>
</Row>
<Row>
<모범업소명>천지연 신영통점</모범업소명>
<주소>영통구 봉영로 1377, 1,2층 (망포동, 주건축물제2동 )</주소>
<연락처>031-202-5502</연락처>
<지정일자>2018-06-08</지정일자>
<최신지정일자>2018-06-11</최신지정일자>
<업태>한식</업태>
<대표메뉴>갈비</대표메뉴>
<기준일>2019-01-01</기준일>
</Row>
<Row>
<모범업소명>버들치</모범업소명>
<주소>영통구 웰빙타운로36번길 46-252, 2층 (이의동)</주소>
<연락처>031-212-8989</연락처>
<지정일자>2018-06-08</지정일자>
<최신지정일자>2018-06-11</최신지정일자>
<업태>한식</업태>
<대표메뉴>불고기</대표메뉴>
<기준일>2019-01-01</기준일>
</Row>
<Row>
<모범업소명>동해수산</모범업소명>
<주소>영통구 센트럴파크로 33, 지하1층 B04호 (하동)</주소>
<연락처>031-217-5353</연락처>
<지정일자>2017-06-29</지정일자>
<최신지정일자>2018-06-11</최신지정일자>
<업태>일식</업태>
<대표메뉴>활어회</대표메뉴>
<기준일>2019-01-01</기준일>
</Row>
<Row>
<모범업소명>키친샤보르</모범업소명>
<주소>영통구 봉영로 1612, 2층 (영통동, 보보스프라자)</주소>
<연락처>031-206-9501</연락처>
<지정일자>2017-06-29</지정일자>
<최신지정일자>2018-06-11</최신지정일자>
<업태>뷔페식</업태>
<대표메뉴>소고기샤브샤브</대표메뉴>
<기준일>2019-01-01</기준일>
</Row>
<Row>
<모범업소명>회랑소랑</모범업소명>
<주소>영통구 매영로247번길 1, 1층 (원천동)</주소>
<연락처>000-000-0000</연락처>
<지정일자>2018-06-08</지정일자>
<최신지정일자>2018-06-11</최신지정일자>
<업태>한식</업태>
<대표메뉴>소고기</대표메뉴>
<기준일>2019-01-01</기준일>
</Row>
<Row>
<모범업소명>굴비한두름</모범업소명>
<주소>영통구 법조로149번길 230, 1층 (하동)</주소>
<연락처>031-211-4744</연락처>
<지정일자>2018-06-08</지정일자>
<최신지정일자>2018-06-11</최신지정일자>
<업태>한식</업태>
<대표메뉴>굴비</대표메뉴>
<기준일>2019-01-01</기준일>
</Row>
<Row>
<모범업소명>제주할망돈가</모범업소명>
<주소>영통구 동탄지성로 454-11, 1층 (망포동)</주소>
<연락처>031-252-5292</연락처>
<지정일자>2018-06-08</지정일자>
<최신지정일자>2018-06-11</최신지정일자>
<업태>한식</업태>
<대표메뉴>삼겹살</대표메뉴>
<기준일>2019-01-01</기준일>
</Row>
</root>
