<?xml version="1.0" encoding="UTF-8"?>
<root>
<header>
<header>연번</header>
<header>업소명</header>
<header>대표메뉴</header>
<header>전화번호</header>
<header>소재지_도로명_</header>
<header>업태명</header>
<header>면적</header>
</header>
<Row>
<연번>1</연번>
<업소명>갈비와밀밭</업소명>
<대표메뉴>"갈비,보리밥"</대표메뉴>
<전화번호>031-944-7792</전화번호>
<소재지_도로명_>"경기도 파주시 가온로 182 (와동동, 2층 일부)"</소재지_도로명_>
<업태명>한식</업태명>
<면적>293.64</면적>
</Row>
<Row>
<연번>2</연번>
<업소명>교하정</업소명>
<대표메뉴>한우등심</대표메뉴>
<전화번호>031-942-7788</전화번호>
<소재지_도로명_>"경기도 파주시 교하로 1290, 1,2층 (교하동)"</소재지_도로명_>
<업태명>한식</업태명>
<면적>"1,264.67"</면적>
</Row>
<Row>
<연번>3</연번>
<업소명>구끼구끼</업소명>
<대표메뉴>"등심,갈비살"</대표메뉴>
<전화번호>031-949-1492</전화번호>
<소재지_도로명_>"경기도 파주시 새꽃로 236, 1층 (아동동)"</소재지_도로명_>
<업태명>한식</업태명>
<면적>849.20</면적>
</Row>
<Row>
<연번>4</연번>
<업소명>금촌화로구이</업소명>
<대표메뉴>돼지갈비</대표메뉴>
<전화번호>031- 949-9252</전화번호>
<소재지_도로명_>경기도 파주시 금릉역로 180(금촌동)</소재지_도로명_>
<업태명>한식</업태명>
<면적>715.89</면적>
</Row>
<Row>
<연번>5</연번>
<업소명>꼿그이</업소명>
<대표메뉴>간장게장</대표메뉴>
<전화번호>1566-6220</전화번호>
<소재지_도로명_>경기도 파주시 지목로 81-19 (문발동)</소재지_도로명_>
<업태명>기타</업태명>
<면적>284.80</면적>
</Row>
<Row>
<연번>6</연번>
<업소명>꽃쌈</업소명>
<대표메뉴>"숯불구이,쌈"</대표메뉴>
<전화번호>031- 945-7072</전화번호>
<소재지_도로명_>"경기도 파주시 와석순환로 78, 202호 (야당동, 한강프라자)"</소재지_도로명_>
<업태명>한식</업태명>
<면적>270.90</면적>
</Row>
<Row>
<연번>7</연번>
<업소명>나정순할매쭈꾸미</업소명>
<대표메뉴>쭈꾸미</대표메뉴>
<전화번호>031-945-5258</전화번호>
<소재지_도로명_>경기도 파주시 순못길 122-9 (다율동)</소재지_도로명_>
<업태명>한식</업태명>
<면적>152.16</면적>
</Row>
<Row>
<연번>8</연번>
<업소명>농부의식탁(Farmer's Table)파머스테이블</업소명>
<대표메뉴>경양식</대표메뉴>
<전화번호>031- 948-6225</전화번호>
<소재지_도로명_>경기도 파주시 탄현면 헤이리마을길 59-77 (헤이리 G-50 ARTINUS)</소재지_도로명_>
<업태명>경양식</업태명>
<면적>421.45</면적>
</Row>
<Row>
<연번>9</연번>
<업소명>늘푸른장어</업소명>
<대표메뉴>"장어구이,장어탕"</대표메뉴>
<전화번호>031-947-2258</전화번호>
<소재지_도로명_>"경기도 파주시 심학산로 56 (서패동,1층)"</소재지_도로명_>
<업태명>기타</업태명>
<면적>648.17</면적>
</Row>
<Row>
<연번>10</연번>
<업소명>다올</업소명>
<대표메뉴>한정식</대표메뉴>
<전화번호>031-944-2244</전화번호>
<소재지_도로명_>"경기도 파주시 탄현면 새오리로 4, 1.2층"</소재지_도로명_>
<업태명>한식</업태명>
<면적>452.00</면적>
</Row>
<Row>
<연번>11</연번>
<업소명>덕성원</업소명>
<대표메뉴>"짬뽕,자장면"</대표메뉴>
<전화번호>031-941-2226</전화번호>
<소재지_도로명_>"경기도 파주시 명동길 43, 1,2층 (금촌동)"</소재지_도로명_>
<업태명>중국식</업태명>
<면적>432.90</면적>
</Row>
<Row>
<연번>12</연번>
<업소명>도라산식당</업소명>
<대표메뉴>불고기</대표메뉴>
<전화번호>031-950-5192</전화번호>
<소재지_도로명_>경기도 파주시 희망로 307(장단면)</소재지_도로명_>
<업태명>한식</업태명>
<면적>305.72</면적>
</Row>
<Row>
<연번>13</연번>
<업소명>돈까스 매니아</업소명>
<대표메뉴>돈까스</대표메뉴>
<전화번호>031-952-0033</전화번호>
<소재지_도로명_>"경기도 파주시 문산읍 우계로457번길 41, 203, 204호 (일부)"</소재지_도로명_>
<업태명>한식</업태명>
<면적>131.49</면적>
</Row>
<Row>
<연번>14</연번>
<업소명>돈까스클럽</업소명>
<대표메뉴>돈까스</대표메뉴>
<전화번호>031-948-2966</전화번호>
<소재지_도로명_>"경기도 파주시 지목로 67, B동 1층 (신촌동)"</소재지_도로명_>
<업태명>기타</업태명>
<면적>297.00</면적>
</Row>
<Row>
<연번>15</연번>
<업소명>라치오 비.엘</업소명>
<대표메뉴>"스테이크,스파게티,피자"</대표메뉴>
<전화번호>031-947-5672</전화번호>
<소재지_도로명_>경기도 파주시 탄현면 새오리로 29</소재지_도로명_>
<업태명>경양식</업태명>
<면적>457.92</면적>
</Row>
<Row>
<연번>16</연번>
<업소명>리즈스테이크갤러리</업소명>
<대표메뉴>"스테이크, 쌀국수"</대표메뉴>
<전화번호>031-8071-6333</전화번호>
<소재지_도로명_>"경기도 파주시 금빛로 19 (금촌동, 파주프라임타워 303호)"</소재지_도로명_>
<업태명>경양식</업태명>
<면적>180.11</면적>
</Row>
<Row>
<연번>17</연번>
<업소명>마루샤브</업소명>
<대표메뉴>샤브샤브</대표메뉴>
<전화번호>031-946-2775</전화번호>
<소재지_도로명_>"경기도 파주시 책향기로 423 (동패동, 두손비채 206,207,208호)"</소재지_도로명_>
<업태명>한식</업태명>
<면적>364.20</면적>
</Row>
<Row>
<연번>18</연번>
<업소명>만우가든</업소명>
<대표메뉴>"생삼겹, 목삼겹"</대표메뉴>
<전화번호>031-943-7770</전화번호>
<소재지_도로명_>"경기도 파주시 탄현면 엘씨디로241번길 47-5, 지1층"</소재지_도로명_>
<업태명>한식</업태명>
<면적>419.21</면적>
</Row>
<Row>
<연번>19</연번>
<업소명>매화한정식</업소명>
<대표메뉴>"단호박갈비찜, 한정식"</대표메뉴>
<전화번호>031-944-3637</전화번호>
<소재지_도로명_>경기도 파주시 탄현면 새오리로 98</소재지_도로명_>
<업태명>한식</업태명>
<면적>227.50</면적>
</Row>
<Row>
<연번>20</연번>
<업소명>명품설농탕</업소명>
<대표메뉴>설렁탕</대표메뉴>
<전화번호>031- 946-6266</전화번호>
<소재지_도로명_>"경기도 파주시 새꽃로 246, 1.2.3층 (아동동)"</소재지_도로명_>
<업태명>한식</업태명>
<면적>529.76</면적>
</Row>
<Row>
<연번>21</연번>
<업소명>목우촌마을 파주광탄점</업소명>
<대표메뉴>쇠고기 돼지고기 구이</대표메뉴>
<전화번호>031-944-9743</전화번호>
<소재지_도로명_>"경기도 파주시 광탄면 기산로 81, 1층"</소재지_도로명_>
<업태명>한식</업태명>
<면적>223.20</면적>
</Row>
<Row>
<연번>22</연번>
<업소명>문산밤나무골</업소명>
<대표메뉴>"전복닭백숙,오리로스"</대표메뉴>
<전화번호>031-952-5240</전화번호>
<소재지_도로명_>경기도 파주시 파주읍 통일로 1604-144 (외1필지)</소재지_도로명_>
<업태명>한식</업태명>
<면적>410.20</면적>
</Row>
<Row>
<연번>23</연번>
<업소명>민바리매운탕</업소명>
<대표메뉴>고추장매운탕</대표메뉴>
<전화번호>031- 949-8266</전화번호>
<소재지_도로명_>경기도 파주시 쌀뚜기길 44-42 (문발동)</소재지_도로명_>
<업태명>한식</업태명>
<면적>196.27</면적>
</Row>
<Row>
<연번>24</연번>
<업소명>복드림한우고기</업소명>
<대표메뉴>등심구이</대표메뉴>
<전화번호>031-944-8060</전화번호>
<소재지_도로명_>"경기도 파주시 탄현면 새오리로 48 (1,2층)"</소재지_도로명_>
<업태명>한식</업태명>
<면적>573.69</면적>
</Row>
<Row>
<연번>25</연번>
<업소명>복청</업소명>
<대표메뉴>복어요리</대표메뉴>
<전화번호>031-941-4538</전화번호>
<소재지_도로명_>경기도 파주시 통일로 714</소재지_도로명_>
<업태명>복어취급</업태명>
<면적>112.32</면적>
</Row>
<Row>
<연번>26</연번>
<업소명>본가 파주금촌점</업소명>
<대표메뉴>"소갈비,돼지갈비"</대표메뉴>
<전화번호>031-944-4600</전화번호>
<소재지_도로명_>"경기도 파주시 번영로 2 (금촌동,1층, 2층)"</소재지_도로명_>
<업태명>한식</업태명>
<면적>885.63</면적>
</Row>
<Row>
<연번>27</연번>
<업소명>본가(파주운정점)</업소명>
<대표메뉴>차돌된장찌개</대표메뉴>
<전화번호>031-944-5837</전화번호>
<소재지_도로명_>경기도 파주시 가온로 172</소재지_도로명_>
<업태명>한식</업태명>
<면적>265.63</면적>
</Row>
<Row>
<연번>28</연번>
<업소명>봉참치</업소명>
<대표메뉴>참치요리</대표메뉴>
<전화번호>031- 943-3788</전화번호>
<소재지_도로명_>경기도 파주시 조리읍 통일로 325 (외6필지)</소재지_도로명_>
<업태명>기타</업태명>
<면적>176.75</면적>
</Row>
<Row>
<연번>29</연번>
<업소명>봉평메밀</업소명>
<대표메뉴>메밀국수</대표메뉴>
<전화번호>031- 942-1068</전화번호>
<소재지_도로명_>경기도 파주시 탄현면 정승로 6-2</소재지_도로명_>
<업태명>한식</업태명>
<면적>161.63</면적>
</Row>
<Row>
<연번>30</연번>
<업소명>산내음</업소명>
<대표메뉴>산채비빔밥</대표메뉴>
<전화번호>031-946-8155</전화번호>
<소재지_도로명_>경기도 파주시 탄현면 평화로 885-18</소재지_도로명_>
<업태명>한식</업태명>
<면적>492.62</면적>
</Row>
<Row>
<연번>31</연번>
<업소명>상해</업소명>
<대표메뉴>중식코스</대표메뉴>
<전화번호>031-945-5880</전화번호>
<소재지_도로명_>경기도 파주시 교하로863번길 54 (문발동)</소재지_도로명_>
<업태명>중국식</업태명>
<면적>376.00</면적>
</Row>
<Row>
<연번>32</연번>
<업소명>솔덕능이백숙전문점</업소명>
<대표메뉴>능이버섯백숙</대표메뉴>
<전화번호>031-8071-5292</전화번호>
<소재지_도로명_>"경기도 파주시 교하로 605-32 (동패동,1층)"</소재지_도로명_>
<업태명>한식</업태명>
<면적>197.12</면적>
</Row>
<Row>
<연번>33</연번>
<업소명>스팀보이</업소명>
<대표메뉴>퓨전일식</대표메뉴>
<전화번호>031-942-0434</전화번호>
<소재지_도로명_>경기도 파주시 지목로 63 (신촌동)</소재지_도로명_>
<업태명>일식</업태명>
<면적>99.00</면적>
</Row>
<Row>
<연번>34</연번>
<업소명>승잠원</업소명>
<대표메뉴>소갈비찜</대표메뉴>
<전화번호>031-958-9522</전화번호>
<소재지_도로명_>경기도 파주시 법원읍 초리골길 77</소재지_도로명_>
<업태명>한식</업태명>
<면적>126.00</면적>
</Row>
<Row>
<연번>35</연번>
<업소명>신성아구찜</업소명>
<대표메뉴>묵요리</대표메뉴>
<전화번호>031-946-9920</전화번호>
<소재지_도로명_>경기도 파주시 탄현면 새오리로 50 (1층)</소재지_도로명_>
<업태명>한식</업태명>
<면적>258.20</면적>
</Row>
<Row>
<연번>36</연번>
<업소명>아구나라</업소명>
<대표메뉴>"아구탕,아구찜"</대표메뉴>
<전화번호>031-944-3102</전화번호>
<소재지_도로명_>경기도 파주시 조리읍 송비말길 79-15 ((나동))</소재지_도로명_>
<업태명>한식</업태명>
<면적>134.75</면적>
</Row>
<Row>
<연번>37</연번>
<업소명>ADAMAS(아다마스)253</업소명>
<대표메뉴>파스타(피자)</대표메뉴>
<전화번호>031-949-1296</전화번호>
<소재지_도로명_>경기도 파주시 탄현면 헤이리마을길 47</소재지_도로명_>
<업태명>경양식</업태명>
<면적>333.79</면적>
</Row>
<Row>
<연번>38</연번>
<업소명>안심한우정육식당</업소명>
<대표메뉴>등심구이</대표메뉴>
<전화번호>031-942-5505</전화번호>
<소재지_도로명_>"경기도 파주시 후곡로 8 (금촌동,1층)"</소재지_도로명_>
<업태명>한식</업태명>
<면적>516.48</면적>
</Row>
<Row>
<연번>39</연번>
<업소명>옛날밥집</업소명>
<대표메뉴>청국장정식</대표메뉴>
<전화번호>031- 946-7437</전화번호>
<소재지_도로명_>경기도 파주시 광탄면 기산로 185</소재지_도로명_>
<업태명>한식</업태명>
<면적>185.09</면적>
</Row>
<Row>
<연번>40</연번>
<업소명>옛날시골밥상</업소명>
<대표메뉴>보리밥정식</대표메뉴>
<전화번호>031-945-9674</전화번호>
<소재지_도로명_>경기도 파주시 탄현면 새오리로 110</소재지_도로명_>
<업태명>한식</업태명>
<면적>383.90</면적>
</Row>
<Row>
<연번>41</연번>
<업소명>오두산막국수(통일로직영점)</업소명>
<대표메뉴>"막국수,수육"</대표메뉴>
<전화번호>031-941-5237</전화번호>
<소재지_도로명_>"경기도 파주시 탄현면 성동로 17 (통일프라자 101,102,103 호)"</소재지_도로명_>
<업태명>분식</업태명>
<면적>282.53</면적>
</Row>
<Row>
<연번>42</연번>
<업소명>오백년누룽지백숙</업소명>
<대표메뉴>누룽지백숙</대표메뉴>
<전화번호>031 -8071-6500</전화번호>
<소재지_도로명_>경기도 파주시 탄현면 새오리로 94 (1층)</소재지_도로명_>
<업태명>한식</업태명>
<면적>234.17</면적>
</Row>
<Row>
<연번>43</연번>
<업소명>오이시</업소명>
<대표메뉴>일식코스요리</대표메뉴>
<전화번호>031-945-2700</전화번호>
<소재지_도로명_>"경기도 파주시 시청로 13 (금촌동,백운빌딩 2층)"</소재지_도로명_>
<업태명>일식</업태명>
<면적>166.56</면적>
</Row>
<Row>
<연번>44</연번>
<업소명>용해물탕</업소명>
<대표메뉴>해물탕</대표메뉴>
<전화번호>031-945-5279</전화번호>
<소재지_도로명_>"경기도 파주시 시청로 7 (금촌동,,-36(1층))"</소재지_도로명_>
<업태명>한식</업태명>
<면적>222.00</면적>
</Row>
<Row>
<연번>45</연번>
<업소명>운정갈비</업소명>
<대표메뉴>갈비</대표메뉴>
<전화번호>031-941-2858</전화번호>
<소재지_도로명_>"경기도 파주시 가람로 2, 201호 (와동동, 센타프라자 )"</소재지_도로명_>
<업태명>한식</업태명>
<면적>175.05</면적>
</Row>
<Row>
<연번>46</연번>
<업소명>유가원설렁탕</업소명>
<대표메뉴>"설렁탕, 수육"</대표메뉴>
<전화번호>031- 948-5353</전화번호>
<소재지_도로명_>"경기도 파주시 교하로 1066 (다율동,유가원1.2층)"</소재지_도로명_>
<업태명>한식</업태명>
<면적>411.49</면적>
</Row>
<Row>
<연번>47</연번>
<업소명>유일곰탕</업소명>
<대표메뉴>한식)곰탕</대표메뉴>
<전화번호>031- 944-3691</전화번호>
<소재지_도로명_>경기도 파주시 월롱면 다락고개길 119</소재지_도로명_>
<업태명>한식</업태명>
<면적>90.02</면적>
</Row>
<Row>
<연번>48</연번>
<업소명>육화원</업소명>
<대표메뉴>등심구이</대표메뉴>
<전화번호>031-941-8900</전화번호>
<소재지_도로명_>"경기도 파주시 한마음2길 25 (금촌동,외18필지 금촌그린프라자 202~207호)"</소재지_도로명_>
<업태명>한식</업태명>
<면적>593.96</면적>
</Row>
<Row>
<연번>49</연번>
<업소명>장단가든</업소명>
<대표메뉴>손두부</대표메뉴>
<전화번호>031-954-1559</전화번호>
<소재지_도로명_>"경기도 파주시 문산읍 임진나루길 133-12, 2층"</소재지_도로명_>
<업태명>한식</업태명>
<면적>264.00</면적>
</Row>
<Row>
<연번>50</연번>
<업소명>장수누룽지백숙&amp;명품장어</업소명>
<대표메뉴>"장어구이, 장어정식"</대표메뉴>
<전화번호>031-947-6782</전화번호>
<소재지_도로명_>"경기도 파주시 탄현면 새오리로 13 ((2,3층))"</소재지_도로명_>
<업태명>한식</업태명>
<면적>561.72</면적>
</Row>
<Row>
<연번>51</연번>
<업소명>전망대누룽지삼계탕</업소명>
<대표메뉴>누릉지삼계탕</대표메뉴>
<전화번호>031- 942-9696</전화번호>
<소재지_도로명_>경기도 파주시 탄현면 새오리로 215-36</소재지_도로명_>
<업태명>한식</업태명>
<면적>299.50</면적>
</Row>
<Row>
<연번>52</연번>
<업소명>정담전복순대국(가온점)</업소명>
<대표메뉴>순대국</대표메뉴>
<전화번호>031-944-4555</전화번호>
<소재지_도로명_>"경기도 파주시 가온로 174, 1층 103호 (와동동)"</소재지_도로명_>
<업태명>한식</업태명>
<면적>138.18</면적>
</Row>
<Row>
<연번>53</연번>
<업소명>(주)이바돔 파주운정점</업소명>
<대표메뉴>감자탕</대표메뉴>
<전화번호>031-949-9933</전화번호>
<소재지_도로명_>"경기도 파주시 경의로 1080, 2층 (야당동)"</소재지_도로명_>
<업태명>기타</업태명>
<면적>"1,301.73"</면적>
</Row>
<Row>
<연번>54</연번>
<업소명>진미식당</업소명>
<대표메뉴>장어구이</대표메뉴>
<전화번호>031-958-3321</전화번호>
<소재지_도로명_>경기도 파주시 파평면 장마루로 261</소재지_도로명_>
<업태명>한식</업태명>
<면적>171.12</면적>
</Row>
<Row>
<연번>55</연번>
<업소명>착한낙지</업소명>
<대표메뉴>"낙지덮밥, 연포탕"</대표메뉴>
<전화번호>031-952-7200</전화번호>
<소재지_도로명_>경기도 파주시 파주읍 충현로 28</소재지_도로명_>
<업태명>한식</업태명>
<면적>398.50</면적>
</Row>
<Row>
<연번>56</연번>
<업소명>"초계탕,춘천막국수"</업소명>
<대표메뉴>초계탕</대표메뉴>
<전화번호>031-958-5250</전화번호>
<소재지_도로명_>경기도 파주시 법원읍 초리골길 110</소재지_도로명_>
<업태명>한식</업태명>
<면적>321.69</면적>
</Row>
<Row>
<연번>57</연번>
<업소명>콩밭 뜰</업소명>
<대표메뉴>"두부,콩요리"</대표메뉴>
<전화번호>031-941-0017</전화번호>
<소재지_도로명_>"경기도 파주시 탄현면 새오리로 45, 1층"</소재지_도로명_>
<업태명>한식</업태명>
<면적>250.00</면적>
</Row>
<Row>
<연번>58</연번>
<업소명>통일동산두부마을</업소명>
<대표메뉴>두부전골</대표메뉴>
<전화번호>031-945-2114</전화번호>
<소재지_도로명_>경기도 파주시 탄현면 필승로 480 ((1층))</소재지_도로명_>
<업태명>한식</업태명>
<면적>489.97</면적>
</Row>
<Row>
<연번>59</연번>
<업소명>한식당임진각</업소명>
<대표메뉴>전골정식</대표메뉴>
<전화번호>031-954-6552</전화번호>
<소재지_도로명_>경기도 파주시 문산읍 임진각로 177 (2층)</소재지_도로명_>
<업태명>한식</업태명>
<면적>714.02</면적>
</Row>
<Row>
<연번>60</연번>
<업소명>훈장골</업소명>
<대표메뉴>돼지갈비</대표메뉴>
<전화번호>031-953-2230</전화번호>
<소재지_도로명_>경기도 파주시 문산읍 우계로 458</소재지_도로명_>
<업태명>한식</업태명>
<면적>403.22</면적>
</Row>
<Row>
<연번>61</연번>
<업소명>흔적</업소명>
<대표메뉴>양식</대표메뉴>
<전화번호>031-948-8585</전화번호>
<소재지_도로명_>"경기도 파주시 탄현면 새오리로 59-20 ((1층,2층))"</소재지_도로명_>
<업태명>경양식</업태명>
<면적>268.84</면적>
</Row>
</root>
