<?xml version="1.0" encoding="UTF-8"?>
<root>
<header>
<header>업소명</header>
<header>소재지도로명주소</header>
<header>소재지지번주소</header>
<header>전화번호</header>
<header>음식유형</header>
<header>주된음식</header>
<header>데이터기준일자</header>
</header>
<Row>
<업소명>유진</업소명>
<소재지도로명주소>경기도 김포시 중구로 21, 2층 (북변동)</소재지도로명주소>
<소재지지번주소>경기도 김포시 북변동417-5번지 북변동 2층</소재지지번주소>
<전화번호>031-984-2033</전화번호>
<음식유형>한식</음식유형>
<주된음식>복요리</주된음식>
<데이터기준일자>2019-02-25</데이터기준일자>
</Row>
<Row>
<업소명>가정한식회관</업소명>
<소재지도로명주소>경기도 김포시 하성면 석평로 14</소재지도로명주소>
<소재지지번주소>경기도 김포시 하성면 마곡리588-4번지</소재지지번주소>
<전화번호>031-988-7462</전화번호>
<음식유형>한식</음식유형>
<주된음식>돼지갈비, 가정한식</주된음식>
<데이터기준일자>2019-02-25</데이터기준일자>
</Row>
<Row>
<업소명>다원</업소명>
<소재지도로명주소>경기도 김포시 월곶면 김포대로2081번길 41, 1층</소재지도로명주소>
<소재지지번주소>경기도 김포시 월곶면 1층</소재지지번주소>
<전화번호>031-987-2558</전화번호>
<음식유형>한식</음식유형>
<주된음식>식육(숯불구이)</주된음식>
<데이터기준일자>2019-02-25</데이터기준일자>
</Row>
<Row>
<업소명>필로스</업소명>
<소재지도로명주소>경기도 김포시 감암로 65 (걸포동)</소재지도로명주소>
<소재지지번주소>경기도 김포시 걸포동387-104번지 걸포동</소재지지번주소>
<전화번호>031-986-9190</전화번호>
<음식유형>경양식</음식유형>
<주된음식>경양식</주된음식>
<데이터기준일자>2019-02-25</데이터기준일자>
</Row>
<Row>
<업소명>김포고깃집</업소명>
<소재지도로명주소>경기도 김포시 하성면 하성로 499</소재지도로명주소>
<소재지지번주소>경기도 김포시 하성면 마곡리611-21번지</소재지지번주소>
<전화번호>031-989-5135</전화번호>
<음식유형>한식</음식유형>
<주된음식>식육(숯불구이)</주된음식>
<데이터기준일자>2019-02-25</데이터기준일자>
</Row>
<Row>
<업소명>사조참치(김포점)</업소명>
<소재지도로명주소>경기도 김포시 사우중로11번길 14, 지하1층 (사우동)</소재지도로명주소>
<소재지지번주소>경기도 김포시 사우동250-7번지 하1층  사우동</소재지지번주소>
<전화번호>031-982-3737</전화번호>
<음식유형>일식</음식유형>
<주된음식>참치</주된음식>
<데이터기준일자>2019-02-25</데이터기준일자>
</Row>
<Row>
<업소명>산촌</업소명>
<소재지도로명주소>경기도 김포시 월곶면 김포대로 2557</소재지도로명주소>
<소재지지번주소>경기도 김포시 월곶면 갈산리466-21번지</소재지지번주소>
<전화번호>031-996-4848</전화번호>
<음식유형>한식</음식유형>
<주된음식>비빔밥</주된음식>
<데이터기준일자>2019-02-25</데이터기준일자>
</Row>
<Row>
<업소명>나룻터숯불장어구이</업소명>
<소재지도로명주소>경기도 김포시 월곶면 김포대로3023번길 96</소재지도로명주소>
<소재지지번주소>경기도 김포시 월곶면 포내리7-8번지</소재지지번주소>
<전화번호>031-981-1071</전화번호>
<음식유형>한식</음식유형>
<주된음식>장어구이</주된음식>
<데이터기준일자>2019-02-25</데이터기준일자>
</Row>
<Row>
<업소명>김포컨벤션웨딩홀부페</업소명>
<소재지도로명주소>경기도 김포시 북변중로 137, 4.5층 (북변동)</소재지도로명주소>
<소재지지번주소>경기도 김포시 북변동146-3번지 북변동 45층</소재지지번주소>
<전화번호>031-984-3123</전화번호>
<음식유형>한식</음식유형>
<주된음식>뷔페</주된음식>
<데이터기준일자>2019-02-25</데이터기준일자>
</Row>
<Row>
<업소명>풀잎속의생명</업소명>
<소재지도로명주소>경기도 김포시 사우로 3-12 (사우동)</소재지도로명주소>
<소재지지번주소>경기도 김포시 사우동895번지 우동 사</소재지지번주소>
<전화번호>031-997-6003</전화번호>
<음식유형>한식</음식유형>
<주된음식>한정식</주된음식>
<데이터기준일자>2019-02-25</데이터기준일자>
</Row>
<Row>
<업소명>느티나무골</업소명>
<소재지도로명주소>경기도 김포시 월곶면 문수산로370번길 49, 1.2층</소재지도로명주소>
<소재지지번주소>경기도 김포시 월곶면 보구곶리373-3번지 12층</소재지지번주소>
<전화번호>031-989-3036</전화번호>
<음식유형>한식</음식유형>
<주된음식>숯불장어</주된음식>
<데이터기준일자>2019-02-25</데이터기준일자>
</Row>
<Row>
<업소명>손짜장마을</업소명>
<소재지도로명주소>경기도 김포시 월곶면 김포대로 2996, 1층</소재지도로명주소>
<소재지지번주소>경기도 김포시 월곶면 포내리32-2번지 1층</소재지지번주소>
<전화번호>031-988-0486</전화번호>
<음식유형>중국식</음식유형>
<주된음식>중국요리</주된음식>
<데이터기준일자>2019-02-25</데이터기준일자>
</Row>
<Row>
<업소명>아람손칼국수</업소명>
<소재지도로명주소>경기도 김포시 봉화로167번길 6-9 (감정동)</소재지도로명주소>
<소재지지번주소>경기도 김포시 감정동666번지 감정동</소재지지번주소>
<전화번호>031-992-6824</전화번호>
<음식유형>한식</음식유형>
<주된음식>칼국수</주된음식>
<데이터기준일자>2019-02-25</데이터기준일자>
</Row>
<Row>
<업소명>신선설농탕</업소명>
<소재지도로명주소>경기도 김포시 김포대로 804 (사우동)</소재지도로명주소>
<소재지지번주소>경기도 김포시 사우동121-1번지 우동 사</소재지지번주소>
<전화번호>031-985-3361</전화번호>
<음식유형>한식</음식유형>
<주된음식>설렁탕</주된음식>
<데이터기준일자>2019-02-25</데이터기준일자>
</Row>
<Row>
<업소명>벌말매운탕</업소명>
<소재지도로명주소>경기도 김포시 대곶면 대명항1로28번길 59</소재지도로명주소>
<소재지지번주소>경기도 김포시 대곶면 대명리454번지</소재지지번주소>
<전화번호>031-997-0626</전화번호>
<음식유형>한식</음식유형>
<주된음식>매운탕</주된음식>
<데이터기준일자>2019-02-25</데이터기준일자>
</Row>
<Row>
<업소명>수빈관</업소명>
<소재지도로명주소>경기도 김포시 통진읍 김포대로 2374</소재지도로명주소>
<소재지지번주소>경기도 김포시 통진읍 서암리915-1번지</소재지지번주소>
<전화번호>031-998-9229</전화번호>
<음식유형>중국식</음식유형>
<주된음식>자장면,짬뽕</주된음식>
<데이터기준일자>2019-02-25</데이터기준일자>
</Row>
<Row>
<업소명>갈비성(사우점)</업소명>
<소재지도로명주소>경기도 김포시 돌문로 50, 7층 701호 (사우동, 청운팰리스)</소재지도로명주소>
<소재지지번주소>경기도 김포시 사우동945번지 청운팰리스 7층  701호</소재지지번주소>
<전화번호>031-983-8292</전화번호>
<음식유형>한식</음식유형>
<주된음식>식육(숯불갈비)</주된음식>
<데이터기준일자>2019-02-25</데이터기준일자>
</Row>
<Row>
<업소명>신의주찹쌀순대(김포점)</업소명>
<소재지도로명주소>경기도 김포시 김포대로 839, 111~113호(사우동, 보보스프라자)</소재지도로명주소>
<소재지지번주소>경기도 김포시 사우동923번지 호보보스프라자</소재지지번주소>
<전화번호>031-981-6604</전화번호>
<음식유형>한식</음식유형>
<주된음식>순대국</주된음식>
<데이터기준일자>2019-02-25</데이터기준일자>
</Row>
<Row>
<업소명>아희원</업소명>
<소재지도로명주소>경기도 김포시 유현로 52, 2층 207~209호(풍무동, 프라임빌복합상가)</소재지도로명주소>
<소재지지번주소>경기도 김포시 풍무동532-3번지 호프라임빌복합상가 2층</소재지지번주소>
<전화번호>031-983-6366</전화번호>
<음식유형>중국식</음식유형>
<주된음식>중국요리</주된음식>
<데이터기준일자>2019-02-25</데이터기준일자>
</Row>
<Row>
<업소명>쌈촌</업소명>
<소재지도로명주소>경기도 김포시 사우중로 48, 3층 305.306호</소재지도로명주소>
<소재지지번주소>경기도 김포시 사우동927번지 3층  305306호</소재지지번주소>
<전화번호>031-988-9249</전화번호>
<음식유형>한식</음식유형>
<주된음식>샤브샤브</주된음식>
<데이터기준일자>2019-02-25</데이터기준일자>
</Row>
<Row>
<업소명>천등산농원</업소명>
<소재지도로명주소>경기도 김포시 고촌읍 태리로 72</소재지도로명주소>
<소재지지번주소>경기도 김포시 고촌읍 태리293-17번지</소재지지번주소>
<전화번호>031- 985-9013</전화번호>
<음식유형>한식</음식유형>
<주된음식>장어구이</주된음식>
<데이터기준일자>2019-02-25</데이터기준일자>
</Row>
<Row>
<업소명>갈비성(고촌점)</업소명>
<소재지도로명주소>경기도 김포시 고촌읍 은행영사정로 25, 4층 (필선회관)</소재지도로명주소>
<소재지지번주소>경기도 김포시 고촌읍 신곡리1160번지 필선회관 4층</소재지지번주소>
<전화번호>031 -983 -7799</전화번호>
<음식유형>한식</음식유형>
<주된음식>식육(숯불갈비)</주된음식>
<데이터기준일자>2019-02-25</데이터기준일자>
</Row>
<Row>
<업소명>청기와횟집</업소명>
<소재지도로명주소>경기도 김포시 대곶면 대명항1로92번길 39</소재지도로명주소>
<소재지지번주소>경기도 김포시 대곶면 대명리516-8번지</소재지지번주소>
<전화번호>031- 987-0715</전화번호>
<음식유형>횟집</음식유형>
<주된음식>생선회</주된음식>
<데이터기준일자>2019-02-25</데이터기준일자>
</Row>
<Row>
<업소명>청원흑염소</업소명>
<소재지도로명주소>경기도 김포시 통진읍 월하로503번길 15</소재지도로명주소>
<소재지지번주소>경기도 김포시 통진읍 귀전리532번지</소재지지번주소>
<전화번호>031-996-6386</전화번호>
<음식유형>한식</음식유형>
<주된음식>순대국</주된음식>
<데이터기준일자>2019-02-25</데이터기준일자>
</Row>
<Row>
<업소명>신의주찹쌀순대</업소명>
<소재지도로명주소>경기도 김포시 고촌읍 인향로24번길 90, 101호</소재지도로명주소>
<소재지지번주소>경기도 김포시 고촌읍 신곡리609번지 101호</소재지지번주소>
<전화번호>031-985-9289</전화번호>
<음식유형>한식</음식유형>
<주된음식>순대국</주된음식>
<데이터기준일자>2019-02-25</데이터기준일자>
</Row>
<Row>
<업소명>고창바지락칼국수</업소명>
<소재지도로명주소>경기도 김포시 대곶면 대명항로 247, 1동 1층</소재지도로명주소>
<소재지지번주소>경기도 김포시 대곶면 율생리351-1번지 1동 동1층</소재지지번주소>
<전화번호>031-997-2428</전화번호>
<음식유형>한식</음식유형>
<주된음식>바지락칼국수</주된음식>
<데이터기준일자>2019-02-25</데이터기준일자>
</Row>
<Row>
<업소명>흥부네감자탕장기점</업소명>
<소재지도로명주소>경기도 김포시 김포한강1로78번길 23-11, 1층 101호 (장기동)</소재지도로명주소>
<소재지지번주소>경기도 김포시 장기동1391번지 장기동 1층  101호</소재지지번주소>
<전화번호>031-984-0230</전화번호>
<음식유형>한식</음식유형>
<주된음식>감자탕</주된음식>
<데이터기준일자>2019-02-25</데이터기준일자>
</Row>
<Row>
<업소명>채선당(통진점)</업소명>
<소재지도로명주소>경기도 김포시 통진읍 김포대로 2322</소재지도로명주소>
<소재지지번주소>경기도 김포시 통진읍 마송리159-23번지</소재지지번주소>
<전화번호>031-985-9897</전화번호>
<음식유형>한식</음식유형>
<주된음식>샤브샤브</주된음식>
<데이터기준일자>2019-02-25</데이터기준일자>
</Row>
<Row>
<업소명>돈까스클럽 김포강화점</업소명>
<소재지도로명주소>경기도 김포시 대곶면 대명항로 306</소재지도로명주소>
<소재지지번주소>경기도 김포시 대곶면 율생리343번지</소재지지번주소>
<전화번호>031-997-3396</전화번호>
<음식유형>경양식</음식유형>
<주된음식>돈까스</주된음식>
<데이터기준일자>2019-02-25</데이터기준일자>
</Row>
<Row>
<업소명>착한낙지</업소명>
<소재지도로명주소>경기도 김포시 승가로 11 (풍무동)</소재지도로명주소>
<소재지지번주소>경기도 김포시 풍무동115-6번지 풍무동</소재지지번주소>
<전화번호>031-998-3344</전화번호>
<음식유형>한식</음식유형>
<주된음식>낙지요리</주된음식>
<데이터기준일자>2019-02-25</데이터기준일자>
</Row>
<Row>
<업소명>장수촌</업소명>
<소재지도로명주소>경기도 김포시 양촌읍 김포한강4로265번길 15, 가동</소재지도로명주소>
<소재지지번주소>경기도 김포시 양촌읍 석모리334번지 가동</소재지지번주소>
<전화번호>031-996-5501</전화번호>
<음식유형>한식</음식유형>
<주된음식>백숙</주된음식>
<데이터기준일자>2019-02-25</데이터기준일자>
</Row>
<Row>
<업소명>강남동태탕찜</업소명>
<소재지도로명주소>경기도 김포시 양촌읍 양곡3로1번길 109-4, 1층</소재지도로명주소>
<소재지지번주소>경기도 김포시 양촌읍 양곡리1312-2번지 1층</소재지지번주소>
<전화번호>031-996-1088</전화번호>
<음식유형>한식</음식유형>
<주된음식>동태탕</주된음식>
<데이터기준일자>2019-02-25</데이터기준일자>
</Row>
<Row>
<업소명>상천장어성</업소명>
<소재지도로명주소>경기도 김포시 통진읍 도이곶로 2-14, 1,2층</소재지도로명주소>
<소재지지번주소>경기도 김포시 통진읍 도사리480-1번지 1호 2층</소재지지번주소>
<전화번호>031-988-5555</전화번호>
<음식유형>한식</음식유형>
<주된음식>장어구이</주된음식>
<데이터기준일자>2019-02-25</데이터기준일자>
</Row>
<Row>
<업소명>태백물닭갈비</업소명>
<소재지도로명주소>경기도 김포시 풍무로96번길 11, B동 2층 (풍무동, 한양프라자)</소재지도로명주소>
<소재지지번주소>경기도 김포시 풍무동405-2번지 한양프라자 B동 2층</소재지지번주소>
<전화번호>031-987-4595</전화번호>
<음식유형>한식</음식유형>
<주된음식>식육(닭갈비)</주된음식>
<데이터기준일자>2019-02-25</데이터기준일자>
</Row>
<Row>
<업소명>갈비명가</업소명>
<소재지도로명주소>경기도 김포시 걸포2로 1, 3층 303, 304호</소재지도로명주소>
<소재지지번주소>경기도 김포시 걸포동1563-4번지 3층  303 304호</소재지지번주소>
<전화번호>031-989-3929</전화번호>
<음식유형>한식</음식유형>
<주된음식>식육(돼지갈비)</주된음식>
<데이터기준일자>2019-02-25</데이터기준일자>
</Row>
<Row>
<업소명>월하철렵탕</업소명>
<소재지도로명주소>경기도 김포시 월곶면 월하로 10</소재지도로명주소>
<소재지지번주소>경기도 김포시 월곶면 갈산리372-4번지</소재지지번주소>
<전화번호>031-989-7672</전화번호>
<음식유형>한식</음식유형>
<주된음식>철렵탕</주된음식>
<데이터기준일자>2019-02-25</데이터기준일자>
</Row>
<Row>
<업소명>놀부부대찌개&amp;철판구이</업소명>
<소재지도로명주소>경기도 김포시 양촌읍 황금로109번길 27, 119,120호</소재지도로명주소>
<소재지지번주소>경기도 김포시 양촌읍 학운리2987번지 119 120호</소재지지번주소>
<전화번호>031-989-4455</전화번호>
<음식유형>한식</음식유형>
<주된음식>부대찌개</주된음식>
<데이터기준일자>2019-02-25</데이터기준일자>
</Row>
<Row>
<업소명>고촌해물전골전문점</업소명>
<소재지도로명주소>경기도 김포시 고촌읍 태리로 41, 1층</소재지도로명주소>
<소재지지번주소>경기도 김포시 고촌읍 태리287-1번지 1층</소재지지번주소>
<전화번호>031-984-4388</전화번호>
<음식유형>한식</음식유형>
<주된음식>해물요리</주된음식>
<데이터기준일자>2019-02-25</데이터기준일자>
</Row>
<Row>
<업소명>아리랑한정식</업소명>
<소재지도로명주소>경기도 김포시 대곶면 대명항로 574, 나,다동 1층</소재지도로명주소>
<소재지지번주소>경기도 김포시 대곶면 대명리376-1번지 다동 1층</소재지지번주소>
<전화번호>031-997-6115</전화번호>
<음식유형>한식</음식유형>
<주된음식>한정식</주된음식>
<데이터기준일자>2019-02-25</데이터기준일자>
</Row>
<Row>
<업소명>어우리설농탕</업소명>
<소재지도로명주소>경기도 김포시 통진읍 조강로 28, 1,2층</소재지도로명주소>
<소재지지번주소>경기도 김포시 통진읍 서암리716-1번지 1호 2층</소재지지번주소>
<전화번호>031-987-1155</전화번호>
<음식유형>한식</음식유형>
<주된음식>설렁탕</주된음식>
<데이터기준일자>2019-02-25</데이터기준일자>
</Row>
<Row>
<업소명>막퍼주는푸줏간</업소명>
<소재지도로명주소>경기도 김포시 고촌읍 은행영사정로 9, 1층</소재지도로명주소>
<소재지지번주소>경기도 김포시 고촌읍 신곡리1083번지 1층</소재지지번주소>
<전화번호>031-985-5302</전화번호>
<음식유형>한식</음식유형>
<주된음식>식육(숯불구이)</주된음식>
<데이터기준일자>2019-02-25</데이터기준일자>
</Row>
<Row>
<업소명>주막보리밥</업소명>
<소재지도로명주소>경기도 김포시 대곶면 대명항로 308, 1층</소재지도로명주소>
<소재지지번주소>경기도 김포시 대곶면 율생리340-5번지 1층</소재지지번주소>
<전화번호>031-989-5694</전화번호>
<음식유형>한식</음식유형>
<주된음식>보리밥</주된음식>
<데이터기준일자>2019-02-25</데이터기준일자>
</Row>
<Row>
<업소명>다소</업소명>
<소재지도로명주소>경기도 김포시 통진읍 서암고정로 62, 1층</소재지도로명주소>
<소재지지번주소>경기도 김포시 통진읍 도사리246-3번지 1층</소재지지번주소>
<전화번호>031-997-7802</전화번호>
<음식유형>경양식</음식유형>
<주된음식>스테이크</주된음식>
<데이터기준일자>2019-02-25</데이터기준일자>
</Row>
<Row>
<업소명>이촌옥2nd홍가푸드</업소명>
<소재지도로명주소>경기도 김포시 초당로16번길 102-5, 1층 102~105호 (장기동)</소재지도로명주소>
<소재지지번주소>경기도 김포시 장기동2054-2번지 호장기동 1층</소재지지번주소>
<전화번호>031-986-9998</전화번호>
<음식유형>한식</음식유형>
<주된음식>불고기</주된음식>
<데이터기준일자>2019-02-25</데이터기준일자>
</Row>
<Row>
<업소명>곤지암할매소머리국밥</업소명>
<소재지도로명주소>경기도 김포시 걸포로192번길 21, 1층 (운양동)</소재지도로명주소>
<소재지지번주소>경기도 김포시 운양동19-10번지 운양동 1층</소재지지번주소>
<전화번호>031-982-0200</전화번호>
<음식유형>한식</음식유형>
<주된음식>소머리국밥</주된음식>
<데이터기준일자>2019-02-25</데이터기준일자>
</Row>
<Row>
<업소명>돼지집210</업소명>
<소재지도로명주소>경기도 김포시 김포한강11로140번길 15-2, 1층 (운양동)</소재지도로명주소>
<소재지지번주소>경기도 김포시 운양동1414-8번지 운양동 1층</소재지지번주소>
<전화번호>031-987-9492</전화번호>
<음식유형>한식</음식유형>
<주된음식>삼겹살</주된음식>
<데이터기준일자>2019-02-25</데이터기준일자>
</Row>
<Row>
<업소명>엔젤스데이</업소명>
<소재지도로명주소>경기도 김포시 김포한강4로 113, 12층</소재지도로명주소>
<소재지지번주소>경기도 김포시 장기동1610번지 12층</소재지지번주소>
<전화번호>031-985-4005</전화번호>
<음식유형>뷔페</음식유형>
<주된음식>뷔페</주된음식>
<데이터기준일자>2019-02-25</데이터기준일자>
</Row>
<Row>
<업소명>김포원마산아구찜</업소명>
<소재지도로명주소>경기도 김포시 김포한강11로 288-27, 305-1호</소재지도로명주소>
<소재지지번주소>경기도 김포시 운양동1297-7번지 305-1호</소재지지번주소>
<전화번호>031-997-3200</전화번호>
<음식유형>한식</음식유형>
<주된음식>아구찜</주된음식>
<데이터기준일자>2019-02-25</데이터기준일자>
</Row>
<Row>
<업소명>조선화로집 김포양곡점</업소명>
<소재지도로명주소>경기도 김포시 양촌읍 양곡2로 50 (아름터프라자 201.202.202-1,203호)</소재지도로명주소>
<소재지지번주소>경기도 김포시 양촌읍 양곡리1305-4번지 아름터프라자 201202202동 -1 203호</소재지지번주소>
<전화번호>031-998-0002</전화번호>
<음식유형>한식</음식유형>
<주된음식>소,돼지 구이</주된음식>
<데이터기준일자>2019-02-25</데이터기준일자>
</Row>
<Row>
<업소명>고창풍천민물장어</업소명>
<소재지도로명주소>경기도 김포시 김포한강11로438번길 200-9 (운양동)</소재지도로명주소>
<소재지지번주소>경기도 김포시 운양동5126-2번지 운양동</소재지지번주소>
<전화번호>031-997-5339</전화번호>
<음식유형>한식</음식유형>
<주된음식>장어구이</주된음식>
<데이터기준일자>2019-02-25</데이터기준일자>
</Row>
<Row>
<업소명>우래정 김포한우마을</업소명>
<소재지도로명주소>경기도 김포시 대곶면 대곶남로 454, 1층</소재지도로명주소>
<소재지지번주소>경기도 김포시 대곶면 대능리345번지 1층</소재지지번주소>
<전화번호>031-987-9258</전화번호>
<음식유형>한식</음식유형>
<주된음식>식육(숯불구이)</주된음식>
<데이터기준일자>2019-02-25</데이터기준일자>
</Row>
<Row>
<업소명>전주콩나물국밥</업소명>
<소재지도로명주소>경기도 김포시 돌문로 1-12 (사우동)</소재지도로명주소>
<소재지지번주소>경기도 김포시 사우동325-5번지 우동 사</소재지지번주소>
<전화번호>031-988-7202</전화번호>
<음식유형>한식</음식유형>
<주된음식>콩나물국밥</주된음식>
<데이터기준일자>2019-02-25</데이터기준일자>
</Row>
<Row>
<업소명>남도애꽃 (김포점)</업소명>
<소재지도로명주소>경기도 김포시 김포대로 1533, 가동 2층 (장기동)</소재지도로명주소>
<소재지지번주소>경기도 김포시 장기동15-7번지 장기동 가동 2층</소재지지번주소>
<전화번호>031-984-4440</전화번호>
<음식유형>한식</음식유형>
<주된음식>보리굴비</주된음식>
<데이터기준일자>2019-02-25</데이터기준일자>
</Row>
<Row>
<업소명>피자쏘렌토</업소명>
<소재지도로명주소>경기도 김포시 김포한강11로438번길 200-9, 2층 (운양동)</소재지도로명주소>
<소재지지번주소>경기도 김포시 운양동5126-2번지 운양동 2층</소재지지번주소>
<전화번호>031-982-1240</전화번호>
<음식유형>양식</음식유형>
<주된음식>피자,스파게티</주된음식>
<데이터기준일자>2019-02-25</데이터기준일자>
</Row>
<Row>
<업소명>아라회</업소명>
<소재지도로명주소>경기도 김포시 김포한강9로12번길 97-22 (구래동)</소재지도로명주소>
<소재지지번주소>경기도 김포시 구래동6889-13번지 구래동</소재지지번주소>
<전화번호>031-981-8588</전화번호>
<음식유형>일식</음식유형>
<주된음식>생선회</주된음식>
<데이터기준일자>2019-02-25</데이터기준일자>
</Row>
<Row>
<업소명>뱀부포레스트(BAMBOO Forest)</업소명>
<소재지도로명주소>경기도 김포시 하성면 월하로 977-28</소재지도로명주소>
<소재지지번주소>경기도 김포시 하성면 전류리15-8번지</소재지지번주소>
<전화번호>031-997-7001</전화번호>
<음식유형>경양식</음식유형>
<주된음식>피자,스파게티</주된음식>
<데이터기준일자>2019-02-25</데이터기준일자>
</Row>
<Row>
<업소명>한강삼계탕</업소명>
<소재지도로명주소>경기도 김포시 김포한강11로 438, 1,2층 (운양동)</소재지도로명주소>
<소재지지번주소>경기도 김포시 운양동1264-1번지 운양동 1호 2층</소재지지번주소>
<전화번호>031-983-1190</전화번호>
<음식유형>한식</음식유형>
<주된음식>삼계탕</주된음식>
<데이터기준일자>2019-02-25</데이터기준일자>
</Row>
<Row>
<업소명>본가 김포장기점</업소명>
<소재지도로명주소>경기도 김포시 양촌읍 모산로 1-7 (1,2층)</소재지도로명주소>
<소재지지번주소>경기도 김포시 양촌읍 석모리359-2번지 1호 2층</소재지지번주소>
<전화번호>031-989-1065</전화번호>
<음식유형>한식</음식유형>
<주된음식>식육(숯불구이)</주된음식>
<데이터기준일자>2019-02-25</데이터기준일자>
</Row>
<Row>
<업소명>감미옥</업소명>
<소재지도로명주소>경기도 김포시 양촌읍 황금로110번길 2, 가동 1층</소재지도로명주소>
<소재지지번주소>경기도 김포시 양촌읍 학운리2773번지 가동 1층</소재지지번주소>
<전화번호>031-997-7887</전화번호>
<음식유형>한식</음식유형>
<주된음식>설렁탕</주된음식>
<데이터기준일자>2019-02-25</데이터기준일자>
</Row>
<Row>
<업소명>안동장터소고기국밥(김포대곶점)</업소명>
<소재지도로명주소>경기도 김포시 대곶면 대명항로 370</소재지도로명주소>
<소재지지번주소>경기도 김포시 대곶면 율생리603번지</소재지지번주소>
<전화번호>031-988-6655</전화번호>
<음식유형>한식</음식유형>
<주된음식>국밥</주된음식>
<데이터기준일자>2019-02-25</데이터기준일자>
</Row>
<Row>
<업소명>이화수전통육개장김포장기점</업소명>
<소재지도로명주소>경기도 김포시 김포한강2로104번길 55, 1동 1층 (장기동)</소재지도로명주소>
<소재지지번주소>경기도 김포시 장기동2036-7번지 장기동 1동 동1층</소재지지번주소>
<전화번호>031-981-6979</전화번호>
<음식유형>한식</음식유형>
<주된음식>육개장</주된음식>
<데이터기준일자>2019-02-25</데이터기준일자>
</Row>
<Row>
<업소명>청궁맛집</업소명>
<소재지도로명주소>경기도 김포시 김포한강11로 310, 205호 (운양동, 리앤포레)</소재지도로명주소>
<소재지지번주소>경기도 김포시 운양동1297-6번지 리앤포레 205호</소재지지번주소>
<전화번호>031-988-1009</전화번호>
<음식유형>한식</음식유형>
<주된음식>불고기</주된음식>
<데이터기준일자>2019-02-25</데이터기준일자>
</Row>
<Row>
<업소명>기절초풍생고기</업소명>
<소재지도로명주소>경기도 김포시 김포한강9로76번길 63, 204호</소재지도로명주소>
<소재지지번주소>경기도 김포시 구래동6883-2번지 204호</소재지지번주소>
<전화번호>031-982-6400</전화번호>
<음식유형>한식</음식유형>
<주된음식>생삼겹살</주된음식>
<데이터기준일자>2019-02-25</데이터기준일자>
</Row>
<Row>
<업소명>진흥관</업소명>
<소재지도로명주소>경기도 김포시 양촌읍 석모로 57, 1층</소재지도로명주소>
<소재지지번주소>경기도 김포시 양촌읍 석모리1191번지 1층</소재지지번주소>
<전화번호>031-984-9911</전화번호>
<음식유형>중국식</음식유형>
<주된음식>중국요리</주된음식>
<데이터기준일자>2019-02-25</데이터기준일자>
</Row>
<Row>
<업소명>김포G가든</업소명>
<소재지도로명주소>경기도 김포시 월곶면 김포대로 2994 (1층, 2층)</소재지도로명주소>
<소재지지번주소>경기도 김포시 월곶면 포내리37-5번지 1층  2층</소재지지번주소>
<전화번호>031-984-8814</전화번호>
<음식유형>한식</음식유형>
<주된음식>식육(숯불갈비)</주된음식>
<데이터기준일자>2019-02-25</데이터기준일자>
</Row>
<Row>
<업소명>영사정민물장어직판장</업소명>
<소재지도로명주소>경기도 김포시 고촌읍 금포로 301, 2층</소재지도로명주소>
<소재지지번주소>경기도 김포시 고촌읍 신곡리96-1번지 2층</소재지지번주소>
<전화번호>031-997-0592</전화번호>
<음식유형>한식</음식유형>
<주된음식>장어구이</주된음식>
<데이터기준일자>2019-02-25</데이터기준일자>
</Row>
<Row>
<업소명>동주뷔페식당</업소명>
<소재지도로명주소>경기도 김포시 대곶면 대곶남로 583, 1층</소재지도로명주소>
<소재지지번주소>경기도 김포시 대곶면 대능리54-2번지 1층</소재지지번주소>
<전화번호>031-981-1008</전화번호>
<음식유형>한식</음식유형>
<주된음식>백반</주된음식>
<데이터기준일자>2019-02-25</데이터기준일자>
</Row>
<Row>
<업소명>착한돼지 김포구래점</업소명>
<소재지도로명주소>경기도 김포시 김포한강9로76번길 21, 202호</소재지도로명주소>
<소재지지번주소>경기도 김포시 구래동6883-11번지 202호</소재지지번주소>
<전화번호>031-987-5823</전화번호>
<음식유형>부페</음식유형>
<주된음식>고기부페</주된음식>
<데이터기준일자>2019-02-25</데이터기준일자>
</Row>
<Row>
<업소명>공유짬뽕</업소명>
<소재지도로명주소>경기도 김포시 감정동 571</소재지도로명주소>
<소재지지번주소>경기도 김포시 감정동571번지</소재지지번주소>
<전화번호>031-998-9505</전화번호>
<음식유형>중국식</음식유형>
<주된음식>짬뽕</주된음식>
<데이터기준일자>2019-02-25</데이터기준일자>
</Row>
<Row>
<업소명>놀부보쌈&amp;부대찌개</업소명>
<소재지도로명주소>경기도 김포시 김포한강9로 80, 204,205호</소재지도로명주소>
<소재지지번주소>경기도 김포시 구래동6883-8번지 204 205호</소재지지번주소>
<전화번호>031-988-9937</전화번호>
<음식유형>한식</음식유형>
<주된음식>부대찌개</주된음식>
<데이터기준일자>2019-02-25</데이터기준일자>
</Row>
<Row>
<업소명>메이찬</업소명>
<소재지도로명주소>경기도 김포시 통진읍 김포대로 2226</소재지도로명주소>
<소재지지번주소>경기도 김포시 통진읍 마송리104-89번지</소재지지번주소>
<전화번호>031-988-7800</전화번호>
<음식유형>중국식</음식유형>
<주된음식>짬뽕</주된음식>
<데이터기준일자>2019-02-25</데이터기준일자>
</Row>
<Row>
<업소명>서민구이</업소명>
<소재지도로명주소>경기도 김포시 김포한강9로 80, 2층 209,210,211호 (구래동)</소재지도로명주소>
<소재지지번주소>경기도 김포시 구래동6883-8번지 구래동 2층  209 210 211호</소재지지번주소>
<전화번호>031-989-4192</전화번호>
<음식유형>한식</음식유형>
<주된음식>식육</주된음식>
<데이터기준일자>2019-02-25</데이터기준일자>
</Row>
<Row>
<업소명>활싱싱초밥(본점)</업소명>
<소재지도로명주소>경기도 김포시 김포한강9로76번길 11, 2층 201호</소재지도로명주소>
<소재지지번주소>경기도 김포시 구래동6883-10번지 2층  201호</소재지지번주소>
<전화번호>070-7302-8949</전화번호>
<음식유형>일식</음식유형>
<주된음식>초밥</주된음식>
<데이터기준일자>2019-02-25</데이터기준일자>
</Row>
<Row>
<업소명>동방양꼬치</업소명>
<소재지도로명주소>경기도 김포시 김포한강9로76번길 11, 2층 202호</소재지도로명주소>
<소재지지번주소>경기도 김포시 구래동6883-10번지 2층  202호</소재지지번주소>
<전화번호>031-985-7123</전화번호>
<음식유형>한식</음식유형>
<주된음식>양꼬치구이</주된음식>
<데이터기준일자>2019-02-25</데이터기준일자>
</Row>
<Row>
<업소명>고향옥얼큰순대국구래점</업소명>
<소재지도로명주소>경기도 김포시 김포한강9로76번길 11, 1층 101,102호 (구래동, 프라임시티)</소재지도로명주소>
<소재지지번주소>경기도 김포시 구래동6883-10번지 프라임시티 1층  101 102호</소재지지번주소>
<전화번호>031-986-7779</전화번호>
<음식유형>한식</음식유형>
<주된음식>순대국</주된음식>
<데이터기준일자>2019-02-25</데이터기준일자>
</Row>
<Row>
<업소명>청기와감자탕</업소명>
<소재지도로명주소>경기도 김포시 김포한강9로115번길 8-3, 1층 (구래동)</소재지도로명주소>
<소재지지번주소>경기도 김포시 구래동6918-17번지 구래동 1층</소재지지번주소>
<전화번호>031-998-1112</전화번호>
<음식유형>한식</음식유형>
<주된음식>감자탕</주된음식>
<데이터기준일자>2019-02-25</데이터기준일자>
</Row>
<Row>
<업소명>(주)정강푸드 수세이로무시</업소명>
<소재지도로명주소>경기도 김포시 김포한강9로76번길 63, 2층 203호 (구래동)</소재지도로명주소>
<소재지지번주소>경기도 김포시 구래동6883-2번지 구래동 2층  203호</소재지지번주소>
<전화번호>031-982-3977</전화번호>
<음식유형>일식</음식유형>
<주된음식>찜요리</주된음식>
<데이터기준일자>2019-02-25</데이터기준일자>
</Row>
<Row>
<업소명>풍년촌감자탕</업소명>
<소재지도로명주소>경기도 김포시 고촌읍 아라육로182번길 50, 국민차매매단지공항점 B동 104호</소재지도로명주소>
<소재지지번주소>경기도 김포시 고촌읍 전호리683번지 국민차매매단지 공항점 B동 104호</소재지지번주소>
<전화번호>031-8092-4869</전화번호>
<음식유형>한식</음식유형>
<주된음식>감자탕</주된음식>
<데이터기준일자>2019-02-25</데이터기준일자>
</Row>
<Row>
<업소명>준차이나</업소명>
<소재지도로명주소>경기도 김포시 김포한강9로76번길 11, 306호 (구래동)</소재지도로명주소>
<소재지지번주소>경기도 김포시 구래동6883-10번지 구래동 306호</소재지지번주소>
<전화번호>031-998-7234</전화번호>
<음식유형>중식</음식유형>
<주된음식>짬뽕</주된음식>
<데이터기준일자>2019-02-25</데이터기준일자>
</Row>
<Row>
<업소명>대박풍천장어</업소명>
<소재지도로명주소>경기도 김포시 대곶면 대명항로 392</소재지도로명주소>
<소재지지번주소>경기도 김포시 대곶면 율생리579-1번지</소재지지번주소>
<전화번호>031-983-7376</전화번호>
<음식유형>한식</음식유형>
<주된음식>장어구이</주된음식>
<데이터기준일자>2019-02-25</데이터기준일자>
</Row>
<Row>
<업소명>어전회초밥</업소명>
<소재지도로명주소>경기도 김포시 김포한강11로331번길 137, 1층 (운양동)</소재지도로명주소>
<소재지지번주소>경기도 김포시 운양동707-3번지 운양동 1층</소재지지번주소>
<전화번호>031-998-5155</전화번호>
<음식유형>중국식</음식유형>
<주된음식>중국요리</주된음식>
<데이터기준일자>2019-02-25</데이터기준일자>
</Row>
<Row>
<업소명>명태어가</업소명>
<소재지도로명주소>경기도 김포시 풍무로146번길 32,동방프라자 2층 203호 (풍무동)</소재지도로명주소>
<소재지지번주소>경기도 김포시 풍무동187-2번지 동방프라자 2층  203호 풍무동</소재지지번주소>
<전화번호>031-987-0714</전화번호>
<음식유형>한식</음식유형>
<주된음식>명태조림</주된음식>
<데이터기준일자>2019-02-25</데이터기준일자>
</Row>
<Row>
<업소명>꼬불꼬불쭈꾸미</업소명>
<소재지도로명주소>경기도 김포시 풍무2로 11, 삼성프라자 2층 202호 (풍무동)</소재지도로명주소>
<소재지지번주소>경기도 김포시 풍무동189-3번지 삼성프라자 2층  202호 풍무동</소재지지번주소>
<전화번호>031-983-8944</전화번호>
<음식유형>한식</음식유형>
<주된음식>쭈꾸미 볶음</주된음식>
<데이터기준일자>2019-02-25</데이터기준일자>
</Row>
<Row>
<업소명>본가진갈비</업소명>
<소재지도로명주소>경기도 김포시 승가로 85, 1층 (풍무동)</소재지도로명주소>
<소재지지번주소>경기도 김포시 풍무동675-137번지 풍무동 1층</소재지지번주소>
<전화번호>031-981-3392</전화번호>
<음식유형>한식</음식유형>
<주된음식>갈비,오리구이</주된음식>
<데이터기준일자>2019-02-25</데이터기준일자>
</Row>
<Row>
<업소명>신통큰짬뽕</업소명>
<소재지도로명주소>경기도 김포시 대곶면 대명항로 461</소재지도로명주소>
<소재지지번주소>경기도 김포시 대곶면 송마리1001-3번지</소재지지번주소>
<전화번호>031-988-3801</전화번호>
<음식유형>일식</음식유형>
<주된음식>참치회</주된음식>
<데이터기준일자>2019-02-25</데이터기준일자>
</Row>
<Row>
<업소명>상차이김포점</업소명>
<소재지도로명주소>경기도 김포시 양촌읍 봉수대로 1850-122, 1,2층</소재지도로명주소>
<소재지지번주소>경기도 김포시 양촌읍 구래리690-1번지 1호 2층</소재지지번주소>
<전화번호>031-988-1359</전화번호>
<음식유형>중식</음식유형>
<주된음식>짬뽕/짜장면</주된음식>
<데이터기준일자>2019-02-25</데이터기준일자>
</Row>
<Row>
<업소명>순남시래기(김포시청점)</업소명>
<소재지도로명주소>경기도 김포시 돌문로 43, 1층 (사우동)</소재지도로명주소>
<소재지지번주소>경기도 김포시 사우동237-2번지 사우동 1층</소재지지번주소>
<전화번호>031-987-3987</전화번호>
<음식유형>한식</음식유형>
<주된음식>시래기국</주된음식>
<데이터기준일자>2019-02-25</데이터기준일자>
</Row>
<Row>
<업소명>참장어</업소명>
<소재지도로명주소>경기도 김포시 대곶면 약암로 859, 1층</소재지도로명주소>
<소재지지번주소>경기도 김포시 대곶면 약암리1330번지 1층</소재지지번주소>
<전화번호>031-988-6464</전화번호>
<음식유형>한식</음식유형>
<주된음식>장어구이</주된음식>
<데이터기준일자>2019-02-25</데이터기준일자>
</Row>
<Row>
<업소명>혼마구로</업소명>
<소재지도로명주소>경기도 김포시 김포한강9로75번길 180, 2층 212호</소재지도로명주소>
<소재지지번주소>경기도 김포시 구래동6882-4번지 2층  212호</소재지지번주소>
<전화번호>031-981-3788</전화번호>
<음식유형>일식</음식유형>
<주된음식>참치회</주된음식>
<데이터기준일자>2019-02-25</데이터기준일자>
</Row>
</root>
