<?xml version="1.0" encoding="UTF-8"?>
<root>
<header>
<header>연번</header>
<header>업종</header>
<header>업소명</header>
<header>소재지_도로명_</header>
<header>우편번호_도로명_</header>
<header>소재지_지번_</header>
<header>소재지전화번호</header>
<header>음식의유형</header>
<header>행정동</header>
</header>
<Row>
<연번>1</연번>
<업종>일반음식점</업종>
<업소명>작동오리불고기</업소명>
<소재지_도로명_>경기도 부천시 역곡로344번길 16 (작동)</소재지_도로명_>
<우편번호_도로명_>14476</우편번호_도로명_>
<소재지_지번_>부천시 작동 126 - 10</소재지_지번_>
<소재지전화번호>032-681-5292</소재지전화번호>
<음식의유형>한식</음식의유형>
<행정동>성곡동</행정동>
</Row>
<Row>
<연번>2</연번>
<업종>일반음식점</업종>
<업소명>산마루촌</업소명>
<소재지_도로명_>경기도 부천시 여월로 212 (작동, ,여월로 214 )</소재지_도로명_>
<우편번호_도로명_>14477</우편번호_도로명_>
<소재지_지번_>부천시 작동 149 - 1 ,149-3</소재지_지번_>
<소재지전화번호>032-676-5252</소재지전화번호>
<음식의유형>한식</음식의유형>
<행정동>성곡동</행정동>
</Row>
<Row>
<연번>3</연번>
<업종>일반음식점</업종>
<업소명>경도복집</업소명>
<소재지_도로명_>경기도 부천시 역곡로284번길 5 (작동)</소재지_도로명_>
<우편번호_도로명_>14477</우편번호_도로명_>
<소재지_지번_>부천시 작동 202 - 6</소재지_지번_>
<소재지전화번호>032-678-1090</소재지전화번호>
<음식의유형>일식</음식의유형>
<행정동>성곡동</행정동>
</Row>
<Row>
<연번>4</연번>
<업종>일반음식점</업종>
<업소명>오리하우스</업소명>
<소재지_도로명_>경기도 부천시 역곡로344번길 14 (작동)</소재지_도로명_>
<우편번호_도로명_>14476</우편번호_도로명_>
<소재지_지번_>부천시 작동 125 - 7</소재지_지번_>
<소재지전화번호>032-684-5210</소재지전화번호>
<음식의유형>한식</음식의유형>
<행정동>성곡동</행정동>
</Row>
<Row>
<연번>5</연번>
<업종>일반음식점</업종>
<업소명>잔치마을</업소명>
<소재지_도로명_>경기도 부천시 까치로 86 (작동, 1층전체)</소재지_도로명_>
<우편번호_도로명_>14475</우편번호_도로명_>
<소재지_지번_>부천시 작동 71 - 5 1층전체</소재지_지번_>
<소재지전화번호>032-671-0715</소재지전화번호>
<음식의유형>한식</음식의유형>
<행정동>성곡동</행정동>
</Row>
<Row>
<연번>6</연번>
<업종>일반음식점</업종>
<업소명>외정황토못메기(부천점)</업소명>
<소재지_도로명_>경기도 부천시 역곡로344번길 92 (작동,1층)</소재지_도로명_>
<우편번호_도로명_>14476</우편번호_도로명_>
<소재지_지번_>부천시 작동 158 1층</소재지_지번_>
<소재지전화번호>032-678-0333</소재지전화번호>
<음식의유형>한식</음식의유형>
<행정동>성곡동</행정동>
</Row>
<Row>
<연번>7</연번>
<업종>일반음식점</업종>
<업소명>꽃마름</업소명>
<소재지_도로명_>경기도 부천시 소사로 680 (작동, 주건축물제1동 5층)</소재지_도로명_>
<우편번호_도로명_>14474</우편번호_도로명_>
<소재지_지번_>부천시 작동 63 - 7 주건축물제1동 5층</소재지_지번_>
<소재지전화번호>032-677-3977</소재지전화번호>
<음식의유형>한식</음식의유형>
<행정동>성곡동</행정동>
</Row>
<Row>
<연번>8</연번>
<업종>일반음식점</업종>
<업소명>정가네만두샤브</업소명>
<소재지_도로명_>경기도 부천시 까치로74번길 37 (작동, 지상2,3층)</소재지_도로명_>
<우편번호_도로명_>14471</우편번호_도로명_>
<소재지_지번_>부천시 작동 111 - 12 ,지상2,3층</소재지_지번_>
<소재지전화번호>032-678-2518</소재지전화번호>
<음식의유형>한식</음식의유형>
<행정동>성곡동</행정동>
</Row>
<Row>
<연번>9</연번>
<업종>일반음식점</업종>
<업소명>대추골</업소명>
<소재지_도로명_>경기도 부천시 성골로 65 (여월동, 2층전체)</소재지_도로명_>
<우편번호_도로명_>14485</우편번호_도로명_>
<소재지_지번_>부천시 여월동 62 - 21 2층전체</소재지_지번_>
<소재지전화번호>032-684-8855</소재지전화번호>
<음식의유형>한식</음식의유형>
<행정동>성곡동</행정동>
</Row>
</root>
