<?xml version="1.0" encoding="UTF-8"?>
<root>
<header>
<header>연번</header>
<header>상호명</header>
<header>소재지</header>
<header>주음식</header>
<header>연락처</header>
<header>데이터기준일자</header>
</header>
<Row>
<연번>1</연번>
<상호명>백제장</상호명>
<소재지>경기도 광주시 남한산성면 남한산성로780번길 3</소재지>
<주음식>한정식. 고기류</주음식>
<연락처>031-746-4296</연락처>
<데이터기준일자>2019-05-03</데이터기준일자>
</Row>
<Row>
<연번>2</연번>
<상호명>피자알볼로 경기광주점</상호명>
<소재지>경기도 광주시 중앙로 184 (송정동)</소재지>
<주음식>피자</주음식>
<연락처>031-762-8495</연락처>
<데이터기준일자>2019-05-03</데이터기준일자>
</Row>
<Row>
<연번>3</연번>
<상호명>재넘어주막</상호명>
<소재지>경기도 광주시 남한산성면 남한산성로 755</소재지>
<주음식>백숙</주음식>
<연락처>031-748-3405</연락처>
<데이터기준일자>2019-05-03</데이터기준일자>
</Row>
<Row>
<연번>4</연번>
<상호명>궁평식당</상호명>
<소재지>경기도 광주시 도척면 도척윗로 188</소재지>
<주음식>고기류</주음식>
<연락처>031-761-3190</연락처>
<데이터기준일자>2019-05-03</데이터기준일자>
</Row>
<Row>
<연번>5</연번>
<상호명>유대감집</상호명>
<소재지>경기도 광주시 남종면 산수로 1623</소재지>
<주음식>붕어찜</주음식>
<연락처>031-767-8592</연락처>
<데이터기준일자>2019-05-03</데이터기준일자>
</Row>
<Row>
<연번>6</연번>
<상호명>하루방가든</상호명>
<소재지>경기도 광주시 삼지곡길 54-16 (삼동)</소재지>
<주음식>갈치백반</주음식>
<연락처>031-762-8721</연락처>
<데이터기준일자>2019-05-03</데이터기준일자>
</Row>
<Row>
<연번>7</연번>
<상호명>석산정</상호명>
<소재지>경기도 광주시 남한산성면 남한산성로780번길 8</소재지>
<주음식>한정식</주음식>
<연락처>031-749-0518</연락처>
<데이터기준일자>2019-05-03</데이터기준일자>
</Row>
<Row>
<연번>8</연번>
<상호명>사마루오리탕집</상호명>
<소재지>경기도 광주시 초월읍 산수로 760 (,6)</소재지>
<주음식>오리탕</주음식>
<연락처>031-762-2375</연락처>
<데이터기준일자>2019-05-03</데이터기준일자>
</Row>
<Row>
<연번>9</연번>
<상호명>예전</상호명>
<소재지>경기도 광주시 퇴촌면 천진암로 515-14 (,5)</소재지>
<주음식>한정식</주음식>
<연락처>031-767-0242</연락처>
<데이터기준일자>2019-05-03</데이터기준일자>
</Row>
<Row>
<연번>10</연번>
<상호명>란이네집</상호명>
<소재지>경기도 광주시 곤지암읍 광여로 87 (외1필지(93-1))</소재지>
<주음식>고기류</주음식>
<연락처>031-798-6598</연락처>
<데이터기준일자>2019-05-03</데이터기준일자>
</Row>
<Row>
<연번>11</연번>
<상호명>동서소머리국밥집</상호명>
<소재지>경기도 광주시 곤지암읍 곤지암로50번길 18</소재지>
<주음식>소머리국밥</주음식>
<연락처>031-763-1949</연락처>
<데이터기준일자>2019-05-03</데이터기준일자>
</Row>
<Row>
<연번>12</연번>
<상호명>퇴촌왕갈비</상호명>
<소재지>경기도 광주시 퇴촌면 천진암로522번길 2</소재지>
<주음식>갈비</주음식>
<연락처>031-766-7883</연락처>
<데이터기준일자>2019-05-03</데이터기준일자>
</Row>
<Row>
<연번>13</연번>
<상호명>안의종가집</상호명>
<소재지>경기도 광주시 이배재로 461 (목현동)</소재지>
<주음식>보리밥. 추어탕</주음식>
<연락처>031-765-0942</연락처>
<데이터기준일자>2019-05-03</데이터기준일자>
</Row>
<Row>
<연번>14</연번>
<상호명>산마루공원</상호명>
<소재지>경기도 광주시 퇴촌면 천진암로 724</소재지>
<주음식>고기류</주음식>
<연락처>031-768-3031</연락처>
<데이터기준일자>2019-05-03</데이터기준일자>
</Row>
<Row>
<연번>15</연번>
<상호명>오포송어횟집</상호명>
<소재지>경기도 광주시 오포읍 오포로 876</소재지>
<주음식>회</주음식>
<연락처>031-765-3780</연락처>
<데이터기준일자>2019-05-03</데이터기준일자>
</Row>
<Row>
<연번>16</연번>
<상호명>쇠뫼기</상호명>
<소재지>경기도 광주시 퇴촌면 정영로 580-3</소재지>
<주음식>전통음식 청국장</주음식>
<연락처>031-767-9852</연락처>
<데이터기준일자>2019-05-03</데이터기준일자>
</Row>
<Row>
<연번>17</연번>
<상호명>천현한우촌</상호명>
<소재지>경기도 광주시 초월읍 무갑길 68</소재지>
<주음식>고기류</주음식>
<연락처>031-763-5762</연락처>
<데이터기준일자>2019-05-03</데이터기준일자>
</Row>
<Row>
<연번>18</연번>
<상호명>동래복국</상호명>
<소재지>경기도 광주시 오포읍 신현로 8 (,8호)</소재지>
<주음식>복요리</주음식>
<연락처>031-718-8438</연락처>
<데이터기준일자>2019-05-03</데이터기준일자>
</Row>
<Row>
<연번>19</연번>
<상호명>내고향숯불갈비</상호명>
<소재지>경기도 광주시 초월읍 산수로 580, 1층 (B동)</소재지>
<주음식>고기류</주음식>
<연락처>031-762-2121</연락처>
<데이터기준일자>2019-05-03</데이터기준일자>
</Row>
<Row>
<연번>20</연번>
<상호명>하나정</상호명>
<소재지>경기도 광주시 곤지암읍 경충대로 851</소재지>
<주음식>순대</주음식>
<연락처>031-769-3500</연락처>
<데이터기준일자>2019-05-03</데이터기준일자>
</Row>
<Row>
<연번>21</연번>
<상호명>무봉리토종순대국</상호명>
<소재지>경기도 광주시 오포읍 오포로 518</소재지>
<주음식>순대국</주음식>
<연락처>031-766-0474</연락처>
<데이터기준일자>2019-05-03</데이터기준일자>
</Row>
<Row>
<연번>22</연번>
<상호명>강남300CC점 클럽하우스</상호명>
<소재지>경기도 광주시 새말길 353, 2층 (목동)</소재지>
<주음식>한식</주음식>
<연락처>031-719-0300</연락처>
<데이터기준일자>2019-05-03</데이터기준일자>
</Row>
<Row>
<연번>23</연번>
<상호명>강천장어</상호명>
<소재지>경기도 광주시 오포읍 새말길 262</소재지>
<주음식>장어</주음식>
<연락처>031-718-7662</연락처>
<데이터기준일자>2019-05-03</데이터기준일자>
</Row>
<Row>
<연번>24</연번>
<상호명>마이스터심슨부대찌개</상호명>
<소재지>경기도 광주시 순암로 300 (중대동)</소재지>
<주음식>부대찌개</주음식>
<연락처>031-761-0880</연락처>
<데이터기준일자>2019-05-03</데이터기준일자>
</Row>
<Row>
<연번>25</연번>
<상호명>본가소머리국밥</상호명>
<소재지>경기도 광주시 곤지암읍 경충대로 540</소재지>
<주음식>소머리국밥</주음식>
<연락처>031-764-6155</연락처>
<데이터기준일자>2019-05-03</데이터기준일자>
</Row>
<Row>
<연번>26</연번>
<상호명>상아궁</상호명>
<소재지>경기도 광주시 남한산성면 남한산성로 749</소재지>
<주음식>한정식</주음식>
<연락처>031-744-0607</연락처>
<데이터기준일자>2019-05-03</데이터기준일자>
</Row>
<Row>
<연번>27</연번>
<상호명>거궁</상호명>
<소재지>경기도 광주시 초월읍 경충대로 1362</소재지>
<주음식>한정식</주음식>
<연락처>031-768-4007</연락처>
<데이터기준일자>2019-05-03</데이터기준일자>
</Row>
<Row>
<연번>28</연번>
<상호명>사랑방소머리국밥</상호명>
<소재지>경기도 광주시 곤지암읍 경충대로 625</소재지>
<주음식>소머리국밥</주음식>
<연락처>031-762-5680</연락처>
<데이터기준일자>2019-05-03</데이터기준일자>
</Row>
<Row>
<연번>29</연번>
<상호명>흙토담골</상호명>
<소재지>경기도 광주시 퇴촌면 석둔길 3 (,외 1필지)</소재지>
<주음식>한정식</주음식>
<연락처>031-767-2856</연락처>
<데이터기준일자>2019-05-03</데이터기준일자>
</Row>
<Row>
<연번>30</연번>
<상호명>송악추어탕</상호명>
<소재지>경기도 광주시 오포읍 신현로 4</소재지>
<주음식>추어탕</주음식>
<연락처>031-718-3839</연락처>
<데이터기준일자>2019-05-03</데이터기준일자>
</Row>
<Row>
<연번>31</연번>
<상호명>한계령</상호명>
<소재지>경기도 광주시 오포읍 회안대로71번길 13</소재지>
<주음식>식육</주음식>
<연락처>031-768-6640</연락처>
<데이터기준일자>2019-05-03</데이터기준일자>
</Row>
<Row>
<연번>32</연번>
<상호명>감미옥</상호명>
<소재지>경기도 광주시 문화로 3-1 (역동)</소재지>
<주음식>찌개</주음식>
<연락처>031-768-0015</연락처>
<데이터기준일자>2019-05-03</데이터기준일자>
</Row>
<Row>
<연번>33</연번>
<상호명>고향매운탕</상호명>
<소재지>경기도 광주시 남종면 산수로 1686, 2~4층</소재지>
<주음식>매운탕</주음식>
<연락처>031-767-9693</연락처>
<데이터기준일자>2019-05-03</데이터기준일자>
</Row>
<Row>
<연번>34</연번>
<상호명>송탄이정부대찌개</상호명>
<소재지>경기도 광주시 오포읍 새말길 25</소재지>
<주음식>부대찌개</주음식>
<연락처>031-726-3109</연락처>
<데이터기준일자>2019-05-03</데이터기준일자>
</Row>
<Row>
<연번>35</연번>
<상호명>장지골메기매운탕</상호명>
<소재지>경기도 광주시 장지7길 9-21 (장지동)</소재지>
<주음식>매운탕</주음식>
<연락처>031-769-9935</연락처>
<데이터기준일자>2019-05-03</데이터기준일자>
</Row>
<Row>
<연번>36</연번>
<상호명>가원</상호명>
<소재지>경기도 광주시 퇴촌면 천진암로 536</소재지>
<주음식>한정식</주음식>
<연락처>031-767-9997</연락처>
<데이터기준일자>2019-05-03</데이터기준일자>
</Row>
<Row>
<연번>37</연번>
<상호명>할매순대국</상호명>
<소재지>경기도 광주시 곤지암읍 곤지암로 70-40</소재지>
<주음식>순대국. 감자탕</주음식>
<연락처>031-763-2604</연락처>
<데이터기준일자>2019-05-03</데이터기준일자>
</Row>
<Row>
<연번>38</연번>
<상호명>장지리가마솥해장국</상호명>
<소재지>경기도 광주시 순암로 150 (중대동)</소재지>
<주음식>해장국</주음식>
<연락처>031-763-8386</연락처>
<데이터기준일자>2019-05-03</데이터기준일자>
</Row>
<Row>
<연번>39</연번>
<상호명>BBQ카페 곤지암리조트점</상호명>
<소재지>경기도 광주시 도척면 도척윗로 278 (곤지암리조트 스키장지구)</소재지>
<주음식>치킨, 피자, 파스타</주음식>
<연락처>031-8026-5520</연락처>
<데이터기준일자>2019-05-03</데이터기준일자>
</Row>
<Row>
<연번>40</연번>
<상호명>담하</상호명>
<소재지>경기도 광주시 도척면 도척윗로 278 (곤지암리조트 스키장지구)</소재지>
<주음식>꼬막 돌솥비빔밥, 은이버섯 갈비탕</주음식>
<연락처>031-8026-5126</연락처>
<데이터기준일자>2019-05-03</데이터기준일자>
</Row>
<Row>
<연번>41</연번>
<상호명>수와연</상호명>
<소재지>경기도 광주시 남종면 산수로 1680 (,255-1)</소재지>
<주음식>산야초마늘밥</주음식>
<연락처>031-768-6446</연락처>
<데이터기준일자>2019-05-03</데이터기준일자>
</Row>
<Row>
<연번>42</연번>
<상호명>라그로타</상호명>
<소재지>경기도 광주시 도척면 도척윗로 278 (곤지암리조트 스키장지구)</소재지>
<주음식>스테이크</주음식>
<연락처>031-8026-5021</연락처>
<데이터기준일자>2019-05-03</데이터기준일자>
</Row>
<Row>
<연번>43</연번>
<상호명>KOKIIN GALLERY</상호명>
<소재지>경기도 광주시 초월읍 설월길 8</소재지>
<주음식>고기류</주음식>
<연락처>031-765-1220</연락처>
<데이터기준일자>2019-05-03</데이터기준일자>
</Row>
<Row>
<연번>44</연번>
<상호명>기와집의정부부대찌개</상호명>
<소재지>경기도 광주시 초월읍 산수로 576</소재지>
<주음식>부대찌개</주음식>
<연락처>031-7633-292</연락처>
<데이터기준일자>2019-05-03</데이터기준일자>
</Row>
<Row>
<연번>45</연번>
<상호명>해신</상호명>
<소재지>경기도 광주시 초월읍 경충대로 1014</소재지>
<주음식>해물탕</주음식>
<연락처>031-766-3358</연락처>
<데이터기준일자>2019-05-03</데이터기준일자>
</Row>
<Row>
<연번>46</연번>
<상호명>한마당</상호명>
<소재지>경기도 광주시 남한산성면 남한산성로792번길 17-1</소재지>
<주음식>한정식</주음식>
<연락처>031-743-6602</연락처>
<데이터기준일자>2019-05-03</데이터기준일자>
</Row>
<Row>
<연번>47</연번>
<상호명>이로재</상호명>
<소재지>경기도 광주시 남한산성면 엄미길 72-38</소재지>
<주음식>오리백숙, 수육</주음식>
<연락처>031-797-5262</연락처>
<데이터기준일자>2019-05-03</데이터기준일자>
</Row>
<Row>
<연번>48</연번>
<상호명>가나안농장한우</상호명>
<소재지>경기도 광주시 도척면 도척로 641</소재지>
<주음식>한우</주음식>
<연락처>031-768-4717</연락처>
<데이터기준일자>2019-05-03</데이터기준일자>
</Row>
<Row>
<연번>49</연번>
<상호명>친환경쌈밥</상호명>
<소재지>경기도 광주시 곤지암읍 경충대로 731, 2층</소재지>
<주음식>쌈밥</주음식>
<연락처>031-798-8389</연락처>
<데이터기준일자>2019-05-03</데이터기준일자>
</Row>
<Row>
<연번>50</연번>
<상호명>정상휴게소(Cafe on Top)</상호명>
<소재지>경기도 광주시 도척면 도척윗로 278, 1층</소재지>
<주음식>어묵, 꼬치, 커피</주음식>
<연락처>031-8026-5012</연락처>
<데이터기준일자>2019-05-03</데이터기준일자>
</Row>
<Row>
<연번>51</연번>
<상호명>나물숲향기</상호명>
<소재지>경기도 광주시 오포읍 상태길 11</소재지>
<주음식>곤드레밥</주음식>
<연락처>031-726-3877</연락처>
<데이터기준일자>2019-05-03</데이터기준일자>
</Row>
<Row>
<연번>52</연번>
<상호명>능골한우가</상호명>
<소재지>경기도 광주시 오포읍 오포로 147, 2층</소재지>
<주음식>고기류, 갈비탕</주음식>
<연락처>031-797-0255</연락처>
<데이터기준일자>2019-05-03</데이터기준일자>
</Row>
<Row>
<연번>53</연번>
<상호명>천덕봉삼계탕</상호명>
<소재지>경기도 광주시 도척면 도척윗로 278, 2층</소재지>
<주음식>삼계탕</주음식>
<연락처>031-8026-5540</연락처>
<데이터기준일자>2019-05-03</데이터기준일자>
</Row>
<Row>
<연번>54</연번>
<상호명>맛있는 발효밥상궁뜰</상호명>
<소재지>경기도 광주시 도척면 궁평하천길 38, 1층</소재지>
<주음식>한정식</주음식>
<연락처>031-766-0987</연락처>
<데이터기준일자>2019-05-03</데이터기준일자>
</Row>
<Row>
<연번>55</연번>
<상호명>해송</상호명>
<소재지>경기도 광주시 도척면 국사봉로 1, 1층</소재지>
<주음식>해물샤브</주음식>
<연락처>031-763-5982</연락처>
<데이터기준일자>2019-05-03</데이터기준일자>
</Row>
<Row>
<연번>56</연번>
<상호명>소풍</상호명>
<소재지>경기도 광주시 도척면 도척윗로 278, 2층 (곤지암리조트 내 스카디하우스, 2층)</소재지>
<주음식>냉모밀, 라멘, 초밥</주음식>
<연락처>031-8026-5540</연락처>
<데이터기준일자>2019-05-03</데이터기준일자>
</Row>
<Row>
<연번>57</연번>
<상호명>카페라운지</상호명>
<소재지>경기도 광주시 도척면 도척윗로 278, 1층 (곤지암리조트 콘도미니엄 WE빌리지콘도미니엄)</소재지>
<주음식>커피</주음식>
<연락처>031-8026-5580</연락처>
<데이터기준일자>2019-05-03</데이터기준일자>
</Row>
<Row>
<연번>58</연번>
<상호명>송유향</상호명>
<소재지>경기도 광주시 순암로 270, 2층 (중대동)</소재지>
<주음식>중식</주음식>
<연락처>031-765-1171</연락처>
<데이터기준일자>2019-05-03</데이터기준일자>
</Row>
<Row>
<연번>59</연번>
<상호명>찜했어!</상호명>
<소재지>경기도 광주시 태중로 20, 티큐브 2층 201호 (태전동)</소재지>
<주음식>해물탕</주음식>
<연락처>031-766-7756</연락처>
<데이터기준일자>2019-05-03</데이터기준일자>
</Row>
<Row>
<연번>60</연번>
<상호명>곤짬뽕</상호명>
<소재지>경기도 광주시 도척면 도척윗로 278, 스키하우스  2층</소재지>
<주음식>짬뽕</주음식>
<연락처>031-8026-5540</연락처>
<데이터기준일자>2019-05-03</데이터기준일자>
</Row>
</root>
