<?xml version="1.0" encoding="UTF-8"?>
<root>
<header>
<header>순번</header>
<header>업소명</header>
<header>소재지주소</header>
</header>
<Row>
<순번>1</순번>
<업소명>(주)송추가마골 하남미사점</업소명>
<소재지주소>경기도 하남시 미사대로 438, 2층 (망월동)</소재지주소>
</Row>
<Row>
<순번>2</순번>
<업소명>24시 전주명가 콩나물국밥</업소명>
<소재지주소>경기도 하남시 천현로 130, 1층 (천현동)</소재지주소>
</Row>
<Row>
<순번>3</순번>
<업소명>강계봉진막국수</업소명>
<소재지주소>경기도 하남시 하남대로 191, 1층 (상산곡동)</소재지주소>
</Row>
<Row>
<순번>4</순번>
<업소명>금강산 감자탕</업소명>
<소재지주소>경기도 하남시 천현로134번길 11 (천현동,(1층))</소재지주소>
</Row>
<Row>
<순번>5</순번>
<업소명>노적봉한정식</업소명>
<소재지주소>경기도 하남시 검단산로 226, 1,2층 (창우동)</소재지주소>
</Row>
<Row>
<순번>6</순번>
<업소명>대풍삼계탕</업소명>
<소재지주소>경기도 하남시 하남유니온로 30-1, 하남유시티대명루첸리버파크 상가동 지하1층 B18~24호 (신장동)</소재지주소>
</Row>
<Row>
<순번>7</순번>
<업소명>돈까스클럽</업소명>
<소재지주소>경기도 하남시 서하남로 458, 1층 (춘궁동)</소재지주소>
</Row>
<Row>
<순번>8</순번>
<업소명>동경주산채나물집</업소명>
<소재지주소>경기도 하남시 신장로 37, 1층 (천현동)</소재지주소>
</Row>
<Row>
<순번>9</순번>
<업소명>동인숯불민물장어</업소명>
<소재지주소>경기도 하남시 하남대로 713, 1,2층 (천현동)</소재지주소>
</Row>
<Row>
<순번>10</순번>
<업소명>동트락</업소명>
<소재지주소>경기도 하남시 하남대로 714-10, 2층 (천현동)</소재지주소>
</Row>
<Row>
<순번>11</순번>
<업소명>두메촌갈비</업소명>
<소재지주소>경기도 하남시 천현로 35, 1층 (신장동)</소재지주소>
</Row>
<Row>
<순번>12</순번>
<업소명>리버</업소명>
<소재지주소>경기도 하남시 미사동로 102-23, 1,2층 (미사동)</소재지주소>
</Row>
<Row>
<순번>13</순번>
<업소명>마방집</업소명>
<소재지주소>경기도 하남시 하남대로 674, 1층 (천현동)</소재지주소>
</Row>
<Row>
<순번>14</순번>
<업소명>맹박골 갈비예찬</업소명>
<소재지주소>경기도 하남시 하남대로 785 (신장동,(1,2,3층))</소재지주소>
</Row>
<Row>
<순번>15</순번>
<업소명>먹보한우 하남점</업소명>
<소재지주소>경기도 하남시 월호로 48-6, 1층 (덕풍동)</소재지주소>
</Row>
<Row>
<순번>16</순번>
<업소명>미사 생고기</업소명>
<소재지주소>경기도 하남시 미사강변북로30번안길 34, 1층 (망월동)</소재지주소>
</Row>
<Row>
<순번>17</순번>
<업소명>미사골</업소명>
<소재지주소>경기도 하남시 미사동로 58, 1층 (미사동)</소재지주소>
</Row>
<Row>
<순번>18</순번>
<업소명>미사리 남원추어탕 본점</업소명>
<소재지주소>경기도 하남시 검단산로 349-43, 1층 (창우동)</소재지주소>
</Row>
<Row>
<순번>19</순번>
<업소명>미사풍천장어</업소명>
<소재지주소>경기도 하남시 풍초로 6, 1층 (풍산동)</소재지주소>
</Row>
<Row>
<순번>20</순번>
<업소명>별을 담은 곤드레밥상</업소명>
<소재지주소>경기도 하남시 신평로168번길 35 (신장동,(1층))</소재지주소>
</Row>
<Row>
<순번>21</순번>
<업소명>봉평 막국수 칼국수</업소명>
<소재지주소>경기도 하남시 서하남로 503, 1,2층 (춘궁동)</소재지주소>
</Row>
<Row>
<순번>22</순번>
<업소명>서경일식</업소명>
<소재지주소>경기도 하남시 초광로 281 (초이동,2층)</소재지주소>
</Row>
<Row>
<순번>23</순번>
<업소명>셀렉더테이블 하남점</업소명>
<소재지주소>경기도 하남시 미사대로 750, 3층 (신장동, 스타필드하남 쇼핑센터)</소재지주소>
</Row>
<Row>
<순번>24</순번>
<업소명>소나무집</업소명>
<소재지주소>경기도 하남시 검단산로 342-13, 2,3층 (창우동)</소재지주소>
</Row>
<Row>
<순번>25</순번>
<업소명>소담골</업소명>
<소재지주소>경기도 하남시 대청로22번길 17, 2층 206호 (신장동)</소재지주소>
</Row>
<Row>
<순번>26</순번>
<업소명>소호정</업소명>
<소재지주소>경기도 하남시 미사대로 750, 스타필드 하남 지하1층 (신장동)</소재지주소>
</Row>
<Row>
<순번>27</순번>
<업소명>시골남원추어탕</업소명>
<소재지주소>경기도 하남시 서하남로 85-7, 2,3층 (감북동)</소재지주소>
</Row>
<Row>
<순번>28</순번>
<업소명>시골여행</업소명>
<소재지주소>경기도 하남시 미사강변중앙로 219, 205호 (망월동, LAKE HILL 레이크힐)</소재지주소>
</Row>
<Row>
<순번>29</순번>
<업소명>쌈쟁이</업소명>
<소재지주소>경기도 하남시 대청로 15, 207호 (신장동, 오피스텔트레벨)</소재지주소>
</Row>
<Row>
<순번>30</순번>
<업소명>쌍다리돼지불백 하남점</업소명>
<소재지주소>경기도 하남시 서하남로 120, 2층 (감일동)</소재지주소>
</Row>
<Row>
<순번>31</순번>
<업소명>아.빠.찜</업소명>
<소재지주소>경기도 하남시 월호로 60, 1층 (덕풍동)</소재지주소>
</Row>
<Row>
<순번>32</순번>
<업소명>아리수숯불갈비</업소명>
<소재지주소>경기도 하남시 대청로22번길 9-17, 1층 (신장동)</소재지주소>
</Row>
<Row>
<순번>33</순번>
<업소명>연남추어탕</업소명>
<소재지주소>경기도 하남시 천현로 84 (천현동,1층)</소재지주소>
</Row>
<Row>
<순번>34</순번>
<업소명>오늘</업소명>
<소재지주소>경기도 하남시 고골로262번길 178, 1층 (항동)</소재지주소>
</Row>
<Row>
<순번>35</순번>
<업소명>외딴집</업소명>
<소재지주소>경기도 하남시 초광로46번길 33-19, 지하1, 지상1층 (광암동)</소재지주소>
</Row>
<Row>
<순번>36</순번>
<업소명>자니로켓</업소명>
<소재지주소>경기도 하남시 미사대로 750, 3층 (신장동, 스타필드하남 쇼핑센터)</소재지주소>
</Row>
<Row>
<순번>37</순번>
<업소명>자올</업소명>
<소재지주소>경기도 하남시 산곡동로 35, 1, 지층 (하산곡동)</소재지주소>
</Row>
<Row>
<순번>38</순번>
<업소명>장어의 꿈</업소명>
<소재지주소>경기도 하남시 서하남로 15, 1,2층 (감북동)</소재지주소>
</Row>
<Row>
<순번>39</순번>
<업소명>짬뽕타임 하남점</업소명>
<소재지주소>경기도 하남시 대성로 159, 1층 (춘궁동)</소재지주소>
</Row>
<Row>
<순번>40</순번>
<업소명>참숯화로왕갈비</업소명>
<소재지주소>경기도 하남시 검단산로218번길 15, 1층 (창우동)</소재지주소>
</Row>
<Row>
<순번>41</순번>
<업소명>청솔</업소명>
<소재지주소>경기도 하남시 하남대로 43, 1,2층 (상산곡동)</소재지주소>
</Row>
<Row>
<순번>42</순번>
<업소명>청송갈비한마당</업소명>
<소재지주소>경기도 하남시 신평로 65, 2층 (신장동)</소재지주소>
</Row>
<Row>
<순번>43</순번>
<업소명>쿠우쿠우(하남점)</업소명>
<소재지주소>경기도 하남시 대청로 33, 8층 (신장동, 현대베스코아빌딩)</소재지주소>
</Row>
<Row>
<순번>44</순번>
<업소명>탈방막국수닭갈비</업소명>
<소재지주소>경기도 하남시 하남대로776번길 49, 1층 (신장동)</소재지주소>
</Row>
<Row>
<순번>45</순번>
<업소명>탐라은갈치</업소명>
<소재지주소>경기도 하남시 서하남로390번길 17, 1,2층 (춘궁동, A동)</소재지주소>
</Row>
<Row>
<순번>46</순번>
<업소명>팔당원조칼제비칼국수</업소명>
<소재지주소>경기도 하남시 검단산로 348, 2층 (창우동)</소재지주소>
</Row>
<Row>
<순번>47</순번>
<업소명>평안도 찹쌀순대</업소명>
<소재지주소>경기도 하남시 대성로 159, 1층 (춘궁동)</소재지주소>
</Row>
<Row>
<순번>48</순번>
<업소명>평양면옥</업소명>
<소재지주소>경기도 하남시 미사대로 750, 스타필드 하남 지하1층 (신장동)</소재지주소>
</Row>
<Row>
<순번>49</순번>
<업소명>푸주옥</업소명>
<소재지주소>경기도 하남시 풍초로 8, 1,2층 (풍산동)</소재지주소>
</Row>
<Row>
<순번>50</순번>
<업소명>풍원장 미역국정찬</업소명>
<소재지주소>경기도 하남시 미사대로 750, 스타필드 하남 지하1층 (신장동)</소재지주소>
</Row>
<Row>
<순번>51</순번>
<업소명>풍천장어</업소명>
<소재지주소>경기도 하남시 서하남로390번길 22 (춘궁동)</소재지주소>
</Row>
<Row>
<순번>52</순번>
<업소명>하남골 흑염소요리 전문점</업소명>
<소재지주소>경기도 하남시 샘재로 20 (교산동,1층)</소재지주소>
</Row>
<Row>
<순번>53</순번>
<업소명>하남미소 명품한우</업소명>
<소재지주소>경기도 하남시 대청로 27, 2층 (신장동)</소재지주소>
</Row>
<Row>
<순번>54</순번>
<업소명>한우1번지</업소명>
<소재지주소>경기도 하남시 미사대로 680, 1,2층 (신장동)</소재지주소>
</Row>
<Row>
<순번>55</순번>
<업소명>한우리 하남점</업소명>
<소재지주소>경기도 하남시 미사대로 750, 스타필드 하남 지하1층 (신장동)</소재지주소>
</Row>
<Row>
<순번>56</순번>
<업소명>한채당</업소명>
<소재지주소>경기도 하남시 미사동로 38, 1~2층 (미사동)</소재지주소>
</Row>
<Row>
<순번>57</순번>
<업소명>훈장골</업소명>
<소재지주소>경기도 하남시 신평로 162, 2층 (신장동)</소재지주소>
</Row>
</root>
