<?xml version="1.0" encoding="UTF-8"?>
<root>
<header>
<header>업소명</header>
<header>소재지도로명주소</header>
<header>소재지지번주소</header>
<header>위도</header>
<header>경도</header>
<header>업체연락처</header>
<header>음식의유형</header>
<header>주된음식</header>
<header>관리기관명</header>
<header>관리기관전화번호</header>
<header>데이터기준일자</header>
</header>
<Row>
<업소명>강릉횟집</업소명>
<소재지도로명주소>경기도 동두천시 중앙로 110-13 (지행동,개림프라자 201호,202호)</소재지도로명주소>
<소재지지번주소>경기도 동두천시 지행동 719-1번지 개림프라자 201호,202호</소재지지번주소>
<위도>37.891399</위도>
<경도>127.053023</경도>
<업체연락처>031-861-9700</업체연락처>
<음식의유형>일식</음식의유형>
<주된음식>회</주된음식>
<관리기관명>동두천시 농업축산위생과</관리기관명>
<관리기관전화번호>031-860-2234</관리기관전화번호>
<데이터기준일자>2019-06-30</데이터기준일자>
</Row>
<Row>
<업소명>그집순대국</업소명>
<소재지도로명주소>경기도 동두천시 장고갯로 123 (생연동)</소재지도로명주소>
<소재지지번주소>경기도 동두천시 생연동 227-2번지</소재지지번주소>
<위도>37.905986</위도>
<경도>127.064219</경도>
<업체연락처>031-863-2254</업체연락처>
<음식의유형>한식</음식의유형>
<주된음식>순대국</주된음식>
<관리기관명>동두천시 농업축산위생과</관리기관명>
<관리기관전화번호>031-860-2234</관리기관전화번호>
<데이터기준일자>2019-06-30</데이터기준일자>
</Row>
<Row>
<업소명>대호숯불갈비</업소명>
<소재지도로명주소>경기도 동두천시 중앙로265번길 19 (생연동)</소재지도로명주소>
<소재지지번주소>경기도 동두천시 생연동 659-32번지</소재지지번주소>
<위도>37.905245</위도>
<경도>127.052698</경도>
<업체연락처>031-868-0092</업체연락처>
<음식의유형>한식</음식의유형>
<주된음식>돼지갈비,불고기</주된음식>
<관리기관명>동두천시 농업축산위생과</관리기관명>
<관리기관전화번호>031-860-2234</관리기관전화번호>
<데이터기준일자>2019-06-30</데이터기준일자>
</Row>
<Row>
<업소명>동동갈비</업소명>
<소재지도로명주소>경기도 동두천시 어수로101번길 13 (생연동)</소재지도로명주소>
<소재지지번주소>경기도 동두천시 생연동 670-3번지</소재지지번주소>
<위도>37.902966</위도>
<경도>127.053807</경도>
<업체연락처>031-864-3093</업체연락처>
<음식의유형>한식</음식의유형>
<주된음식>돼지갈비</주된음식>
<관리기관명>동두천시 농업축산위생과</관리기관명>
<관리기관전화번호>031-860-2234</관리기관전화번호>
<데이터기준일자>2019-06-30</데이터기준일자>
</Row>
<Row>
<업소명>마티스</업소명>
<소재지도로명주소>경기도 동두천시 평화로 2546, 본동 2층호 (보산동,새마을금고)</소재지도로명주소>
<소재지지번주소>경기도 동두천시 보산동 365-4번지 새마을금고 본동 2층호</소재지지번주소>
<위도>37.915089</위도>
<경도>127.057781</경도>
<업체연락처>031-862-0255</업체연락처>
<음식의유형>경양식</음식의유형>
<주된음식>스테이크,바베큐,파스타</주된음식>
<관리기관명>동두천시 농업축산위생과</관리기관명>
<관리기관전화번호>031-860-2234</관리기관전화번호>
<데이터기준일자>2019-06-30</데이터기준일자>
</Row>
<Row>
<업소명>삼복식당</업소명>
<소재지도로명주소>경기도 동두천시 동광로 47-9 (생연동)</소재지도로명주소>
<소재지지번주소>경기도 동두천시 생연동 583-22번지</소재지지번주소>
<위도>37.908999</위도>
<경도>127.053481</경도>
<업체연락처>031-865-2130</업체연락처>
<음식의유형>일식</음식의유형>
<주된음식>회,매운탕</주된음식>
<관리기관명>동두천시 농업축산위생과</관리기관명>
<관리기관전화번호>031-860-2234</관리기관전화번호>
<데이터기준일자>2019-06-30</데이터기준일자>
</Row>
<Row>
<업소명>생연칼국수</업소명>
<소재지도로명주소>경기도 동두천시 생연로 124, 1층 (생연동)</소재지도로명주소>
<소재지지번주소>경기도 동두천시 생연동 823-188번지 1층</소재지지번주소>
<위도>37.903541</위도>
<경도>127.051389</경도>
<업체연락처>031-865-2011</업체연락처>
<음식의유형>한식</음식의유형>
<주된음식>삼계탕,칼국수</주된음식>
<관리기관명>동두천시 농업축산위생과</관리기관명>
<관리기관전화번호>031-860-2234</관리기관전화번호>
<데이터기준일자>2019-06-30</데이터기준일자>
</Row>
<Row>
<업소명>송내별미식당</업소명>
<소재지도로명주소>경기도 동두천시 중앙로 116, 본동 204호 (지행동,두손프라자)</소재지도로명주소>
<소재지지번주소>경기도 동두천시 지행동 718-1번지 두손프라자 본동 204호</소재지지번주소>
<위도>37.891765</위도>
<경도>127.052507</경도>
<업체연락처>031-859-3785</업체연락처>
<음식의유형>한식</음식의유형>
<주된음식>찜류</주된음식>
<관리기관명>동두천시 농업축산위생과</관리기관명>
<관리기관전화번호>031-860-2234</관리기관전화번호>
<데이터기준일자>2019-06-30</데이터기준일자>
</Row>
<Row>
<업소명>송내실비집</업소명>
<소재지도로명주소>경기도 동두천시 중앙로 112, 본동 205호 (지행동,메인프라자)</소재지도로명주소>
<소재지지번주소>경기도 동두천시 지행동 718번지 메인프라자 본동 205호</소재지지번주소>
<위도>37.891467</위도>
<경도>127.052499</경도>
<업체연락처>031-857-6006</업체연락처>
<음식의유형>한식</음식의유형>
<주된음식>부대찌게</주된음식>
<관리기관명>동두천시 농업축산위생과</관리기관명>
<관리기관전화번호>031-860-2234</관리기관전화번호>
<데이터기준일자>2019-06-30</데이터기준일자>
</Row>
<Row>
<업소명>아리랑갈비(주하늘)</업소명>
<소재지도로명주소>동두천시 평화로2261번길 36 (지행동)</소재지도로명주소>
<소재지지번주소>경기도 동두천시 지행동 736-2번지</소재지지번주소>
<위도>37.890798</위도>
<경도>127.056612</경도>
<업체연락처>031-868-2435</업체연락처>
<음식의유형>한식</음식의유형>
<주된음식>소갈비, 돼지갈비,갈비탕</주된음식>
<관리기관명>동두천시 농업축산위생과</관리기관명>
<관리기관전화번호>031-860-2234</관리기관전화번호>
<데이터기준일자>2019-06-30</데이터기준일자>
</Row>
<Row>
<업소명>약수산장</업소명>
<소재지도로명주소>동두천시 천보산로 619 (탑동동)</소재지도로명주소>
<소재지지번주소>경기도 동두천시 탑동동 867번지</소재지지번주소>
<위도>37.884539</위도>
<경도>127.092558</경도>
<업체연락처>031-867-3341</업체연락처>
<음식의유형>한식</음식의유형>
<주된음식>오리주물럭, 동태탕</주된음식>
<관리기관명>동두천시 농업축산위생과</관리기관명>
<관리기관전화번호>031-860-2234</관리기관전화번호>
<데이터기준일자>2019-06-30</데이터기준일자>
</Row>
<Row>
<업소명>오륙하우스</업소명>
<소재지도로명주소>경기도 동두천시 상패로 210-9 (보산동)</소재지도로명주소>
<소재지지번주소>경기도 동두천시 보산동 431-11번지</소재지지번주소>
<위도>37.917297</위도>
<경도>127.055569</경도>
<업체연락처>031-865-3556</업체연락처>
<음식의유형>경양식</음식의유형>
<주된음식>스파게티,스테이크</주된음식>
<관리기관명>동두천시 농업축산위생과</관리기관명>
<관리기관전화번호>031-860-2234</관리기관전화번호>
<데이터기준일자>2019-06-30</데이터기준일자>
</Row>
<Row>
<업소명>유경장작구이</업소명>
<소재지도로명주소>경기도 동두천시 평화로2910번길 10 (상봉암동,외 1필지)</소재지도로명주소>
<소재지지번주소>경기도 동두천시 상봉암동 140-9번지 외 1필지</소재지지번주소>
<위도>37.945917</위도>
<경도>127.061757</경도>
<업체연락처>031-865-5292</업체연락처>
<음식의유형>한식</음식의유형>
<주된음식>오리</주된음식>
<관리기관명>동두천시 농업축산위생과</관리기관명>
<관리기관전화번호>031-860-2234</관리기관전화번호>
<데이터기준일자>2019-06-30</데이터기준일자>
</Row>
<Row>
<업소명>작은성</업소명>
<소재지도로명주소>경기도 동두천시 평화로2910번길 76 (상봉암동)</소재지도로명주소>
<소재지지번주소>경기도 동두천시 상봉암동 10-2번지</소재지지번주소>
<위도>37.945676</위도>
<경도>127.065481</경도>
<업체연락처>031-867-1551</업체연락처>
<음식의유형>한식</음식의유형>
<주된음식>한식</주된음식>
<관리기관명>동두천시 농업축산위생과</관리기관명>
<관리기관전화번호>031-860-2234</관리기관전화번호>
<데이터기준일자>2019-06-30</데이터기준일자>
</Row>
<Row>
<업소명>평남면옥</업소명>
<소재지도로명주소>경기도 동두천시 생연로 127 (생연동)</소재지도로명주소>
<소재지지번주소>경기도 동두천시 생연동 824-28번지</소재지지번주소>
<위도>37.903908</위도>
<경도>127.051123</경도>
<업체연락처>031-865-2413</업체연락처>
<음식의유형>한식</음식의유형>
<주된음식>냉면</주된음식>
<관리기관명>동두천시 농업축산위생과</관리기관명>
<관리기관전화번호>031-860-2234</관리기관전화번호>
<데이터기준일자>2019-06-30</데이터기준일자>
</Row>
<Row>
<업소명>형제불고기</업소명>
<소재지도로명주소>경기도 동두천시 정장로 11-12 (생연동)</소재지도로명주소>
<소재지지번주소>경기도 동두천시 생연동 823-1번지</소재지지번주소>
<위도>37.905179</위도>
<경도>127.052233</경도>
<업체연락처>031-865-2021</업체연락처>
<음식의유형>한식</음식의유형>
<주된음식>불고기</주된음식>
<관리기관명>동두천시 농업축산위생과</관리기관명>
<관리기관전화번호>031-860-2234</관리기관전화번호>
<데이터기준일자>2019-06-30</데이터기준일자>
</Row>
<Row>
<업소명>소요산맛드림정육식당</업소명>
<소재지도로명주소>경기도 동두천시 평화로2910번길 30, 소요산 축산물 브랜드육타운 1층 (상봉암동)</소재지도로명주소>
<소재지지번주소>경기도 동두천시 상봉암동 10-4번지 소요산축산물브랜드육타운 1층</소재지지번주소>
<위도>37.945838</위도>
<경도>127.064431</경도>
<업체연락처>031-857-6600</업체연락처>
<음식의유형>한식</음식의유형>
<주된음식>갈비탕, 육회, 전골</주된음식>
<관리기관명>동두천시 농업축산위생과</관리기관명>
<관리기관전화번호>031-860-2234</관리기관전화번호>
<데이터기준일자>2019-06-30</데이터기준일자>
</Row>
<Row>
<업소명>참좋은미식</업소명>
<소재지도로명주소>경기도 동두천시 신천로231번길 35-11 (안흥동)</소재지도로명주소>
<소재지지번주소>경기도 동두천시 안흥동 19번지</소재지지번주소>
<위도>37.937281</위도>
<경도>127.046292</경도>
<업체연락처>031-862-6976</업체연락처>
<음식의유형>한식</음식의유형>
<주된음식>쌈밥</주된음식>
<관리기관명>동두천시 농업축산위생과</관리기관명>
<관리기관전화번호>031-860-2234</관리기관전화번호>
<데이터기준일자>2019-06-30</데이터기준일자>
</Row>
<Row>
<업소명>대기철판요리</업소명>
<소재지도로명주소>경기도 동두천시 동광로53번길 72 (생연동)</소재지도로명주소>
<소재지지번주소>경기도 동두천시 생연동 570-37번지</소재지지번주소>
<위도>37.911698</위도>
<경도>127.055196</경도>
<업체연락처>031-858-7852</업체연락처>
<음식의유형>양식</음식의유형>
<주된음식>철판요리</주된음식>
<관리기관명>동두천시 농업축산위생과</관리기관명>
<관리기관전화번호>031-860-2234</관리기관전화번호>
<데이터기준일자>2019-06-30</데이터기준일자>
</Row>
</root>
